timestamp,value
2018-12-09T00:00:00Z,24168.0
2018-12-09T00:05:00Z,53466.0
2018-12-09T00:10:00Z,17724.0
2018-12-09T00:15:00Z,8355.0
2018-12-09T00:20:00Z,6788.0
2018-12-09T00:25:00Z,5618.0
2018-12-09T00:30:00Z,7001.0
2018-12-09T00:35:00Z,6531.0
2018-12-09T00:40:00Z,5532.0
2018-12-09T00:45:00Z,4495.0
2018-12-09T00:50:00Z,6212.0
2018-12-09T00:55:00Z,5662.0
2018-12-09T01:00:00Z,7264.0
2018-12-09T01:05:00Z,4847.0
2018-12-09T01:10:00Z,6513.0
2018-12-09T01:15:00Z,6576.0
2018-12-09T01:20:00Z,5336.0
2018-12-09T01:25:00Z,5139.0
2018-12-09T01:30:00Z,5355.0
2018-12-09T01:35:00Z,5824.0
2018-12-09T01:40:00Z,5522.0
2018-12-09T01:45:00Z,5393.0
2018-12-09T01:50:00Z,3257.0
2018-12-09T01:55:00Z,5667.0
2018-12-09T02:00:00Z,7181.0
2018-12-09T02:05:00Z,8847.0
2018-12-09T02:10:00Z,6044.0
2018-12-09T02:15:00Z,4965.0
2018-12-09T02:20:00Z,4360.0
2018-12-09T02:25:00Z,5245.0
2018-12-09T02:30:00Z,5643.0
2018-12-09T02:35:00Z,4840.0
2018-12-09T02:40:00Z,4595.0
2018-12-09T02:45:00Z,3645.0
2018-12-09T02:50:00Z,5177.0
2018-12-09T02:55:00Z,4179.0
2018-12-09T03:00:00Z,5250.0
2018-12-09T03:05:00Z,4913.0
2018-12-09T03:10:00Z,6484.0
2018-12-09T03:15:00Z,7292.0
2018-12-09T03:20:00Z,4201.0
2018-12-09T03:25:00Z,5261.0
2018-12-09T03:30:00Z,6925.0
2018-12-09T03:35:00Z,4913.0
2018-12-09T03:40:00Z,4859.0
2018-12-09T03:45:00Z,4725.0
2018-12-09T03:50:00Z,3715.0
2018-12-09T03:55:00Z,7577.0
2018-12-09T04:00:00Z,35810.0
2018-12-09T04:05:00Z,53623.0
2018-12-09T04:10:00Z,9852.0
2018-12-09T04:15:00Z,9998.0
2018-12-09T04:20:00Z,5148.0
2018-12-09T04:25:00Z,4875.0
2018-12-09T04:30:00Z,4391.0
2018-12-09T04:35:00Z,4162.0
2018-12-09T04:40:00Z,3621.0
2018-12-09T04:45:00Z,3301.0
2018-12-09T04:50:00Z,3310.0
2018-12-09T04:55:00Z,3768.0
2018-12-09T05:00:00Z,4527.0
2018-12-09T05:05:00Z,4139.0
2018-12-09T05:10:00Z,5340.0
2018-12-09T05:15:00Z,6307.0
2018-12-09T05:20:00Z,5388.0
2018-12-09T05:25:00Z,5041.0
2018-12-09T05:30:00Z,5259.0
2018-12-09T05:35:00Z,3901.0
2018-12-09T05:40:00Z,4006.0
2018-12-09T05:45:00Z,4382.0
2018-12-09T05:50:00Z,4974.0
2018-12-09T05:55:00Z,4798.0
2018-12-09T06:00:00Z,4798.0
2018-12-09T06:05:00Z,5704.0
2018-12-09T06:10:00Z,4652.0
2018-12-09T06:15:00Z,4517.0
2018-12-09T06:20:00Z,3692.0
2018-12-09T06:25:00Z,3801.0
2018-12-09T06:30:00Z,4927.0
2018-12-09T06:35:00Z,3641.0
2018-12-09T06:40:00Z,3256.0
2018-12-09T06:45:00Z,3857.0
2018-12-09T06:50:00Z,3429.0
2018-12-09T06:55:00Z,3888.0
2018-12-09T07:00:00Z,5372.0
2018-12-09T07:05:00Z,3727.0
2018-12-09T07:10:00Z,3191.0
2018-12-09T07:15:00Z,5603.0
2018-12-09T07:20:00Z,3918.0
2018-12-09T07:25:00Z,2657.0
2018-12-09T07:30:00Z,5527.0
2018-12-09T07:35:00Z,4371.0
2018-12-09T07:40:00Z,2622.0
2018-12-09T07:45:00Z,3439.0
2018-12-09T07:50:00Z,3301.0
2018-12-09T07:55:00Z,3106.0
2018-12-09T08:00:00Z,15641.0
2018-12-09T08:05:00Z,42442.0
2018-12-09T08:10:00Z,15732.0
2018-12-09T08:15:00Z,6396.0
2018-12-09T08:20:00Z,5987.0
2018-12-09T08:25:00Z,4399.0
2018-12-09T08:30:00Z,3156.0
2018-12-09T08:35:00Z,2882.0
2018-12-09T08:40:00Z,2347.0
2018-12-09T08:45:00Z,2026.0
2018-12-09T08:50:00Z,2195.0
2018-12-09T08:55:00Z,2536.0
2018-12-09T09:00:00Z,2861.0
2018-12-09T09:05:00Z,4373.0
2018-12-09T09:10:00Z,2320.0
2018-12-09T09:15:00Z,2287.0
2018-12-09T09:20:00Z,1925.0
2018-12-09T09:25:00Z,2353.0
2018-12-09T09:30:00Z,2629.0
2018-12-09T09:35:00Z,1953.0
2018-12-09T09:40:00Z,1846.0
2018-12-09T09:45:00Z,2588.0
2018-12-09T09:50:00Z,2330.0
2018-12-09T09:55:00Z,2081.0
2018-12-09T10:00:00Z,2295.0
2018-12-09T10:05:00Z,5127.0
2018-12-09T10:10:00Z,2297.0
2018-12-09T10:15:00Z,2347.0
2018-12-09T10:20:00Z,2185.0
2018-12-09T10:25:00Z,2254.0
2018-12-09T10:30:00Z,2066.0
2018-12-09T10:35:00Z,2960.0
2018-12-09T10:40:00Z,1873.0
2018-12-09T10:45:00Z,1864.0
2018-12-09T10:50:00Z,2073.0
2018-12-09T10:55:00Z,1362.0
2018-12-09T11:00:00Z,1759.0
2018-12-09T11:05:00Z,3218.0
2018-12-09T11:10:00Z,3925.0
2018-12-09T11:15:00Z,2292.0
2018-12-09T11:20:00Z,4072.0
2018-12-09T11:25:00Z,4863.0
2018-12-09T11:30:00Z,2477.0
2018-12-09T11:35:00Z,2174.0
2018-12-09T11:40:00Z,2015.0
2018-12-09T11:45:00Z,1883.0
2018-12-09T11:50:00Z,1207.0
2018-12-09T11:55:00Z,3333.0
2018-12-09T12:00:00Z,26443.0
2018-12-09T12:05:00Z,53906.0
2018-12-09T12:10:00Z,12796.0
2018-12-09T12:15:00Z,2582.0
2018-12-09T12:20:00Z,3206.0
2018-12-09T12:25:00Z,2540.0
2018-12-09T12:30:00Z,2694.0
2018-12-09T12:35:00Z,2706.0
2018-12-09T12:40:00Z,2517.0
2018-12-09T12:45:00Z,2087.0
2018-12-09T12:50:00Z,2827.0
2018-12-09T12:55:00Z,2408.0
2018-12-09T13:00:00Z,2678.0
2018-12-09T13:05:00Z,3071.0
2018-12-09T13:10:00Z,2877.0
2018-12-09T13:15:00Z,2508.0
2018-12-09T13:20:00Z,2909.0
2018-12-09T13:25:00Z,3209.0
2018-12-09T13:30:00Z,2382.0
2018-12-09T13:35:00Z,2547.0
2018-12-09T13:40:00Z,2995.0
2018-12-09T13:45:00Z,2623.0
2018-12-09T13:50:00Z,4431.0
2018-12-09T13:55:00Z,3434.0
2018-12-09T14:00:00Z,4239.0
2018-12-09T14:05:00Z,4527.0
2018-12-09T14:10:00Z,3814.0
2018-12-09T14:15:00Z,4208.0
2018-12-09T14:20:00Z,4270.0
2018-12-09T14:25:00Z,4394.0
2018-12-09T14:30:00Z,4401.0
2018-12-09T14:35:00Z,3889.0
2018-12-09T14:40:00Z,5862.0
2018-12-09T14:45:00Z,3477.0
2018-12-09T14:50:00Z,3219.0
2018-12-09T14:55:00Z,3551.0
2018-12-09T15:00:00Z,4020.0
2018-12-09T15:05:00Z,4483.0
2018-12-09T15:10:00Z,6101.0
2018-12-09T15:15:00Z,5298.0
2018-12-09T15:20:00Z,4779.0
2018-12-09T15:25:00Z,9428.0
2018-12-09T15:30:00Z,7388.0
2018-12-09T15:35:00Z,4655.0
2018-12-09T15:40:00Z,4591.0
2018-12-09T15:45:00Z,5340.0
2018-12-09T15:50:00Z,3902.0
2018-12-09T15:55:00Z,4836.0
2018-12-09T16:00:00Z,20645.0
2018-12-09T16:05:00Z,48190.0
2018-12-09T16:10:00Z,16307.0
2018-12-09T16:15:00Z,9632.0
2018-12-09T16:20:00Z,5516.0
2018-12-09T16:25:00Z,6359.0
2018-12-09T16:30:00Z,5587.0
2018-12-09T16:35:00Z,7290.0
2018-12-09T16:40:00Z,6433.0
2018-12-09T16:45:00Z,6446.0
2018-12-09T16:50:00Z,5355.0
2018-12-09T16:55:00Z,5354.0
2018-12-09T17:00:00Z,6563.0
2018-12-09T17:05:00Z,7683.0
2018-12-09T17:10:00Z,8829.0
2018-12-09T17:15:00Z,9423.0
2018-12-09T17:20:00Z,8166.0
2018-12-09T17:25:00Z,6532.0
2018-12-09T17:30:00Z,8061.0
2018-12-09T17:35:00Z,6891.0
2018-12-09T17:40:00Z,6515.0
2018-12-09T17:45:00Z,8430.0
2018-12-09T17:50:00Z,8244.0
2018-12-09T17:55:00Z,6600.0
2018-12-09T18:00:00Z,7707.0
2018-12-09T18:05:00Z,7667.0
2018-12-09T18:10:00Z,7249.0
2018-12-09T18:15:00Z,8404.0
2018-12-09T18:20:00Z,7631.0
2018-12-09T18:25:00Z,8855.0
2018-12-09T18:30:00Z,8395.0
2018-12-09T18:35:00Z,8902.0
2018-12-09T18:40:00Z,9269.0
2018-12-09T18:45:00Z,7471.0
2018-12-09T18:50:00Z,7605.0
2018-12-09T18:55:00Z,7534.0
2018-12-09T19:00:00Z,8196.0
2018-12-09T19:05:00Z,10223.0
2018-12-09T19:10:00Z,8685.0
2018-12-09T19:15:00Z,14294.0
2018-12-09T19:20:00Z,10511.0
2018-12-09T19:25:00Z,9078.0
2018-12-09T19:30:00Z,9982.0
2018-12-09T19:35:00Z,8511.0
2018-12-09T19:40:00Z,9012.0
2018-12-09T19:45:00Z,9875.0
2018-12-09T19:50:00Z,10903.0
2018-12-09T19:55:00Z,11058.0
2018-12-09T20:00:00Z,26251.0
2018-12-09T20:05:00Z,44842.0
2018-12-09T20:10:00Z,36611.0
2018-12-09T20:15:00Z,18604.0
2018-12-09T20:20:00Z,11107.0
2018-12-09T20:25:00Z,9102.0
2018-12-09T20:30:00Z,8757.0
2018-12-09T20:35:00Z,6256.0
2018-12-09T20:40:00Z,7858.0
2018-12-09T20:45:00Z,5548.0
2018-12-09T20:50:00Z,7376.0
2018-12-09T20:55:00Z,6920.0
2018-12-09T21:00:00Z,8034.0
2018-12-09T21:05:00Z,8370.0
2018-12-09T21:10:00Z,7452.0
2018-12-09T21:15:00Z,9231.0
2018-12-09T21:20:00Z,9920.0
2018-12-09T21:25:00Z,9668.0
2018-12-09T21:30:00Z,9365.0
2018-12-09T21:35:00Z,7957.0
2018-12-09T21:40:00Z,10179.0
2018-12-09T21:45:00Z,8583.0
2018-12-09T21:50:00Z,7998.0
2018-12-09T21:55:00Z,8130.0
2018-12-09T22:00:00Z,11091.0
2018-12-09T22:05:00Z,16275.0
2018-12-09T22:10:00Z,10864.0
2018-12-09T22:15:00Z,11175.0
2018-12-09T22:20:00Z,9678.0
2018-12-09T22:25:00Z,8796.0
2018-12-09T22:30:00Z,11033.0
2018-12-09T22:35:00Z,9941.0
2018-12-09T22:40:00Z,9161.0
2018-12-09T22:45:00Z,8557.0
2018-12-09T22:50:00Z,9529.0
2018-12-09T22:55:00Z,10381.0
2018-12-09T23:00:00Z,10258.0
2018-12-09T23:05:00Z,11594.0
2018-12-09T23:10:00Z,9246.0
2018-12-09T23:15:00Z,12317.0
2018-12-09T23:20:00Z,17530.0
2018-12-09T23:25:00Z,9456.0
2018-12-09T23:30:00Z,8726.0
2018-12-09T23:35:00Z,8321.0
2018-12-09T23:40:00Z,10019.0
2018-12-09T23:45:00Z,10121.0
2018-12-09T23:50:00Z,10485.0
2018-12-09T23:55:00Z,11738.0
2018-12-10T00:00:00Z,21932.0
2018-12-10T00:05:00Z,58456.0
2018-12-10T00:10:00Z,40719.0
2018-12-10T00:15:00Z,18070.0
2018-12-10T00:20:00Z,14067.0
2018-12-10T00:25:00Z,9750.0
2018-12-10T00:30:00Z,10381.0
2018-12-10T00:35:00Z,10436.0
2018-12-10T00:40:00Z,9103.0
2018-12-10T00:45:00Z,11474.0
2018-12-10T00:50:00Z,11073.0
2018-12-10T00:55:00Z,9061.0
2018-12-10T01:00:00Z,9947.0
2018-12-10T01:05:00Z,11931.0
2018-12-10T01:10:00Z,9918.0
2018-12-10T01:15:00Z,9760.0
2018-12-10T01:20:00Z,12399.0
2018-12-10T01:25:00Z,12081.0
2018-12-10T01:30:00Z,11082.0
2018-12-10T01:35:00Z,11761.0
2018-12-10T01:40:00Z,10115.0
2018-12-10T01:45:00Z,10957.0
2018-12-10T01:50:00Z,11310.0
2018-12-10T01:55:00Z,11135.0
2018-12-10T02:00:00Z,12620.0
2018-12-10T02:05:00Z,14492.0
2018-12-10T02:10:00Z,14803.0
2018-12-10T02:15:00Z,13036.0
2018-12-10T02:20:00Z,15119.0
2018-12-10T02:25:00Z,11395.0
2018-12-10T02:30:00Z,11341.0
2018-12-10T02:35:00Z,12372.0
2018-12-10T02:40:00Z,12931.0
2018-12-10T02:45:00Z,11377.0
2018-12-10T02:50:00Z,10373.0
2018-12-10T02:55:00Z,11886.0
2018-12-10T03:00:00Z,11609.0
2018-12-10T03:05:00Z,13775.0
2018-12-10T03:10:00Z,10578.0
2018-12-10T03:15:00Z,10283.0
2018-12-10T03:20:00Z,13984.0
2018-12-10T03:25:00Z,12640.0
2018-12-10T03:30:00Z,11919.0
2018-12-10T03:35:00Z,11035.0
2018-12-10T03:40:00Z,10333.0
2018-12-10T03:45:00Z,11252.0
2018-12-10T03:50:00Z,12536.0
2018-12-10T03:55:00Z,11909.0
2018-12-10T04:00:00Z,29763.0
2018-12-10T04:05:00Z,59232.0
2018-12-10T04:10:00Z,28200.0
2018-12-10T04:15:00Z,13781.0
2018-12-10T04:20:00Z,11943.0
2018-12-10T04:25:00Z,12308.0
2018-12-10T04:30:00Z,10662.0
2018-12-10T04:35:00Z,12627.0
2018-12-10T04:40:00Z,12552.0
2018-12-10T04:45:00Z,14539.0
2018-12-10T04:50:00Z,14370.0
2018-12-10T04:55:00Z,13349.0
2018-12-10T05:00:00Z,14342.0
2018-12-10T05:05:00Z,15626.0
2018-12-10T05:10:00Z,14985.0
2018-12-10T05:15:00Z,14755.0
2018-12-10T05:20:00Z,13020.0
2018-12-10T05:25:00Z,13508.0
2018-12-10T05:30:00Z,13105.0
2018-12-10T05:35:00Z,14003.0
2018-12-10T05:40:00Z,17741.0
2018-12-10T05:45:00Z,15273.0
2018-12-10T05:50:00Z,14708.0
2018-12-10T05:55:00Z,13825.0
2018-12-10T06:00:00Z,13139.0
2018-12-10T06:05:00Z,15947.0
2018-12-10T06:10:00Z,16832.0
2018-12-10T06:15:00Z,15663.0
2018-12-10T06:20:00Z,13635.0
2018-12-10T06:25:00Z,15909.0
2018-12-10T06:30:00Z,13929.0
2018-12-10T06:35:00Z,11520.0
2018-12-10T06:40:00Z,13404.0
2018-12-10T06:45:00Z,13632.0
2018-12-10T06:50:00Z,13565.0
2018-12-10T06:55:00Z,11870.0
2018-12-10T07:00:00Z,11805.0
2018-12-10T07:05:00Z,11944.0
2018-12-10T07:10:00Z,14525.0
2018-12-10T07:15:00Z,11152.0
2018-12-10T07:20:00Z,11295.0
2018-12-10T07:25:00Z,15138.0
2018-12-10T07:30:00Z,12819.0
2018-12-10T07:35:00Z,9687.0
2018-12-10T07:40:00Z,9923.0
2018-12-10T07:45:00Z,9453.0
2018-12-10T07:50:00Z,8824.0
2018-12-10T07:55:00Z,7378.0
2018-12-10T08:00:00Z,30645.0
2018-12-10T08:05:00Z,38508.0
2018-12-10T08:10:00Z,28713.0
2018-12-10T08:15:00Z,12552.0
2018-12-10T08:20:00Z,9769.0
2018-12-10T08:25:00Z,9921.0
2018-12-10T08:30:00Z,9629.0
2018-12-10T08:35:00Z,11077.0
2018-12-10T08:40:00Z,9731.0
2018-12-10T08:45:00Z,9781.0
2018-12-10T08:50:00Z,8425.0
2018-12-10T08:55:00Z,9336.0
2018-12-10T09:00:00Z,8906.0
2018-12-10T09:05:00Z,10072.0
2018-12-10T09:10:00Z,8810.0
2018-12-10T09:15:00Z,9625.0
2018-12-10T09:20:00Z,9281.0
2018-12-10T09:25:00Z,8999.0
2018-12-10T09:30:00Z,9374.0
2018-12-10T09:35:00Z,10465.0
2018-12-10T09:40:00Z,8290.0
2018-12-10T09:45:00Z,8949.0
2018-12-10T09:50:00Z,10869.0
2018-12-10T09:55:00Z,10892.0
2018-12-10T10:00:00Z,9428.0
2018-12-10T10:05:00Z,11286.0
2018-12-10T10:10:00Z,8432.0
2018-12-10T10:15:00Z,8342.0
2018-12-10T10:20:00Z,8059.0
2018-12-10T10:25:00Z,6774.0
2018-12-10T10:30:00Z,9512.0
2018-12-10T10:35:00Z,8415.0
2018-12-10T10:40:00Z,10106.0
2018-12-10T10:45:00Z,9120.0
2018-12-10T10:50:00Z,7637.0
2018-12-10T10:55:00Z,7860.0
2018-12-10T11:00:00Z,11145.0
2018-12-10T11:05:00Z,9623.0
2018-12-10T11:10:00Z,8383.0
2018-12-10T11:15:00Z,12881.0
2018-12-10T11:20:00Z,10835.0
2018-12-10T11:25:00Z,10485.0
2018-12-10T11:30:00Z,11516.0
2018-12-10T11:35:00Z,10804.0
2018-12-10T11:40:00Z,10430.0
2018-12-10T11:45:00Z,13365.0
2018-12-10T11:50:00Z,15126.0
2018-12-10T11:55:00Z,16442.0
2018-12-10T12:00:00Z,27727.0
2018-12-10T12:05:00Z,49621.0
2018-12-10T12:10:00Z,19895.0
2018-12-10T12:15:00Z,11150.0
2018-12-10T12:20:00Z,12501.0
2018-12-10T12:25:00Z,10502.0
2018-12-10T12:30:00Z,9147.0
2018-12-10T12:35:00Z,10574.0
2018-12-10T12:40:00Z,8783.0
2018-12-10T12:45:00Z,9134.0
2018-12-10T12:50:00Z,13002.0
2018-12-10T12:55:00Z,11675.0
2018-12-10T13:00:00Z,12112.0
2018-12-10T13:05:00Z,10835.0
2018-12-10T13:10:00Z,13229.0
2018-12-10T13:15:00Z,13616.0
2018-12-10T13:20:00Z,13126.0
2018-12-10T13:25:00Z,11599.0
2018-12-10T13:30:00Z,12749.0
2018-12-10T13:35:00Z,12854.0
2018-12-10T13:40:00Z,16122.0
2018-12-10T13:45:00Z,15287.0
2018-12-10T13:50:00Z,16568.0
2018-12-10T13:55:00Z,17637.0
2018-12-10T14:00:00Z,16646.0
2018-12-10T14:05:00Z,22459.0
2018-12-10T14:10:00Z,23740.0
2018-12-10T14:15:00Z,18552.0
2018-12-10T14:20:00Z,19129.0
2018-12-10T14:25:00Z,20072.0
2018-12-10T14:30:00Z,20365.0
2018-12-10T14:35:00Z,22163.0
2018-12-10T14:40:00Z,21765.0
2018-12-10T14:45:00Z,23413.0
2018-12-10T14:50:00Z,23604.0
2018-12-10T14:55:00Z,22309.0
2018-12-10T15:00:00Z,25758.0
2018-12-10T15:05:00Z,27976.0
2018-12-10T15:10:00Z,30883.0
2018-12-10T15:15:00Z,26381.0
2018-12-10T15:20:00Z,28024.0
2018-12-10T15:25:00Z,24716.0
2018-12-10T15:30:00Z,27012.0
2018-12-10T15:35:00Z,32267.0
2018-12-10T15:40:00Z,28986.0
2018-12-10T15:45:00Z,30664.0
2018-12-10T15:50:00Z,30690.0
2018-12-10T15:55:00Z,34031.0
2018-12-10T16:00:00Z,43268.0
2018-12-10T16:05:00Z,58816.0
2018-12-10T16:10:00Z,55505.0
2018-12-10T16:15:00Z,39145.0
2018-12-10T16:20:00Z,39528.0
2018-12-10T16:25:00Z,39182.0
2018-12-10T16:30:00Z,41988.0
2018-12-10T16:35:00Z,42735.0
2018-12-10T16:40:00Z,49656.0
2018-12-10T16:45:00Z,47606.0
2018-12-10T16:50:00Z,47595.0
2018-12-10T16:55:00Z,50594.0
2018-12-10T17:00:00Z,53799.0
2018-12-10T17:05:00Z,52409.0
2018-12-10T17:10:00Z,54002.0
2018-12-10T17:15:00Z,57846.0
2018-12-10T17:20:00Z,59069.0
2018-12-10T17:25:00Z,60135.0
2018-12-10T17:30:00Z,63059.0
2018-12-10T17:35:00Z,65817.0
2018-12-10T17:40:00Z,59677.0
2018-12-10T17:45:00Z,64508.0
2018-12-10T17:50:00Z,68126.0
2018-12-10T17:55:00Z,70992.0
2018-12-10T18:00:00Z,66013.0
2018-12-10T18:05:00Z,65742.0
2018-12-10T18:10:00Z,63283.0
2018-12-10T18:15:00Z,64997.0
2018-12-10T18:20:00Z,69883.0
2018-12-10T18:25:00Z,71534.0
2018-12-10T18:30:00Z,75751.0
2018-12-10T18:35:00Z,76628.0
2018-12-10T18:40:00Z,77663.0
2018-12-10T18:45:00Z,75432.0
2018-12-10T18:50:00Z,72194.0
2018-12-10T18:55:00Z,78612.0
2018-12-10T19:00:00Z,72925.0
2018-12-10T19:05:00Z,73310.0
2018-12-10T19:10:00Z,79017.0
2018-12-10T19:15:00Z,71348.0
2018-12-10T19:20:00Z,70782.0
2018-12-10T19:25:00Z,70943.0
2018-12-10T19:30:00Z,73992.0
2018-12-10T19:35:00Z,72105.0
2018-12-10T19:40:00Z,69928.0
2018-12-10T19:45:00Z,70153.0
2018-12-10T19:50:00Z,67767.0
2018-12-10T19:55:00Z,73949.0
2018-12-10T20:00:00Z,89711.0
2018-12-10T20:05:00Z,102616.0
2018-12-10T20:10:00Z,74610.0
2018-12-10T20:15:00Z,64416.0
2018-12-10T20:20:00Z,69029.0
2018-12-10T20:25:00Z,69673.0
2018-12-10T20:30:00Z,65271.0
2018-12-10T20:35:00Z,62711.0
2018-12-10T20:40:00Z,67101.0
2018-12-10T20:45:00Z,72775.0
2018-12-10T20:50:00Z,69833.0
2018-12-10T20:55:00Z,73806.0
2018-12-10T21:00:00Z,70609.0
2018-12-10T21:05:00Z,74462.0
2018-12-10T21:10:00Z,70956.0
2018-12-10T21:15:00Z,64374.0
2018-12-10T21:20:00Z,70555.0
2018-12-10T21:25:00Z,66839.0
2018-12-10T21:30:00Z,71809.0
2018-12-10T21:35:00Z,70289.0
2018-12-10T21:40:00Z,73323.0
2018-12-10T21:45:00Z,78729.0
2018-12-10T21:50:00Z,75313.0
2018-12-10T21:55:00Z,77553.0
2018-12-10T22:00:00Z,74287.0
2018-12-10T22:05:00Z,87419.0
2018-12-10T22:10:00Z,77828.0
2018-12-10T22:15:00Z,70128.0
2018-12-10T22:20:00Z,70002.0
2018-12-10T22:25:00Z,68706.0
2018-12-10T22:30:00Z,70298.0
2018-12-10T22:35:00Z,78772.0
2018-12-10T22:40:00Z,80026.0
2018-12-10T22:45:00Z,69674.0
2018-12-10T22:50:00Z,74118.0
2018-12-10T22:55:00Z,76074.0
2018-12-10T23:00:00Z,71729.0
2018-12-10T23:05:00Z,74733.0
2018-12-10T23:10:00Z,75590.0
2018-12-10T23:15:00Z,77032.0
2018-12-10T23:20:00Z,67535.0
2018-12-10T23:25:00Z,66601.0
2018-12-10T23:30:00Z,69840.0
2018-12-10T23:35:00Z,71109.0
2018-12-10T23:40:00Z,71069.0
2018-12-10T23:45:00Z,69477.0
2018-12-10T23:50:00Z,65160.0
2018-12-10T23:55:00Z,69339.0
2018-12-11T00:00:00Z,89359.0
2018-12-11T00:05:00Z,84723.0
2018-12-11T00:10:00Z,71757.0
2018-12-11T00:15:00Z,67129.0
2018-12-11T00:20:00Z,60871.0
2018-12-11T00:25:00Z,63999.0
2018-12-11T00:30:00Z,61370.0
2018-12-11T00:35:00Z,55105.0
2018-12-11T00:40:00Z,58853.0
2018-12-11T00:45:00Z,56394.0
2018-12-11T00:50:00Z,55365.0
2018-12-11T00:55:00Z,51058.0
2018-12-11T01:00:00Z,54426.0
2018-12-11T01:05:00Z,49315.0
2018-12-11T01:10:00Z,42654.0
2018-12-11T01:15:00Z,44971.0
2018-12-11T01:20:00Z,44629.0
2018-12-11T01:25:00Z,43648.0
2018-12-11T01:30:00Z,43413.0
2018-12-11T01:35:00Z,38487.0
2018-12-11T01:40:00Z,32416.0
2018-12-11T01:45:00Z,39198.0
2018-12-11T01:50:00Z,39381.0
2018-12-11T01:55:00Z,32106.0
2018-12-11T02:00:00Z,33615.0
2018-12-11T02:05:00Z,34036.0
2018-12-11T02:10:00Z,32249.0
2018-12-11T02:15:00Z,33539.0
2018-12-11T02:20:00Z,30883.0
2018-12-11T02:25:00Z,27870.0
2018-12-11T02:30:00Z,26981.0
2018-12-11T02:35:00Z,28641.0
2018-12-11T02:40:00Z,27189.0
2018-12-11T02:45:00Z,24653.0
2018-12-11T02:50:00Z,24729.0
2018-12-11T02:55:00Z,22872.0
2018-12-11T03:00:00Z,22088.0
2018-12-11T03:05:00Z,23364.0
2018-12-11T03:10:00Z,23239.0
2018-12-11T03:15:00Z,21247.0
2018-12-11T03:20:00Z,28145.0
2018-12-11T03:25:00Z,20913.0
2018-12-11T03:30:00Z,20626.0
2018-12-11T03:35:00Z,20404.0
2018-12-11T03:40:00Z,19163.0
2018-12-11T03:45:00Z,20382.0
2018-12-11T03:50:00Z,20995.0
2018-12-11T03:55:00Z,19692.0
2018-12-11T04:00:00Z,40374.0
2018-12-11T04:05:00Z,67011.0
2018-12-11T04:10:00Z,23939.0
2018-12-11T04:15:00Z,20590.0
2018-12-11T04:20:00Z,23017.0
2018-12-11T04:25:00Z,20750.0
2018-12-11T04:30:00Z,20852.0
2018-12-11T04:35:00Z,21488.0
2018-12-11T04:40:00Z,22635.0
2018-12-11T04:45:00Z,23597.0
2018-12-11T04:50:00Z,21896.0
2018-12-11T04:55:00Z,22584.0
2018-12-11T05:00:00Z,21215.0
2018-12-11T05:05:00Z,24657.0
2018-12-11T05:10:00Z,21908.0
2018-12-11T05:15:00Z,23518.0
2018-12-11T05:20:00Z,22363.0
2018-12-11T05:25:00Z,24379.0
2018-12-11T05:30:00Z,22827.0
2018-12-11T05:35:00Z,23226.0
2018-12-11T05:40:00Z,21282.0
2018-12-11T05:45:00Z,21629.0
2018-12-11T05:50:00Z,20690.0
2018-12-11T05:55:00Z,19053.0
2018-12-11T06:00:00Z,19537.0
2018-12-11T06:05:00Z,23808.0
2018-12-11T06:10:00Z,30990.0
2018-12-11T06:15:00Z,21227.0
2018-12-11T06:20:00Z,21649.0
2018-12-11T06:25:00Z,19788.0
2018-12-11T06:30:00Z,19542.0
2018-12-11T06:35:00Z,17914.0
2018-12-11T06:40:00Z,16248.0
2018-12-11T06:45:00Z,17789.0
2018-12-11T06:50:00Z,17520.0
2018-12-11T06:55:00Z,19211.0
2018-12-11T07:00:00Z,14781.0
2018-12-11T07:05:00Z,15946.0
2018-12-11T07:10:00Z,16032.0
2018-12-11T07:15:00Z,16525.0
2018-12-11T07:20:00Z,16586.0
2018-12-11T07:25:00Z,19197.0
2018-12-11T07:30:00Z,14862.0
2018-12-11T07:35:00Z,15040.0
2018-12-11T07:40:00Z,16080.0
2018-12-11T07:45:00Z,12242.0
2018-12-11T07:50:00Z,11274.0
2018-12-11T07:55:00Z,16053.0
2018-12-11T08:00:00Z,33571.0
2018-12-11T08:05:00Z,50396.0
2018-12-11T08:10:00Z,24086.0
2018-12-11T08:15:00Z,12203.0
2018-12-11T08:20:00Z,12466.0
2018-12-11T08:25:00Z,12121.0
2018-12-11T08:30:00Z,10224.0
2018-12-11T08:35:00Z,10651.0
2018-12-11T08:40:00Z,10326.0
2018-12-11T08:45:00Z,9903.0
2018-12-11T08:50:00Z,11019.0
2018-12-11T08:55:00Z,10533.0
2018-12-11T09:00:00Z,10518.0
2018-12-11T09:05:00Z,11274.0
2018-12-11T09:10:00Z,10958.0
2018-12-11T09:15:00Z,10453.0
2018-12-11T09:20:00Z,8837.0
2018-12-11T09:25:00Z,10997.0
2018-12-11T09:30:00Z,11664.0
2018-12-11T09:35:00Z,11344.0
2018-12-11T09:40:00Z,13216.0
2018-12-11T09:45:00Z,21506.0
2018-12-11T09:50:00Z,13422.0
2018-12-11T09:55:00Z,10454.0
2018-12-11T10:00:00Z,11045.0
2018-12-11T10:05:00Z,9959.0
2018-12-11T10:10:00Z,10323.0
2018-12-11T10:15:00Z,9940.0
2018-12-11T10:20:00Z,9378.0
2018-12-11T10:25:00Z,8879.0
2018-12-11T10:30:00Z,9279.0
2018-12-11T10:35:00Z,9198.0
2018-12-11T10:40:00Z,8805.0
2018-12-11T10:45:00Z,10565.0
2018-12-11T10:50:00Z,8136.0
2018-12-11T10:55:00Z,10135.0
2018-12-11T11:00:00Z,12941.0
2018-12-11T11:05:00Z,10077.0
2018-12-11T11:10:00Z,11510.0
2018-12-11T11:15:00Z,20460.0
2018-12-11T11:20:00Z,9280.0
2018-12-11T11:25:00Z,9960.0
2018-12-11T11:30:00Z,12882.0
2018-12-11T11:35:00Z,9793.0
2018-12-11T11:40:00Z,9855.0
2018-12-11T11:45:00Z,10990.0
2018-12-11T11:50:00Z,8344.0
2018-12-11T11:55:00Z,11049.0
2018-12-11T12:00:00Z,30587.0
2018-12-11T12:05:00Z,50172.0
2018-12-11T12:10:00Z,15255.0
2018-12-11T12:15:00Z,14748.0
2018-12-11T12:20:00Z,9284.0
2018-12-11T12:25:00Z,9340.0
2018-12-11T12:30:00Z,12333.0
2018-12-11T12:35:00Z,9835.0
2018-12-11T12:40:00Z,9932.0
2018-12-11T12:45:00Z,15031.0
2018-12-11T12:50:00Z,13488.0
2018-12-11T12:55:00Z,14357.0
2018-12-11T13:00:00Z,17290.0
2018-12-11T13:05:00Z,24657.0
2018-12-11T13:10:00Z,15103.0
2018-12-11T13:15:00Z,14245.0
2018-12-11T13:20:00Z,11442.0
2018-12-11T13:25:00Z,11961.0
2018-12-11T13:30:00Z,13298.0
2018-12-11T13:35:00Z,14956.0
2018-12-11T13:40:00Z,15983.0
2018-12-11T13:45:00Z,16340.0
2018-12-11T13:50:00Z,14047.0
2018-12-11T13:55:00Z,16626.0
2018-12-11T14:00:00Z,19219.0
2018-12-11T14:05:00Z,17338.0
2018-12-11T14:10:00Z,16272.0
2018-12-11T14:15:00Z,17846.0
2018-12-11T14:20:00Z,18275.0
2018-12-11T14:25:00Z,21904.0
2018-12-11T14:30:00Z,22182.0
2018-12-11T14:35:00Z,21493.0
2018-12-11T14:40:00Z,21448.0
2018-12-11T14:45:00Z,22023.0
2018-12-11T14:50:00Z,23738.0
2018-12-11T14:55:00Z,23825.0
2018-12-11T15:00:00Z,25147.0
2018-12-11T15:05:00Z,24911.0
2018-12-11T15:10:00Z,23703.0
2018-12-11T15:15:00Z,28039.0
2018-12-11T15:20:00Z,27251.0
2018-12-11T15:25:00Z,26194.0
2018-12-11T15:30:00Z,26885.0
2018-12-11T15:35:00Z,30531.0
2018-12-11T15:40:00Z,33443.0
2018-12-11T15:45:00Z,34197.0
2018-12-11T15:50:00Z,31406.0
2018-12-11T15:55:00Z,33346.0
2018-12-11T16:00:00Z,52877.0
2018-12-11T16:05:00Z,64475.0
2018-12-11T16:10:00Z,38435.0
2018-12-11T16:15:00Z,40438.0
2018-12-11T16:20:00Z,49785.0
2018-12-11T16:25:00Z,41483.0
2018-12-11T16:30:00Z,41438.0
2018-12-11T16:35:00Z,41807.0
2018-12-11T16:40:00Z,44605.0
2018-12-11T16:45:00Z,44668.0
2018-12-11T16:50:00Z,51899.0
2018-12-11T16:55:00Z,50491.0
2018-12-11T17:00:00Z,49820.0
2018-12-11T17:05:00Z,51817.0
2018-12-11T17:10:00Z,54205.0
2018-12-11T17:15:00Z,51113.0
2018-12-11T17:20:00Z,51033.0
2018-12-11T17:25:00Z,58451.0
2018-12-11T17:30:00Z,55022.0
2018-12-11T17:35:00Z,60717.0
2018-12-11T17:40:00Z,56150.0
2018-12-11T17:45:00Z,60273.0
2018-12-11T17:50:00Z,63148.0
2018-12-11T17:55:00Z,63414.0
2018-12-11T18:00:00Z,63667.0
2018-12-11T18:05:00Z,65350.0
2018-12-11T18:10:00Z,62312.0
2018-12-11T18:15:00Z,60427.0
2018-12-11T18:20:00Z,67627.0
2018-12-11T18:25:00Z,60963.0
2018-12-11T18:30:00Z,65443.0
2018-12-11T18:35:00Z,62570.0
2018-12-11T18:40:00Z,68595.0
2018-12-11T18:45:00Z,67902.0
2018-12-11T18:50:00Z,74197.0
2018-12-11T18:55:00Z,71636.0
2018-12-11T19:00:00Z,73474.0
2018-12-11T19:05:00Z,79155.0
2018-12-11T19:10:00Z,74106.0
2018-12-11T19:15:00Z,69016.0
2018-12-11T19:20:00Z,65148.0
2018-12-11T19:25:00Z,68507.0
2018-12-11T19:30:00Z,69667.0
2018-12-11T19:35:00Z,68529.0
2018-12-11T19:40:00Z,62504.0
2018-12-11T19:45:00Z,66549.0
2018-12-11T19:50:00Z,63779.0
2018-12-11T19:55:00Z,67449.0
2018-12-11T20:00:00Z,73898.0
2018-12-11T20:05:00Z,101571.0
2018-12-11T20:10:00Z,65249.0
2018-12-11T20:15:00Z,55287.0
2018-12-11T20:20:00Z,55308.0
2018-12-11T20:25:00Z,58652.0
2018-12-11T20:30:00Z,57007.0
2018-12-11T20:35:00Z,56165.0
2018-12-11T20:40:00Z,62514.0
2018-12-11T20:45:00Z,59471.0
2018-12-11T20:50:00Z,61024.0
2018-12-11T20:55:00Z,69628.0
2018-12-11T21:00:00Z,64914.0
2018-12-11T21:05:00Z,64825.0
2018-12-11T21:10:00Z,64101.0
2018-12-11T21:15:00Z,65375.0
2018-12-11T21:20:00Z,64399.0
2018-12-11T21:25:00Z,64735.0
2018-12-11T21:30:00Z,66485.0
2018-12-11T21:35:00Z,68483.0
2018-12-11T21:40:00Z,70927.0
2018-12-11T21:45:00Z,69023.0
2018-12-11T21:50:00Z,71179.0
2018-12-11T21:55:00Z,68104.0
2018-12-11T22:00:00Z,70225.0
2018-12-11T22:05:00Z,73534.0
2018-12-11T22:10:00Z,70109.0
2018-12-11T22:15:00Z,66272.0
2018-12-11T22:20:00Z,61629.0
2018-12-11T22:25:00Z,61753.0
2018-12-11T22:30:00Z,63674.0
2018-12-11T22:35:00Z,64592.0
2018-12-11T22:40:00Z,66450.0
2018-12-11T22:45:00Z,65915.0
2018-12-11T22:50:00Z,62444.0
2018-12-11T22:55:00Z,66592.0
2018-12-11T23:00:00Z,65132.0
2018-12-11T23:05:00Z,62263.0
2018-12-11T23:10:00Z,65468.0
2018-12-11T23:15:00Z,69111.0
2018-12-11T23:20:00Z,58678.0
2018-12-11T23:25:00Z,62892.0
2018-12-11T23:30:00Z,59197.0
2018-12-11T23:35:00Z,67283.0
2018-12-11T23:40:00Z,63950.0
2018-12-11T23:45:00Z,64360.0
2018-12-11T23:50:00Z,66608.0
2018-12-11T23:55:00Z,61286.0
2018-12-12T00:00:00Z,75772.0
2018-12-12T00:05:00Z,87939.0
2018-12-12T00:10:00Z,68123.0
2018-12-12T00:15:00Z,62537.0
2018-12-12T00:20:00Z,54445.0
2018-12-12T00:25:00Z,56821.0
2018-12-12T00:30:00Z,68252.0
2018-12-12T00:35:00Z,64806.0
2018-12-12T00:40:00Z,55755.0
2018-12-12T00:45:00Z,57957.0
2018-12-12T00:50:00Z,50098.0
2018-12-12T00:55:00Z,43609.0
2018-12-12T01:00:00Z,48584.0
2018-12-12T01:05:00Z,42392.0
2018-12-12T01:10:00Z,42363.0
2018-12-12T01:15:00Z,41092.0
2018-12-12T01:20:00Z,39404.0
2018-12-12T01:25:00Z,38472.0
2018-12-12T01:30:00Z,36288.0
2018-12-12T01:35:00Z,37754.0
2018-12-12T01:40:00Z,36406.0
2018-12-12T01:45:00Z,37835.0
2018-12-12T01:50:00Z,34579.0
2018-12-12T01:55:00Z,32923.0
2018-12-12T02:00:00Z,35457.0
2018-12-12T02:05:00Z,31449.0
2018-12-12T02:10:00Z,31902.0
2018-12-12T02:15:00Z,30493.0
2018-12-12T02:20:00Z,29119.0
2018-12-12T02:25:00Z,27115.0
2018-12-12T02:30:00Z,31085.0
2018-12-12T02:35:00Z,28125.0
2018-12-12T02:40:00Z,21957.0
2018-12-12T02:45:00Z,24952.0
2018-12-12T02:50:00Z,23260.0
2018-12-12T02:55:00Z,21671.0
2018-12-12T03:00:00Z,22591.0
2018-12-12T03:05:00Z,20510.0
2018-12-12T03:10:00Z,21881.0
2018-12-12T03:15:00Z,25794.0
2018-12-12T03:20:00Z,23084.0
2018-12-12T03:25:00Z,22213.0
2018-12-12T03:30:00Z,21295.0
2018-12-12T03:35:00Z,21250.0
2018-12-12T03:40:00Z,19723.0
2018-12-12T03:45:00Z,24949.0
2018-12-12T03:50:00Z,23012.0
2018-12-12T03:55:00Z,20133.0
2018-12-12T04:00:00Z,46480.0
2018-12-12T04:05:00Z,61983.0
2018-12-12T04:10:00Z,23695.0
2018-12-12T04:15:00Z,21726.0
2018-12-12T04:20:00Z,22543.0
2018-12-12T04:25:00Z,17656.0
2018-12-12T04:30:00Z,20517.0
2018-12-12T04:35:00Z,25998.0
2018-12-12T04:40:00Z,19005.0
2018-12-12T04:45:00Z,21888.0
2018-12-12T04:50:00Z,24104.0
2018-12-12T04:55:00Z,21249.0
2018-12-12T05:00:00Z,22833.0
2018-12-12T05:05:00Z,30819.0
2018-12-12T05:10:00Z,24037.0
2018-12-12T05:15:00Z,23891.0
2018-12-12T05:20:00Z,22285.0
2018-12-12T05:25:00Z,22494.0
2018-12-12T05:30:00Z,23420.0
2018-12-12T05:35:00Z,28761.0
2018-12-12T05:40:00Z,23156.0
2018-12-12T05:45:00Z,20147.0
2018-12-12T05:50:00Z,28429.0
2018-12-12T05:55:00Z,25221.0
2018-12-12T06:00:00Z,22001.0
2018-12-12T06:05:00Z,23456.0
2018-12-12T06:10:00Z,20624.0
2018-12-12T06:15:00Z,20969.0
2018-12-12T06:20:00Z,18495.0
2018-12-12T06:25:00Z,19668.0
2018-12-12T06:30:00Z,17092.0
2018-12-12T06:35:00Z,23167.0
2018-12-12T06:40:00Z,19824.0
2018-12-12T06:45:00Z,17268.0
2018-12-12T06:50:00Z,17932.0
2018-12-12T06:55:00Z,16038.0
2018-12-12T07:00:00Z,16554.0
2018-12-12T07:05:00Z,17989.0
2018-12-12T07:10:00Z,13914.0
2018-12-12T07:15:00Z,15276.0
2018-12-12T07:20:00Z,14897.0
2018-12-12T07:25:00Z,14712.0
2018-12-12T07:30:00Z,12912.0
2018-12-12T07:35:00Z,14292.0
2018-12-12T07:40:00Z,14700.0
2018-12-12T07:45:00Z,14544.0
2018-12-12T07:50:00Z,13890.0
2018-12-12T07:55:00Z,14228.0
2018-12-12T08:00:00Z,36936.0
2018-12-12T08:05:00Z,39053.0
2018-12-12T08:10:00Z,23209.0
2018-12-12T08:15:00Z,10622.0
2018-12-12T08:20:00Z,13159.0
2018-12-12T08:25:00Z,12862.0
2018-12-12T08:30:00Z,11283.0
2018-12-12T08:35:00Z,12354.0
2018-12-12T08:40:00Z,11443.0
2018-12-12T08:45:00Z,9930.0
2018-12-12T08:50:00Z,10026.0
2018-12-12T08:55:00Z,9531.0
2018-12-12T09:00:00Z,10378.0
2018-12-12T09:05:00Z,9951.0
2018-12-12T09:10:00Z,8673.0
2018-12-12T09:15:00Z,10929.0
2018-12-12T09:20:00Z,11276.0
2018-12-12T09:25:00Z,9941.0
2018-12-12T09:30:00Z,10219.0
2018-12-12T09:35:00Z,11883.0
2018-12-12T09:40:00Z,11209.0
2018-12-12T09:45:00Z,10979.0
2018-12-12T09:50:00Z,13426.0
2018-12-12T09:55:00Z,14772.0
2018-12-12T10:00:00Z,13194.0
2018-12-12T10:05:00Z,10503.0
2018-12-12T10:10:00Z,8403.0
2018-12-12T10:15:00Z,9594.0
2018-12-12T10:20:00Z,9459.0
2018-12-12T10:25:00Z,7935.0
2018-12-12T10:30:00Z,8239.0
2018-12-12T10:35:00Z,7918.0
2018-12-12T10:40:00Z,7505.0
2018-12-12T10:45:00Z,9085.0
2018-12-12T10:50:00Z,8613.0
2018-12-12T10:55:00Z,8389.0
2018-12-12T11:00:00Z,10444.0
2018-12-12T11:05:00Z,9272.0
2018-12-12T11:10:00Z,10340.0
2018-12-12T11:15:00Z,8096.0
2018-12-12T11:20:00Z,7441.0
2018-12-12T11:25:00Z,8782.0
2018-12-12T11:30:00Z,9885.0
2018-12-12T11:35:00Z,9857.0
2018-12-12T11:40:00Z,7545.0
2018-12-12T11:45:00Z,9839.0
2018-12-12T11:50:00Z,9977.0
2018-12-12T11:55:00Z,12517.0
2018-12-12T12:00:00Z,27122.0
2018-12-12T12:05:00Z,47373.0
2018-12-12T12:10:00Z,17594.0
2018-12-12T12:15:00Z,10822.0
2018-12-12T12:20:00Z,9758.0
2018-12-12T12:25:00Z,13401.0
2018-12-12T12:30:00Z,12685.0
2018-12-12T12:35:00Z,10755.0
2018-12-12T12:40:00Z,11746.0
2018-12-12T12:45:00Z,9830.0
2018-12-12T12:50:00Z,11235.0
2018-12-12T12:55:00Z,13593.0
2018-12-12T13:00:00Z,12807.0
2018-12-12T13:05:00Z,13480.0
2018-12-12T13:10:00Z,14378.0
2018-12-12T13:15:00Z,14085.0
2018-12-12T13:20:00Z,12570.0
2018-12-12T13:25:00Z,15882.0
2018-12-12T13:30:00Z,15485.0
2018-12-12T13:35:00Z,14478.0
2018-12-12T13:40:00Z,16881.0
2018-12-12T13:45:00Z,15938.0
2018-12-12T13:50:00Z,15424.0
2018-12-12T13:55:00Z,18913.0
2018-12-12T14:00:00Z,19987.0
2018-12-12T14:05:00Z,17077.0
2018-12-12T14:10:00Z,20827.0
2018-12-12T14:15:00Z,18824.0
2018-12-12T14:20:00Z,19021.0
2018-12-12T14:25:00Z,21633.0
2018-12-12T14:30:00Z,19943.0
2018-12-12T14:35:00Z,18190.0
2018-12-12T14:40:00Z,18966.0
2018-12-12T14:45:00Z,21765.0
2018-12-12T14:50:00Z,24331.0
2018-12-12T14:55:00Z,23947.0
2018-12-12T15:00:00Z,22964.0
2018-12-12T15:05:00Z,25081.0
2018-12-12T15:10:00Z,28492.0
2018-12-12T15:15:00Z,25451.0
2018-12-12T15:20:00Z,23303.0
2018-12-12T15:25:00Z,26053.0
2018-12-12T15:30:00Z,27945.0
2018-12-12T15:35:00Z,31388.0
2018-12-12T15:40:00Z,33426.0
2018-12-12T15:45:00Z,33465.0
2018-12-12T15:50:00Z,34414.0
2018-12-12T15:55:00Z,36913.0
2018-12-12T16:00:00Z,47856.0
2018-12-12T16:05:00Z,59057.0
2018-12-12T16:10:00Z,51647.0
2018-12-12T16:15:00Z,38971.0
2018-12-12T16:20:00Z,40235.0
2018-12-12T16:25:00Z,44060.0
2018-12-12T16:30:00Z,43436.0
2018-12-12T16:35:00Z,49643.0
2018-12-12T16:40:00Z,42518.0
2018-12-12T16:45:00Z,43203.0
2018-12-12T16:50:00Z,47569.0
2018-12-12T16:55:00Z,52489.0
2018-12-12T17:00:00Z,54609.0
2018-12-12T17:05:00Z,60140.0
2018-12-12T17:10:00Z,54079.0
2018-12-12T17:15:00Z,51988.0
2018-12-12T17:20:00Z,49507.0
2018-12-12T17:25:00Z,56622.0
2018-12-12T17:30:00Z,58800.0
2018-12-12T17:35:00Z,60276.0
2018-12-12T17:40:00Z,58582.0
2018-12-12T17:45:00Z,61443.0
2018-12-12T17:50:00Z,61386.0
2018-12-12T17:55:00Z,70467.0
2018-12-12T18:00:00Z,74588.0
2018-12-12T18:05:00Z,65823.0
2018-12-12T18:10:00Z,61918.0
2018-12-12T18:15:00Z,62635.0
2018-12-12T18:20:00Z,57664.0
2018-12-12T18:25:00Z,58566.0
2018-12-12T18:30:00Z,65103.0
2018-12-12T18:35:00Z,70711.0
2018-12-12T18:40:00Z,69593.0
2018-12-12T18:45:00Z,75665.0
2018-12-12T18:50:00Z,71279.0
2018-12-12T18:55:00Z,76389.0
2018-12-12T19:00:00Z,75542.0
2018-12-12T19:05:00Z,81923.0
2018-12-12T19:10:00Z,98597.0
2018-12-12T19:15:00Z,99308.0
2018-12-12T19:20:00Z,85476.0
2018-12-12T19:25:00Z,71240.0
2018-12-12T19:30:00Z,71805.0
2018-12-12T19:35:00Z,63586.0
2018-12-12T19:40:00Z,63772.0
2018-12-12T19:45:00Z,64484.0
2018-12-12T19:50:00Z,63602.0
2018-12-12T19:55:00Z,62897.0
2018-12-12T20:00:00Z,83176.0
2018-12-12T20:05:00Z,93677.0
2018-12-12T20:10:00Z,58468.0
2018-12-12T20:15:00Z,59948.0
2018-12-12T20:20:00Z,57941.0
2018-12-12T20:25:00Z,54013.0
2018-12-12T20:30:00Z,54679.0
2018-12-12T20:35:00Z,56098.0
2018-12-12T20:40:00Z,56960.0
2018-12-12T20:45:00Z,65047.0
2018-12-12T20:50:00Z,63365.0
2018-12-12T20:55:00Z,53354.0
2018-12-12T21:00:00Z,59408.0
2018-12-12T21:05:00Z,66837.0
2018-12-12T21:10:00Z,62066.0
2018-12-12T21:15:00Z,58375.0
2018-12-12T21:20:00Z,63113.0
2018-12-12T21:25:00Z,62812.0
2018-12-12T21:30:00Z,63438.0
2018-12-12T21:35:00Z,60976.0
2018-12-12T21:40:00Z,64747.0
2018-12-12T21:45:00Z,66670.0
2018-12-12T21:50:00Z,65382.0
2018-12-12T21:55:00Z,66905.0
2018-12-12T22:00:00Z,71271.0
2018-12-12T22:05:00Z,72025.0
2018-12-12T22:10:00Z,71228.0
2018-12-12T22:15:00Z,62219.0
2018-12-12T22:20:00Z,62127.0
2018-12-12T22:25:00Z,62548.0
2018-12-12T22:30:00Z,77852.0
2018-12-12T22:35:00Z,69951.0
2018-12-12T22:40:00Z,64482.0
2018-12-12T22:45:00Z,65795.0
2018-12-12T22:50:00Z,61792.0
2018-12-12T22:55:00Z,64260.0
2018-12-12T23:00:00Z,64748.0
2018-12-12T23:05:00Z,69191.0
2018-12-12T23:10:00Z,67758.0
2018-12-12T23:15:00Z,62711.0
2018-12-12T23:20:00Z,62893.0
2018-12-12T23:25:00Z,62160.0
2018-12-12T23:30:00Z,61223.0
2018-12-12T23:35:00Z,62918.0
2018-12-12T23:40:00Z,57157.0
2018-12-12T23:45:00Z,55819.0
2018-12-12T23:50:00Z,60163.0
2018-12-12T23:55:00Z,63233.0
2018-12-13T00:00:00Z,82860.0
2018-12-13T00:05:00Z,88657.0
2018-12-13T00:10:00Z,61160.0
2018-12-13T00:15:00Z,55402.0
2018-12-13T00:20:00Z,56586.0
2018-12-13T00:25:00Z,51238.0
2018-12-13T00:30:00Z,52201.0
2018-12-13T00:35:00Z,54768.0
2018-12-13T00:40:00Z,49681.0
2018-12-13T00:45:00Z,46832.0
2018-12-13T00:50:00Z,50452.0
2018-12-13T00:55:00Z,42045.0
2018-12-13T01:00:00Z,46009.0
2018-12-13T01:05:00Z,46759.0
2018-12-13T01:10:00Z,41510.0
2018-12-13T01:15:00Z,40638.0
2018-12-13T01:20:00Z,43256.0
2018-12-13T01:25:00Z,42324.0
2018-12-13T01:30:00Z,36587.0
2018-12-13T01:35:00Z,33946.0
2018-12-13T01:40:00Z,36840.0
2018-12-13T01:45:00Z,35262.0
2018-12-13T01:50:00Z,32748.0
2018-12-13T01:55:00Z,30465.0
2018-12-13T02:00:00Z,31705.0
2018-12-13T02:05:00Z,32414.0
2018-12-13T02:10:00Z,29209.0
2018-12-13T02:15:00Z,23801.0
2018-12-13T02:20:00Z,28004.0
2018-12-13T02:25:00Z,25926.0
2018-12-13T02:30:00Z,23081.0
2018-12-13T02:35:00Z,30792.0
2018-12-13T02:40:00Z,24673.0
2018-12-13T02:45:00Z,22449.0
2018-12-13T02:50:00Z,24520.0
2018-12-13T02:55:00Z,23802.0
2018-12-13T03:00:00Z,23534.0
2018-12-13T03:05:00Z,25559.0
2018-12-13T03:10:00Z,23406.0
2018-12-13T03:15:00Z,21317.0
2018-12-13T03:20:00Z,24969.0
2018-12-13T03:25:00Z,22169.0
2018-12-13T03:30:00Z,21487.0
2018-12-13T03:35:00Z,21179.0
2018-12-13T03:40:00Z,22692.0
2018-12-13T03:45:00Z,22041.0
2018-12-13T03:50:00Z,22548.0
2018-12-13T03:55:00Z,22639.0
2018-12-13T04:00:00Z,35964.0
2018-12-13T04:05:00Z,54179.0
2018-12-13T04:10:00Z,41141.0
2018-12-13T04:15:00Z,19736.0
2018-12-13T04:20:00Z,21270.0
2018-12-13T04:25:00Z,21187.0
2018-12-13T04:30:00Z,19530.0
2018-12-13T04:35:00Z,26766.0
2018-12-13T04:40:00Z,24254.0
2018-12-13T04:45:00Z,21199.0
2018-12-13T04:50:00Z,24407.0
2018-12-13T04:55:00Z,26522.0
2018-12-13T05:00:00Z,21302.0
2018-12-13T05:05:00Z,25519.0
2018-12-13T05:10:00Z,25829.0
2018-12-13T05:15:00Z,22593.0
2018-12-13T05:20:00Z,23206.0
2018-12-13T05:25:00Z,22645.0
2018-12-13T05:30:00Z,20496.0
2018-12-13T05:35:00Z,21374.0
2018-12-13T05:40:00Z,26205.0
2018-12-13T05:45:00Z,24349.0
2018-12-13T05:50:00Z,24328.0
2018-12-13T05:55:00Z,27649.0
2018-12-13T06:00:00Z,22569.0
2018-12-13T06:05:00Z,25250.0
2018-12-13T06:10:00Z,34358.0
2018-12-13T06:15:00Z,21325.0
2018-12-13T06:20:00Z,20415.0
2018-12-13T06:25:00Z,24254.0
2018-12-13T06:30:00Z,18853.0
2018-12-13T06:35:00Z,23454.0
2018-12-13T06:40:00Z,24328.0
2018-12-13T06:45:00Z,17882.0
2018-12-13T06:50:00Z,17786.0
2018-12-13T06:55:00Z,18460.0
2018-12-13T07:00:00Z,17077.0
2018-12-13T07:05:00Z,17228.0
2018-12-13T07:10:00Z,29620.0
2018-12-13T07:15:00Z,17582.0
2018-12-13T07:20:00Z,19887.0
2018-12-13T07:25:00Z,24820.0
2018-12-13T07:30:00Z,15595.0
2018-12-13T07:35:00Z,15595.0
2018-12-13T07:40:00Z,33109.0
2018-12-13T07:45:00Z,17414.0
2018-12-13T07:50:00Z,13753.0
2018-12-13T07:55:00Z,24298.0
2018-12-13T08:00:00Z,31977.0
2018-12-13T08:05:00Z,41645.0
2018-12-13T08:10:00Z,33923.0
2018-12-13T08:15:00Z,17448.0
2018-12-13T08:20:00Z,15534.0
2018-12-13T08:25:00Z,23559.0
2018-12-13T08:30:00Z,12661.0
2018-12-13T08:35:00Z,12893.0
2018-12-13T08:40:00Z,23765.0
2018-12-13T08:45:00Z,16504.0
2018-12-13T08:50:00Z,10735.0
2018-12-13T08:55:00Z,14842.0
2018-12-13T09:00:00Z,15463.0
2018-12-13T09:05:00Z,11269.0
2018-12-13T09:10:00Z,15861.0
2018-12-13T09:15:00Z,11510.0
2018-12-13T09:20:00Z,12403.0
2018-12-13T09:25:00Z,23712.0
2018-12-13T09:30:00Z,13070.0
2018-12-13T09:35:00Z,11449.0
2018-12-13T09:40:00Z,16604.0
2018-12-13T09:45:00Z,9873.0
2018-12-13T09:50:00Z,10029.0
2018-12-13T09:55:00Z,19772.0
2018-12-13T10:00:00Z,9674.0
2018-12-13T10:05:00Z,8272.0
2018-12-13T10:10:00Z,15981.0
2018-12-13T10:15:00Z,9910.0
2018-12-13T10:20:00Z,8671.0
2018-12-13T10:25:00Z,11742.0
2018-12-13T10:30:00Z,9967.0
2018-12-13T10:35:00Z,10236.0
2018-12-13T10:40:00Z,11256.0
2018-12-13T10:45:00Z,9726.0
2018-12-13T10:50:00Z,6953.0
2018-12-13T10:55:00Z,12461.0
2018-12-13T11:00:00Z,11292.0
2018-12-13T11:05:00Z,9124.0
2018-12-13T11:10:00Z,13981.0
2018-12-13T11:15:00Z,10529.0
2018-12-13T11:20:00Z,8985.0
2018-12-13T11:25:00Z,13186.0
2018-12-13T11:30:00Z,9560.0
2018-12-13T11:35:00Z,9189.0
2018-12-13T11:40:00Z,11324.0
2018-12-13T11:45:00Z,9810.0
2018-12-13T11:50:00Z,8266.0
2018-12-13T11:55:00Z,9639.0
2018-12-13T12:00:00Z,27400.0
2018-12-13T12:05:00Z,49286.0
2018-12-13T12:10:00Z,20198.0
2018-12-13T12:15:00Z,16576.0
2018-12-13T12:20:00Z,9636.0
2018-12-13T12:25:00Z,9241.0
2018-12-13T12:30:00Z,11329.0
2018-12-13T12:35:00Z,10628.0
2018-12-13T12:40:00Z,11681.0
2018-12-13T12:45:00Z,11986.0
2018-12-13T12:50:00Z,11998.0
2018-12-13T12:55:00Z,12345.0
2018-12-13T13:00:00Z,15105.0
2018-12-13T13:05:00Z,11944.0
2018-12-13T13:10:00Z,13871.0
2018-12-13T13:15:00Z,14518.0
2018-12-13T13:20:00Z,14640.0
2018-12-13T13:25:00Z,14771.0
2018-12-13T13:30:00Z,16908.0
2018-12-13T13:35:00Z,14781.0
2018-12-13T13:40:00Z,17038.0
2018-12-13T13:45:00Z,17765.0
2018-12-13T13:50:00Z,16762.0
2018-12-13T13:55:00Z,15256.0
2018-12-13T14:00:00Z,19304.0
2018-12-13T14:05:00Z,18560.0
2018-12-13T14:10:00Z,18132.0
2018-12-13T14:15:00Z,20750.0
2018-12-13T14:20:00Z,18733.0
2018-12-13T14:25:00Z,19087.0
2018-12-13T14:30:00Z,22593.0
2018-12-13T14:35:00Z,21661.0
2018-12-13T14:40:00Z,18057.0
2018-12-13T14:45:00Z,23415.0
2018-12-13T14:50:00Z,20785.0
2018-12-13T14:55:00Z,23645.0
2018-12-13T15:00:00Z,27557.0
2018-12-13T15:05:00Z,25005.0
2018-12-13T15:10:00Z,28848.0
2018-12-13T15:15:00Z,26811.0
2018-12-13T15:20:00Z,26934.0
2018-12-13T15:25:00Z,27814.0
2018-12-13T15:30:00Z,27968.0
2018-12-13T15:35:00Z,29578.0
2018-12-13T15:40:00Z,29595.0
2018-12-13T15:45:00Z,38372.0
2018-12-13T15:50:00Z,35467.0
2018-12-13T15:55:00Z,32561.0
2018-12-13T16:00:00Z,53129.0
2018-12-13T16:05:00Z,59358.0
2018-12-13T16:10:00Z,40218.0
2018-12-13T16:15:00Z,37546.0
2018-12-13T16:20:00Z,36698.0
2018-12-13T16:25:00Z,38087.0
2018-12-13T16:30:00Z,43405.0
2018-12-13T16:35:00Z,43115.0
2018-12-13T16:40:00Z,44664.0
2018-12-13T16:45:00Z,46305.0
2018-12-13T16:50:00Z,44621.0
2018-12-13T16:55:00Z,47455.0
2018-12-13T17:00:00Z,45342.0
2018-12-13T17:05:00Z,52234.0
2018-12-13T17:10:00Z,48756.0
2018-12-13T17:15:00Z,53676.0
2018-12-13T17:20:00Z,51871.0
2018-12-13T17:25:00Z,46583.0
2018-12-13T17:30:00Z,51525.0
2018-12-13T17:35:00Z,51810.0
2018-12-13T17:40:00Z,54683.0
2018-12-13T17:45:00Z,59598.0
2018-12-13T17:50:00Z,59672.0
2018-12-13T17:55:00Z,57779.0
2018-12-13T18:00:00Z,56459.0
2018-12-13T18:05:00Z,62323.0
2018-12-13T18:10:00Z,53117.0
2018-12-13T18:15:00Z,56086.0
2018-12-13T18:20:00Z,54286.0
2018-12-13T18:25:00Z,54300.0
2018-12-13T18:30:00Z,61594.0
2018-12-13T18:35:00Z,61008.0
2018-12-13T18:40:00Z,56903.0
2018-12-13T18:45:00Z,63588.0
2018-12-13T18:50:00Z,61238.0
2018-12-13T18:55:00Z,67850.0
2018-12-13T19:00:00Z,67521.0
2018-12-13T19:05:00Z,66944.0
2018-12-13T19:10:00Z,62173.0
2018-12-13T19:15:00Z,66919.0
2018-12-13T19:20:00Z,69343.0
2018-12-13T19:25:00Z,60654.0
2018-12-13T19:30:00Z,62310.0
2018-12-13T19:35:00Z,66032.0
2018-12-13T19:40:00Z,66162.0
2018-12-13T19:45:00Z,62566.0
2018-12-13T19:50:00Z,63478.0
2018-12-13T19:55:00Z,58594.0
2018-12-13T20:00:00Z,77136.0
2018-12-13T20:05:00Z,97788.0
2018-12-13T20:10:00Z,67115.0
2018-12-13T20:15:00Z,54384.0
2018-12-13T20:20:00Z,58674.0
2018-12-13T20:25:00Z,51637.0
2018-12-13T20:30:00Z,51852.0
2018-12-13T20:35:00Z,61334.0
2018-12-13T20:40:00Z,58987.0
2018-12-13T20:45:00Z,57430.0
2018-12-13T20:50:00Z,67192.0
2018-12-13T20:55:00Z,65277.0
2018-12-13T21:00:00Z,61400.0
2018-12-13T21:05:00Z,66826.0
2018-12-13T21:10:00Z,62048.0
2018-12-13T21:15:00Z,57332.0
2018-12-13T21:20:00Z,59293.0
2018-12-13T21:25:00Z,61378.0
2018-12-13T21:30:00Z,62154.0
2018-12-13T21:35:00Z,62875.0
2018-12-13T21:40:00Z,65354.0
2018-12-13T21:45:00Z,61003.0
2018-12-13T21:50:00Z,64255.0
2018-12-13T21:55:00Z,59860.0
2018-12-13T22:00:00Z,61483.0
2018-12-13T22:05:00Z,66575.0
2018-12-13T22:10:00Z,67801.0
2018-12-13T22:15:00Z,64758.0
2018-12-13T22:20:00Z,57371.0
2018-12-13T22:25:00Z,53521.0
2018-12-13T22:30:00Z,55575.0
2018-12-13T22:35:00Z,56343.0
2018-12-13T22:40:00Z,59257.0
2018-12-13T22:45:00Z,57393.0
2018-12-13T22:50:00Z,61848.0
2018-12-13T22:55:00Z,64854.0
2018-12-13T23:00:00Z,62032.0
2018-12-13T23:05:00Z,66968.0
2018-12-13T23:10:00Z,60931.0
2018-12-13T23:15:00Z,54086.0
2018-12-13T23:20:00Z,59383.0
2018-12-13T23:25:00Z,59000.0
2018-12-13T23:30:00Z,56734.0
2018-12-13T23:35:00Z,56226.0
2018-12-13T23:40:00Z,57503.0
2018-12-13T23:45:00Z,53934.0
2018-12-13T23:50:00Z,55608.0
2018-12-13T23:55:00Z,58922.0
2018-12-14T00:00:00Z,80000.0
2018-12-14T00:05:00Z,95428.0
2018-12-14T00:10:00Z,65771.0
2018-12-14T00:15:00Z,56215.0
2018-12-14T00:20:00Z,52327.0
2018-12-14T00:25:00Z,48998.0
2018-12-14T00:30:00Z,44442.0
2018-12-14T00:35:00Z,47112.0
2018-12-14T00:40:00Z,46662.0
2018-12-14T00:45:00Z,44571.0
2018-12-14T00:50:00Z,42357.0
2018-12-14T00:55:00Z,40947.0
2018-12-14T01:00:00Z,42122.0
2018-12-14T01:05:00Z,40580.0
2018-12-14T01:10:00Z,39681.0
2018-12-14T01:15:00Z,37110.0
2018-12-14T01:20:00Z,34984.0
2018-12-14T01:25:00Z,36463.0
2018-12-14T01:30:00Z,34551.0
2018-12-14T01:35:00Z,32704.0
2018-12-14T01:40:00Z,31528.0
2018-12-14T01:45:00Z,27815.0
2018-12-14T01:50:00Z,26232.0
2018-12-14T01:55:00Z,30176.0
2018-12-14T02:00:00Z,32950.0
2018-12-14T02:05:00Z,25821.0
2018-12-14T02:10:00Z,26503.0
2018-12-14T02:15:00Z,27206.0
2018-12-14T02:20:00Z,29435.0
2018-12-14T02:25:00Z,30117.0
2018-12-14T02:30:00Z,27666.0
2018-12-14T02:35:00Z,35239.0
2018-12-14T02:40:00Z,26266.0
2018-12-14T02:45:00Z,23425.0
2018-12-14T02:50:00Z,22648.0
2018-12-14T02:55:00Z,24916.0
2018-12-14T03:00:00Z,19951.0
2018-12-14T03:05:00Z,26661.0
2018-12-14T03:10:00Z,21918.0
2018-12-14T03:15:00Z,16988.0
2018-12-14T03:20:00Z,18160.0
2018-12-14T03:25:00Z,19826.0
2018-12-14T03:30:00Z,17519.0
2018-12-14T03:35:00Z,17547.0
2018-12-14T03:40:00Z,17626.0
2018-12-14T03:45:00Z,14593.0
2018-12-14T03:50:00Z,16346.0
2018-12-14T03:55:00Z,21525.0
2018-12-14T04:00:00Z,36475.0
2018-12-14T04:05:00Z,56291.0
2018-12-14T04:10:00Z,45840.0
2018-12-14T04:15:00Z,25460.0
2018-12-14T04:20:00Z,19843.0
2018-12-14T04:25:00Z,24625.0
2018-12-14T04:30:00Z,19995.0
2018-12-14T04:35:00Z,19789.0
2018-12-14T04:40:00Z,17472.0
2018-12-14T04:45:00Z,18720.0
2018-12-14T04:50:00Z,21759.0
2018-12-14T04:55:00Z,18921.0
2018-12-14T05:00:00Z,20816.0
2018-12-14T05:05:00Z,25414.0
2018-12-14T05:10:00Z,24776.0
2018-12-14T05:15:00Z,19129.0
2018-12-14T05:20:00Z,19414.0
2018-12-14T05:25:00Z,20798.0
2018-12-14T05:30:00Z,19563.0
2018-12-14T05:35:00Z,16898.0
2018-12-14T05:40:00Z,19419.0
2018-12-14T05:45:00Z,19454.0
2018-12-14T05:50:00Z,21365.0
2018-12-14T05:55:00Z,19446.0
2018-12-14T06:00:00Z,21306.0
2018-12-14T06:05:00Z,18967.0
2018-12-14T06:10:00Z,21284.0
2018-12-14T06:15:00Z,17900.0
2018-12-14T06:20:00Z,18500.0
2018-12-14T06:25:00Z,23662.0
2018-12-14T06:30:00Z,19022.0
2018-12-14T06:35:00Z,18329.0
2018-12-14T06:40:00Z,21897.0
2018-12-14T06:45:00Z,19582.0
2018-12-14T06:50:00Z,18106.0
2018-12-14T06:55:00Z,18971.0
2018-12-14T07:00:00Z,16977.0
2018-12-14T07:05:00Z,17610.0
2018-12-14T07:10:00Z,18141.0
2018-12-14T07:15:00Z,13949.0
2018-12-14T07:20:00Z,13671.0
2018-12-14T07:25:00Z,21373.0
2018-12-14T07:30:00Z,14892.0
2018-12-14T07:35:00Z,14939.0
2018-12-14T07:40:00Z,16063.0
2018-12-14T07:45:00Z,12157.0
2018-12-14T07:50:00Z,13123.0
2018-12-14T07:55:00Z,17473.0
2018-12-14T08:00:00Z,33101.0
2018-12-14T08:05:00Z,42414.0
2018-12-14T08:10:00Z,23385.0
2018-12-14T08:15:00Z,12360.0
2018-12-14T08:20:00Z,9985.0
2018-12-14T08:25:00Z,22213.0
2018-12-14T08:30:00Z,20405.0
2018-12-14T08:35:00Z,14223.0
2018-12-14T08:40:00Z,13254.0
2018-12-14T08:45:00Z,10013.0
2018-12-14T08:50:00Z,10108.0
2018-12-14T08:55:00Z,13908.0
2018-12-14T09:00:00Z,11694.0
2018-12-14T09:05:00Z,10301.0
2018-12-14T09:10:00Z,11062.0
2018-12-14T09:15:00Z,10881.0
2018-12-14T09:20:00Z,9032.0
2018-12-14T09:25:00Z,10396.0
2018-12-14T09:30:00Z,11178.0
2018-12-14T09:35:00Z,10655.0
2018-12-14T09:40:00Z,10236.0
2018-12-14T09:45:00Z,10412.0
2018-12-14T09:50:00Z,11459.0
2018-12-14T09:55:00Z,10596.0
2018-12-14T10:00:00Z,10844.0
2018-12-14T10:05:00Z,10672.0
2018-12-14T10:10:00Z,10263.0
2018-12-14T10:15:00Z,10880.0
2018-12-14T10:20:00Z,7361.0
2018-12-14T10:25:00Z,11251.0
2018-12-14T10:30:00Z,14539.0
2018-12-14T10:35:00Z,8634.0
2018-12-14T10:40:00Z,8162.0
2018-12-14T10:45:00Z,9351.0
2018-12-14T10:50:00Z,9054.0
2018-12-14T10:55:00Z,9200.0
2018-12-14T11:00:00Z,10095.0
2018-12-14T11:05:00Z,7758.0
2018-12-14T11:10:00Z,10445.0
2018-12-14T11:15:00Z,13363.0
2018-12-14T11:20:00Z,14925.0
2018-12-14T11:25:00Z,16337.0
2018-12-14T11:30:00Z,22936.0
2018-12-14T11:35:00Z,28160.0
2018-12-14T11:40:00Z,23290.0
2018-12-14T11:45:00Z,18117.0
2018-12-14T11:50:00Z,17094.0
2018-12-14T11:55:00Z,11972.0
2018-12-14T12:00:00Z,23387.0
2018-12-14T12:05:00Z,52577.0
2018-12-14T12:10:00Z,18571.0
2018-12-14T12:15:00Z,16544.0
2018-12-14T12:20:00Z,9584.0
2018-12-14T12:25:00Z,8483.0
2018-12-14T12:30:00Z,15134.0
2018-12-14T12:35:00Z,14277.0
2018-12-14T12:40:00Z,16218.0
2018-12-14T12:45:00Z,12534.0
2018-12-14T12:50:00Z,9840.0
2018-12-14T12:55:00Z,10638.0
2018-12-14T13:00:00Z,13633.0
2018-12-14T13:05:00Z,17087.0
2018-12-14T13:10:00Z,14156.0
2018-12-14T13:15:00Z,13056.0
2018-12-14T13:20:00Z,13491.0
2018-12-14T13:25:00Z,16559.0
2018-12-14T13:30:00Z,16797.0
2018-12-14T13:35:00Z,16361.0
2018-12-14T13:40:00Z,15718.0
2018-12-14T13:45:00Z,20531.0
2018-12-14T13:50:00Z,18067.0
2018-12-14T13:55:00Z,15071.0
2018-12-14T14:00:00Z,17400.0
2018-12-14T14:05:00Z,16435.0
2018-12-14T14:10:00Z,18713.0
2018-12-14T14:15:00Z,20042.0
2018-12-14T14:20:00Z,20718.0
2018-12-14T14:25:00Z,18653.0
2018-12-14T14:30:00Z,21532.0
2018-12-14T14:35:00Z,21432.0
2018-12-14T14:40:00Z,18210.0
2018-12-14T14:45:00Z,22453.0
2018-12-14T14:50:00Z,21696.0
2018-12-14T14:55:00Z,23564.0
2018-12-14T15:00:00Z,23388.0
2018-12-14T15:05:00Z,25527.0
2018-12-14T15:10:00Z,25741.0
2018-12-14T15:15:00Z,26709.0
2018-12-14T15:20:00Z,25849.0
2018-12-14T15:25:00Z,22177.0
2018-12-14T15:30:00Z,26432.0
2018-12-14T15:35:00Z,27822.0
2018-12-14T15:40:00Z,25988.0
2018-12-14T15:45:00Z,27822.0
2018-12-14T15:50:00Z,27314.0
2018-12-14T15:55:00Z,30433.0
2018-12-14T16:00:00Z,44757.0
2018-12-14T16:05:00Z,63527.0
2018-12-14T16:10:00Z,38563.0
2018-12-14T16:15:00Z,36217.0
2018-12-14T16:20:00Z,38313.0
2018-12-14T16:25:00Z,32666.0
2018-12-14T16:30:00Z,40235.0
2018-12-14T16:35:00Z,44385.0
2018-12-14T16:40:00Z,41579.0
2018-12-14T16:45:00Z,43578.0
2018-12-14T16:50:00Z,51403.0
2018-12-14T16:55:00Z,46681.0
2018-12-14T17:00:00Z,54500.0
2018-12-14T17:05:00Z,53173.0
2018-12-14T17:10:00Z,49693.0
2018-12-14T17:15:00Z,46415.0
2018-12-14T17:20:00Z,47265.0
2018-12-14T17:25:00Z,49975.0
2018-12-14T17:30:00Z,45261.0
2018-12-14T17:35:00Z,50656.0
2018-12-14T17:40:00Z,47238.0
2018-12-14T17:45:00Z,50291.0
2018-12-14T17:50:00Z,48716.0
2018-12-14T17:55:00Z,53624.0
2018-12-14T18:00:00Z,50618.0
2018-12-14T18:05:00Z,49021.0
2018-12-14T18:10:00Z,51193.0
2018-12-14T18:15:00Z,46125.0
2018-12-14T18:20:00Z,45457.0
2018-12-14T18:25:00Z,45426.0
2018-12-14T18:30:00Z,53906.0
2018-12-14T18:35:00Z,52292.0
2018-12-14T18:40:00Z,49820.0
2018-12-14T18:45:00Z,51857.0
2018-12-14T18:50:00Z,55139.0
2018-12-14T18:55:00Z,56175.0
2018-12-14T19:00:00Z,52915.0
2018-12-14T19:05:00Z,55953.0
2018-12-14T19:10:00Z,51454.0
2018-12-14T19:15:00Z,49705.0
2018-12-14T19:20:00Z,50262.0
2018-12-14T19:25:00Z,51065.0
2018-12-14T19:30:00Z,52777.0
2018-12-14T19:35:00Z,55762.0
2018-12-14T19:40:00Z,49113.0
2018-12-14T19:45:00Z,44324.0
2018-12-14T19:50:00Z,46219.0
2018-12-14T19:55:00Z,48875.0
2018-12-14T20:00:00Z,77120.0
2018-12-14T20:05:00Z,92357.0
2018-12-14T20:10:00Z,53843.0
2018-12-14T20:15:00Z,46464.0
2018-12-14T20:20:00Z,45074.0
2018-12-14T20:25:00Z,43848.0
2018-12-14T20:30:00Z,41303.0
2018-12-14T20:35:00Z,41219.0
2018-12-14T20:40:00Z,46879.0
2018-12-14T20:45:00Z,48067.0
2018-12-14T20:50:00Z,44436.0
2018-12-14T20:55:00Z,44952.0
2018-12-14T21:00:00Z,42064.0
2018-12-14T21:05:00Z,43962.0
2018-12-14T21:10:00Z,43302.0
2018-12-14T21:15:00Z,44842.0
2018-12-14T21:20:00Z,43922.0
2018-12-14T21:25:00Z,43112.0
2018-12-14T21:30:00Z,45987.0
2018-12-14T21:35:00Z,45420.0
2018-12-14T21:40:00Z,48099.0
2018-12-14T21:45:00Z,46178.0
2018-12-14T21:50:00Z,52139.0
2018-12-14T21:55:00Z,52070.0
2018-12-14T22:00:00Z,48899.0
2018-12-14T22:05:00Z,57255.0
2018-12-14T22:10:00Z,54748.0
2018-12-14T22:15:00Z,48923.0
2018-12-14T22:20:00Z,48532.0
2018-12-14T22:25:00Z,44824.0
2018-12-14T22:30:00Z,45508.0
2018-12-14T22:35:00Z,47693.0
2018-12-14T22:40:00Z,51246.0
2018-12-14T22:45:00Z,46148.0
2018-12-14T22:50:00Z,46558.0
2018-12-14T22:55:00Z,40200.0
2018-12-14T23:00:00Z,44439.0
2018-12-14T23:05:00Z,46961.0
2018-12-14T23:10:00Z,44386.0
2018-12-14T23:15:00Z,42400.0
2018-12-14T23:20:00Z,42924.0
2018-12-14T23:25:00Z,41921.0
2018-12-14T23:30:00Z,46345.0
2018-12-14T23:35:00Z,45595.0
2018-12-14T23:40:00Z,44061.0
2018-12-14T23:45:00Z,44397.0
2018-12-14T23:50:00Z,42399.0
2018-12-14T23:55:00Z,37517.0
2018-12-15T00:00:00Z,53976.0
2018-12-15T00:05:00Z,69753.0
2018-12-15T00:10:00Z,45773.0
2018-12-15T00:15:00Z,35098.0
2018-12-15T00:20:00Z,34936.0
2018-12-15T00:25:00Z,33465.0
2018-12-15T00:30:00Z,29054.0
2018-12-15T00:35:00Z,31809.0
2018-12-15T00:40:00Z,33837.0
2018-12-15T00:45:00Z,29006.0
2018-12-15T00:50:00Z,26164.0
2018-12-15T00:55:00Z,25951.0
2018-12-15T01:00:00Z,23365.0
2018-12-15T01:05:00Z,25609.0
2018-12-15T01:10:00Z,26913.0
2018-12-15T01:15:00Z,24934.0
2018-12-15T01:20:00Z,22026.0
2018-12-15T01:25:00Z,21654.0
2018-12-15T01:30:00Z,18725.0
2018-12-15T01:35:00Z,17527.0
2018-12-15T01:40:00Z,16463.0
2018-12-15T01:45:00Z,14216.0
2018-12-15T01:50:00Z,19024.0
2018-12-15T01:55:00Z,20515.0
2018-12-15T02:00:00Z,15442.0
2018-12-15T02:05:00Z,15465.0
2018-12-15T02:10:00Z,16235.0
2018-12-15T02:15:00Z,11983.0
2018-12-15T02:20:00Z,11812.0
2018-12-15T02:25:00Z,15026.0
2018-12-15T02:30:00Z,12281.0
2018-12-15T02:35:00Z,11439.0
2018-12-15T02:40:00Z,11707.0
2018-12-15T02:45:00Z,12114.0
2018-12-15T02:50:00Z,10376.0
2018-12-15T02:55:00Z,14075.0
2018-12-15T03:00:00Z,12130.0
2018-12-15T03:05:00Z,10426.0
2018-12-15T03:10:00Z,10569.0
2018-12-15T03:15:00Z,8167.0
2018-12-15T03:20:00Z,8512.0
2018-12-15T03:25:00Z,9256.0
2018-12-15T03:30:00Z,8474.0
2018-12-15T03:35:00Z,7797.0
2018-12-15T03:40:00Z,7822.0
2018-12-15T03:45:00Z,8003.0
2018-12-15T03:50:00Z,7712.0
2018-12-15T03:55:00Z,6894.0
2018-12-15T04:00:00Z,22240.0
2018-12-15T04:05:00Z,47595.0
2018-12-15T04:10:00Z,20481.0
2018-12-15T04:15:00Z,7345.0
2018-12-15T04:20:00Z,6374.0
2018-12-15T04:25:00Z,6360.0
2018-12-15T04:30:00Z,7032.0
2018-12-15T04:35:00Z,7593.0
2018-12-15T04:40:00Z,6568.0
2018-12-15T04:45:00Z,5519.0
2018-12-15T04:50:00Z,5006.0
2018-12-15T04:55:00Z,9268.0
2018-12-15T05:00:00Z,23828.0
2018-12-15T05:05:00Z,10934.0
2018-12-15T05:10:00Z,6496.0
2018-12-15T05:15:00Z,5657.0
2018-12-15T05:20:00Z,7204.0
2018-12-15T05:25:00Z,9638.0
2018-12-15T05:30:00Z,8165.0
2018-12-15T05:35:00Z,6421.0
2018-12-15T05:40:00Z,7135.0
2018-12-15T05:45:00Z,5840.0
2018-12-15T05:50:00Z,5788.0
2018-12-15T05:55:00Z,5691.0
2018-12-15T06:00:00Z,6270.0
2018-12-15T06:05:00Z,4771.0
2018-12-15T06:10:00Z,9165.0
2018-12-15T06:15:00Z,10161.0
2018-12-15T06:20:00Z,5907.0
2018-12-15T06:25:00Z,5966.0
2018-12-15T06:30:00Z,4928.0
2018-12-15T06:35:00Z,5691.0
2018-12-15T06:40:00Z,3901.0
2018-12-15T06:45:00Z,4266.0
2018-12-15T06:50:00Z,4055.0
2018-12-15T06:55:00Z,6530.0
2018-12-15T07:00:00Z,10729.0
2018-12-15T07:05:00Z,9127.0
2018-12-15T07:10:00Z,7203.0
2018-12-15T07:15:00Z,5818.0
2018-12-15T07:20:00Z,5614.0
2018-12-15T07:25:00Z,8386.0
2018-12-15T07:30:00Z,6003.0
2018-12-15T07:35:00Z,3879.0
2018-12-15T07:40:00Z,5129.0
2018-12-15T07:45:00Z,4037.0
2018-12-15T07:50:00Z,3655.0
2018-12-15T07:55:00Z,4308.0
2018-12-15T08:00:00Z,20310.0
2018-12-15T08:05:00Z,38024.0
2018-12-15T08:10:00Z,12294.0
2018-12-15T08:15:00Z,6087.0
2018-12-15T08:20:00Z,4966.0
2018-12-15T08:25:00Z,4316.0
2018-12-15T08:30:00Z,11343.0
2018-12-15T08:35:00Z,7228.0
2018-12-15T08:40:00Z,2855.0
2018-12-15T08:45:00Z,3552.0
2018-12-15T08:50:00Z,2461.0
2018-12-15T08:55:00Z,3148.0
2018-12-15T09:00:00Z,3904.0
2018-12-15T09:05:00Z,3425.0
2018-12-15T09:10:00Z,3293.0
2018-12-15T09:15:00Z,10732.0
2018-12-15T09:20:00Z,3634.0
2018-12-15T09:25:00Z,2780.0
2018-12-15T09:30:00Z,3402.0
2018-12-15T09:35:00Z,3188.0
2018-12-15T09:40:00Z,3072.0
2018-12-15T09:45:00Z,4782.0
2018-12-15T09:50:00Z,2923.0
2018-12-15T09:55:00Z,2633.0
2018-12-15T10:00:00Z,3379.0
2018-12-15T10:05:00Z,3374.0
2018-12-15T10:10:00Z,2771.0
2018-12-15T10:15:00Z,3082.0
2018-12-15T10:20:00Z,2586.0
2018-12-15T10:25:00Z,2421.0
2018-12-15T10:30:00Z,3386.0
2018-12-15T10:35:00Z,2452.0
2018-12-15T10:40:00Z,2097.0
2018-12-15T10:45:00Z,4924.0
2018-12-15T10:50:00Z,2565.0
2018-12-15T10:55:00Z,1866.0
2018-12-15T11:00:00Z,3443.0
2018-12-15T11:05:00Z,2491.0
2018-12-15T11:10:00Z,4334.0
2018-12-15T11:15:00Z,5129.0
2018-12-15T11:20:00Z,2704.0
2018-12-15T11:25:00Z,2857.0
2018-12-15T11:30:00Z,5934.0
2018-12-15T11:35:00Z,3747.0
2018-12-15T11:40:00Z,2632.0
2018-12-15T11:45:00Z,4544.0
2018-12-15T11:50:00Z,2518.0
2018-12-15T11:55:00Z,3091.0
2018-12-15T12:00:00Z,12456.0
2018-12-15T12:05:00Z,40087.0
2018-12-15T12:10:00Z,21641.0
2018-12-15T12:15:00Z,5802.0
2018-12-15T12:20:00Z,5040.0
2018-12-15T12:25:00Z,2672.0
2018-12-15T12:30:00Z,5667.0
2018-12-15T12:35:00Z,6812.0
2018-12-15T12:40:00Z,3378.0
2018-12-15T12:45:00Z,5016.0
2018-12-15T12:50:00Z,6056.0
2018-12-15T12:55:00Z,2682.0
2018-12-15T13:00:00Z,3315.0
2018-12-15T13:05:00Z,3724.0
2018-12-15T13:10:00Z,3805.0
2018-12-15T13:15:00Z,4529.0
2018-12-15T13:20:00Z,3994.0
2018-12-15T13:25:00Z,3986.0
2018-12-15T13:30:00Z,4847.0
2018-12-15T13:35:00Z,5377.0
2018-12-15T13:40:00Z,3324.0
2018-12-15T13:45:00Z,3497.0
2018-12-15T13:50:00Z,3665.0
2018-12-15T13:55:00Z,4346.0
2018-12-15T14:00:00Z,4616.0
2018-12-15T14:05:00Z,4569.0
2018-12-15T14:10:00Z,5030.0
2018-12-15T14:15:00Z,4923.0
2018-12-15T14:20:00Z,5301.0
2018-12-15T14:25:00Z,4170.0
2018-12-15T14:30:00Z,4561.0
2018-12-15T14:35:00Z,5654.0
2018-12-15T14:40:00Z,4001.0
2018-12-15T14:45:00Z,4467.0
2018-12-15T14:50:00Z,3585.0
2018-12-15T14:55:00Z,4434.0
2018-12-15T15:00:00Z,3380.0
2018-12-15T15:05:00Z,4599.0
2018-12-15T15:10:00Z,4445.0
2018-12-15T15:15:00Z,4578.0
2018-12-15T15:20:00Z,8368.0
2018-12-15T15:25:00Z,3498.0
2018-12-15T15:30:00Z,4930.0
2018-12-15T15:35:00Z,9819.0
2018-12-15T15:40:00Z,2976.0
2018-12-15T15:45:00Z,5294.0
2018-12-15T15:50:00Z,9360.0
2018-12-15T15:55:00Z,7883.0
2018-12-15T16:00:00Z,29728.0
2018-12-15T16:05:00Z,42086.0
2018-12-15T16:10:00Z,9132.0
2018-12-15T16:15:00Z,4804.0
2018-12-15T16:20:00Z,8175.0
2018-12-15T16:25:00Z,4746.0
2018-12-15T16:30:00Z,5528.0
2018-12-15T16:35:00Z,9476.0
2018-12-15T16:40:00Z,11017.0
2018-12-15T16:45:00Z,6235.0
2018-12-15T16:50:00Z,8883.0
2018-12-15T16:55:00Z,5437.0
2018-12-15T17:00:00Z,5473.0
2018-12-15T17:05:00Z,5582.0
2018-12-15T17:10:00Z,5043.0
2018-12-15T17:15:00Z,5077.0
2018-12-15T17:20:00Z,5276.0
2018-12-15T17:25:00Z,5160.0
2018-12-15T17:30:00Z,4920.0
2018-12-15T17:35:00Z,5788.0
2018-12-15T17:40:00Z,5889.0
2018-12-15T17:45:00Z,4153.0
2018-12-15T17:50:00Z,8168.0
2018-12-15T17:55:00Z,8014.0
2018-12-15T18:00:00Z,5062.0
2018-12-15T18:05:00Z,5596.0
2018-12-15T18:10:00Z,5152.0
2018-12-15T18:15:00Z,6141.0
2018-12-15T18:20:00Z,5961.0
2018-12-15T18:25:00Z,4684.0
2018-12-15T18:30:00Z,5106.0
2018-12-15T18:35:00Z,5194.0
2018-12-15T18:40:00Z,5151.0
2018-12-15T18:45:00Z,4767.0
2018-12-15T18:50:00Z,7669.0
2018-12-15T18:55:00Z,5978.0
2018-12-15T19:00:00Z,4548.0
2018-12-15T19:05:00Z,8758.0
2018-12-15T19:10:00Z,9655.0
2018-12-15T19:15:00Z,5384.0
2018-12-15T19:20:00Z,9153.0
2018-12-15T19:25:00Z,9005.0
2018-12-15T19:30:00Z,5840.0
2018-12-15T19:35:00Z,6442.0
2018-12-15T19:40:00Z,6674.0
2018-12-15T19:45:00Z,4878.0
2018-12-15T19:50:00Z,7162.0
2018-12-15T19:55:00Z,10638.0
2018-12-15T20:00:00Z,35513.0
2018-12-15T20:05:00Z,49992.0
2018-12-15T20:10:00Z,11985.0
2018-12-15T20:15:00Z,5323.0
2018-12-15T20:20:00Z,4852.0
2018-12-15T20:25:00Z,4726.0
2018-12-15T20:30:00Z,4356.0
2018-12-15T20:35:00Z,5467.0
2018-12-15T20:40:00Z,9208.0
2018-12-15T20:45:00Z,4842.0
2018-12-15T20:50:00Z,5154.0
2018-12-15T20:55:00Z,5804.0
2018-12-15T21:00:00Z,4084.0
2018-12-15T21:05:00Z,5785.0
2018-12-15T21:10:00Z,9569.0
2018-12-15T21:15:00Z,5401.0
2018-12-15T21:20:00Z,5666.0
2018-12-15T21:25:00Z,10797.0
2018-12-15T21:30:00Z,4819.0
2018-12-15T21:35:00Z,6255.0
2018-12-15T21:40:00Z,6783.0
2018-12-15T21:45:00Z,4334.0
2018-12-15T21:50:00Z,4835.0
2018-12-15T21:55:00Z,9133.0
2018-12-15T22:00:00Z,5793.0
2018-12-15T22:05:00Z,9979.0
2018-12-15T22:10:00Z,14302.0
2018-12-15T22:15:00Z,9931.0
2018-12-15T22:20:00Z,6345.0
2018-12-15T22:25:00Z,6906.0
2018-12-15T22:30:00Z,5881.0
2018-12-15T22:35:00Z,6360.0
2018-12-15T22:40:00Z,9486.0
2018-12-15T22:45:00Z,7591.0
2018-12-15T22:50:00Z,4534.0
2018-12-15T22:55:00Z,4972.0
2018-12-15T23:00:00Z,4634.0
2018-12-15T23:05:00Z,5655.0
2018-12-15T23:10:00Z,9526.0
2018-12-15T23:15:00Z,7034.0
2018-12-15T23:20:00Z,4233.0
2018-12-15T23:25:00Z,6508.0
2018-12-15T23:30:00Z,6152.0
2018-12-15T23:35:00Z,4929.0
2018-12-15T23:40:00Z,5596.0
2018-12-15T23:45:00Z,5841.0
2018-12-15T23:50:00Z,3878.0
2018-12-15T23:55:00Z,6585.0
2018-12-16T00:00:00Z,24990.0
2018-12-16T00:05:00Z,43418.0
2018-12-16T00:10:00Z,15063.0
2018-12-16T00:15:00Z,5288.0
2018-12-16T00:20:00Z,4634.0
2018-12-16T00:25:00Z,3691.0
2018-12-16T00:30:00Z,4515.0
2018-12-16T00:35:00Z,5491.0
2018-12-16T00:40:00Z,3851.0
2018-12-16T00:45:00Z,3883.0
2018-12-16T00:50:00Z,3010.0
2018-12-16T00:55:00Z,4866.0
2018-12-16T01:00:00Z,5489.0
2018-12-16T01:05:00Z,5363.0
2018-12-16T01:10:00Z,6271.0
2018-12-16T01:15:00Z,6706.0
2018-12-16T01:20:00Z,4304.0
2018-12-16T01:25:00Z,5079.0
2018-12-16T01:30:00Z,5648.0
2018-12-16T01:35:00Z,4283.0
2018-12-16T01:40:00Z,4011.0
2018-12-16T01:45:00Z,5428.0
2018-12-16T01:50:00Z,4603.0
2018-12-16T01:55:00Z,4357.0
2018-12-16T02:00:00Z,4390.0
2018-12-16T02:05:00Z,5564.0
2018-12-16T02:10:00Z,5850.0
2018-12-16T02:15:00Z,5271.0
2018-12-16T02:20:00Z,4183.0
2018-12-16T02:25:00Z,3894.0
2018-12-16T02:30:00Z,4029.0
2018-12-16T02:35:00Z,3867.0
2018-12-16T02:40:00Z,3956.0
2018-12-16T02:45:00Z,3959.0
2018-12-16T02:50:00Z,3440.0
2018-12-16T02:55:00Z,3680.0
2018-12-16T03:00:00Z,3834.0
2018-12-16T03:05:00Z,3332.0
2018-12-16T03:10:00Z,5919.0
2018-12-16T03:15:00Z,5799.0
2018-12-16T03:20:00Z,3423.0
2018-12-16T03:25:00Z,3214.0
2018-12-16T03:30:00Z,4026.0
2018-12-16T03:35:00Z,2608.0
2018-12-16T03:40:00Z,3206.0
2018-12-16T03:45:00Z,4128.0
2018-12-16T03:50:00Z,2870.0
2018-12-16T03:55:00Z,6032.0
2018-12-16T04:00:00Z,28425.0
2018-12-16T04:05:00Z,46202.0
2018-12-16T04:10:00Z,12065.0
2018-12-16T04:15:00Z,7000.0
2018-12-16T04:20:00Z,3888.0
2018-12-16T04:25:00Z,3166.0
2018-12-16T04:30:00Z,4044.0
2018-12-16T04:35:00Z,3415.0
2018-12-16T04:40:00Z,2632.0
2018-12-16T04:45:00Z,3144.0
2018-12-16T04:50:00Z,2776.0
2018-12-16T04:55:00Z,2518.0
2018-12-16T05:00:00Z,3123.0
2018-12-16T05:05:00Z,3070.0
2018-12-16T05:10:00Z,3104.0
2018-12-16T05:15:00Z,3435.0
2018-12-16T05:20:00Z,3328.0
2018-12-16T05:25:00Z,3991.0
2018-12-16T05:30:00Z,4149.0
2018-12-16T05:35:00Z,4360.0
2018-12-16T05:40:00Z,3611.0
2018-12-16T05:45:00Z,3782.0
2018-12-16T05:50:00Z,3589.0
2018-12-16T05:55:00Z,3410.0
2018-12-16T06:00:00Z,4353.0
2018-12-16T06:05:00Z,4277.0
2018-12-16T06:10:00Z,4727.0
2018-12-16T06:15:00Z,3958.0
2018-12-16T06:20:00Z,3377.0
2018-12-16T06:25:00Z,2445.0
2018-12-16T06:30:00Z,3069.0
2018-12-16T06:35:00Z,4551.0
2018-12-16T06:40:00Z,3284.0
2018-12-16T06:45:00Z,3927.0
2018-12-16T06:50:00Z,2407.0
2018-12-16T06:55:00Z,2384.0
2018-12-16T07:00:00Z,3286.0
2018-12-16T07:05:00Z,2730.0
2018-12-16T07:10:00Z,2269.0
2018-12-16T07:15:00Z,4615.0
2018-12-16T07:20:00Z,2369.0
2018-12-16T07:25:00Z,2007.0
2018-12-16T07:30:00Z,4020.0
2018-12-16T07:35:00Z,3894.0
2018-12-16T07:40:00Z,2370.0
2018-12-16T07:45:00Z,4948.0
2018-12-16T07:50:00Z,4681.0
2018-12-16T07:55:00Z,2161.0
2018-12-16T08:00:00Z,14668.0
2018-12-16T08:05:00Z,31149.0
2018-12-16T08:10:00Z,21509.0
2018-12-16T08:15:00Z,6410.0
2018-12-16T08:20:00Z,6162.0
2018-12-16T08:25:00Z,3491.0
2018-12-16T08:30:00Z,3471.0
2018-12-16T08:35:00Z,2596.0
2018-12-16T08:40:00Z,2268.0
2018-12-16T08:45:00Z,1931.0
2018-12-16T08:50:00Z,2624.0
2018-12-16T08:55:00Z,2082.0
2018-12-16T09:00:00Z,2185.0
2018-12-16T09:05:00Z,2515.0
2018-12-16T09:10:00Z,1673.0
2018-12-16T09:15:00Z,2158.0
2018-12-16T09:20:00Z,2745.0
2018-12-16T09:25:00Z,1764.0
2018-12-16T09:30:00Z,2549.0
2018-12-16T09:35:00Z,2290.0
2018-12-16T09:40:00Z,1250.0
2018-12-16T09:45:00Z,1918.0
2018-12-16T09:50:00Z,2512.0
2018-12-16T09:55:00Z,1330.0
2018-12-16T10:00:00Z,2613.0
2018-12-16T10:05:00Z,3326.0
2018-12-16T10:10:00Z,3109.0
2018-12-16T10:15:00Z,2095.0
2018-12-16T10:20:00Z,2894.0
2018-12-16T10:25:00Z,1998.0
2018-12-16T10:30:00Z,2243.0
2018-12-16T10:35:00Z,2019.0
2018-12-16T10:40:00Z,1846.0
2018-12-16T10:45:00Z,1871.0
2018-12-16T10:50:00Z,2074.0
2018-12-16T10:55:00Z,1323.0
2018-12-16T11:00:00Z,2111.0
2018-12-16T11:05:00Z,3490.0
2018-12-16T11:10:00Z,2034.0
2018-12-16T11:15:00Z,2468.0
2018-12-16T11:20:00Z,4616.0
2018-12-16T11:25:00Z,1538.0
2018-12-16T11:30:00Z,2161.0
2018-12-16T11:35:00Z,3017.0
2018-12-16T11:40:00Z,2361.0
2018-12-16T11:45:00Z,2217.0
2018-12-16T11:50:00Z,2778.0
2018-12-16T11:55:00Z,2750.0
2018-12-16T12:00:00Z,27293.0
2018-12-16T12:05:00Z,41544.0
2018-12-16T12:10:00Z,13691.0
2018-12-16T12:15:00Z,2226.0
2018-12-16T12:20:00Z,3917.0
2018-12-16T12:25:00Z,1787.0
2018-12-16T12:30:00Z,2133.0
2018-12-16T12:35:00Z,2603.0
2018-12-16T12:40:00Z,1835.0
2018-12-16T12:45:00Z,2347.0
2018-12-16T12:50:00Z,2611.0
2018-12-16T12:55:00Z,2515.0
2018-12-16T13:00:00Z,2022.0
2018-12-16T13:05:00Z,3389.0
2018-12-16T13:10:00Z,3361.0
2018-12-16T13:15:00Z,3482.0
2018-12-16T13:20:00Z,3200.0
2018-12-16T13:25:00Z,3501.0
2018-12-16T13:30:00Z,3161.0
2018-12-16T13:35:00Z,2519.0
2018-12-16T13:40:00Z,2893.0
2018-12-16T13:45:00Z,3445.0
2018-12-16T13:50:00Z,3502.0
2018-12-16T13:55:00Z,2079.0
2018-12-16T14:00:00Z,3188.0
2018-12-16T14:05:00Z,4133.0
2018-12-16T14:10:00Z,4827.0
2018-12-16T14:15:00Z,4764.0
2018-12-16T14:20:00Z,5107.0
2018-12-16T14:25:00Z,4118.0
2018-12-16T14:30:00Z,4067.0
2018-12-16T14:35:00Z,5099.0
2018-12-16T14:40:00Z,4868.0
2018-12-16T14:45:00Z,2887.0
2018-12-16T14:50:00Z,4482.0
2018-12-16T14:55:00Z,3586.0
2018-12-16T15:00:00Z,3145.0
2018-12-16T15:05:00Z,5016.0
2018-12-16T15:10:00Z,4730.0
2018-12-16T15:15:00Z,3418.0
2018-12-16T15:20:00Z,3671.0
2018-12-16T15:25:00Z,3645.0
2018-12-16T15:30:00Z,4778.0
2018-12-16T15:35:00Z,5182.0
2018-12-16T15:40:00Z,4638.0
2018-12-16T15:45:00Z,3254.0
2018-12-16T15:50:00Z,3162.0
2018-12-16T15:55:00Z,6065.0
2018-12-16T16:00:00Z,19796.0
2018-12-16T16:05:00Z,43793.0
2018-12-16T16:10:00Z,11255.0
2018-12-16T16:15:00Z,4743.0
2018-12-16T16:20:00Z,5170.0
2018-12-16T16:25:00Z,7200.0
2018-12-16T16:30:00Z,4721.0
2018-12-16T16:35:00Z,5624.0
2018-12-16T16:40:00Z,6315.0
2018-12-16T16:45:00Z,6706.0
2018-12-16T16:50:00Z,5320.0
2018-12-16T16:55:00Z,7162.0
2018-12-16T17:00:00Z,6571.0
2018-12-16T17:05:00Z,7801.0
2018-12-16T17:10:00Z,8235.0
2018-12-16T17:15:00Z,8536.0
2018-12-16T17:20:00Z,7072.0
2018-12-16T17:25:00Z,7356.0
2018-12-16T17:30:00Z,8298.0
2018-12-16T17:35:00Z,7581.0
2018-12-16T17:40:00Z,9146.0
2018-12-16T17:45:00Z,6400.0
2018-12-16T17:50:00Z,6858.0
2018-12-16T17:55:00Z,7244.0
2018-12-16T18:00:00Z,4911.0
2018-12-16T18:05:00Z,6597.0
2018-12-16T18:10:00Z,7149.0
2018-12-16T18:15:00Z,7514.0
2018-12-16T18:20:00Z,5405.0
2018-12-16T18:25:00Z,5510.0
2018-12-16T18:30:00Z,5037.0
2018-12-16T18:35:00Z,6124.0
2018-12-16T18:40:00Z,5987.0
2018-12-16T18:45:00Z,5282.0
2018-12-16T18:50:00Z,3928.0
2018-12-16T18:55:00Z,5281.0
2018-12-16T19:00:00Z,4978.0
2018-12-16T19:05:00Z,5680.0
2018-12-16T19:10:00Z,11821.0
2018-12-16T19:15:00Z,7369.0
2018-12-16T19:20:00Z,5937.0
2018-12-16T19:25:00Z,5816.0
2018-12-16T19:30:00Z,6688.0
2018-12-16T19:35:00Z,6094.0
2018-12-16T19:40:00Z,5213.0
2018-12-16T19:45:00Z,5314.0
2018-12-16T19:50:00Z,5816.0
2018-12-16T19:55:00Z,6674.0
2018-12-16T20:00:00Z,25694.0
2018-12-16T20:05:00Z,46612.0
2018-12-16T20:10:00Z,12957.0
2018-12-16T20:15:00Z,8158.0
2018-12-16T20:20:00Z,4435.0
2018-12-16T20:25:00Z,6212.0
2018-12-16T20:30:00Z,6266.0
2018-12-16T20:35:00Z,6954.0
2018-12-16T20:40:00Z,5770.0
2018-12-16T20:45:00Z,5853.0
2018-12-16T20:50:00Z,5473.0
2018-12-16T20:55:00Z,6007.0
2018-12-16T21:00:00Z,6530.0
2018-12-16T21:05:00Z,4883.0
2018-12-16T21:10:00Z,6261.0
2018-12-16T21:15:00Z,6533.0
2018-12-16T21:20:00Z,6026.0
2018-12-16T21:25:00Z,5202.0
2018-12-16T21:30:00Z,5535.0
2018-12-16T21:35:00Z,6111.0
2018-12-16T21:40:00Z,6321.0
2018-12-16T21:45:00Z,7122.0
2018-12-16T21:50:00Z,6318.0
2018-12-16T21:55:00Z,5743.0
2018-12-16T22:00:00Z,7365.0
2018-12-16T22:05:00Z,10131.0
2018-12-16T22:10:00Z,12307.0
2018-12-16T22:15:00Z,13868.0
2018-12-16T22:20:00Z,9133.0
2018-12-16T22:25:00Z,8938.0
2018-12-16T22:30:00Z,7245.0
2018-12-16T22:35:00Z,7149.0
2018-12-16T22:40:00Z,6220.0
2018-12-16T22:45:00Z,5610.0
2018-12-16T22:50:00Z,6999.0
2018-12-16T22:55:00Z,8120.0
2018-12-16T23:00:00Z,6761.0
2018-12-16T23:05:00Z,7987.0
2018-12-16T23:10:00Z,11750.0
2018-12-16T23:15:00Z,9721.0
2018-12-16T23:20:00Z,9720.0
2018-12-16T23:25:00Z,9568.0
2018-12-16T23:30:00Z,10536.0
2018-12-16T23:35:00Z,9568.0
2018-12-16T23:40:00Z,9877.0
2018-12-16T23:45:00Z,9805.0
2018-12-16T23:50:00Z,7237.0
2018-12-16T23:55:00Z,9619.0
2018-12-17T00:00:00Z,28998.0
2018-12-17T00:05:00Z,41884.0
2018-12-17T00:10:00Z,16943.0
2018-12-17T00:15:00Z,15123.0
2018-12-17T00:20:00Z,11734.0
2018-12-17T00:25:00Z,12658.0
2018-12-17T00:30:00Z,11424.0
2018-12-17T00:35:00Z,9002.0
2018-12-17T00:40:00Z,7589.0
2018-12-17T00:45:00Z,9060.0
2018-12-17T00:50:00Z,6453.0
2018-12-17T00:55:00Z,6327.0
2018-12-17T01:00:00Z,7837.0
2018-12-17T01:05:00Z,8794.0
2018-12-17T01:10:00Z,7967.0
2018-12-17T01:15:00Z,10198.0
2018-12-17T01:20:00Z,9324.0
2018-12-17T01:25:00Z,10128.0
2018-12-17T01:30:00Z,7926.0
2018-12-17T01:35:00Z,7727.0
2018-12-17T01:40:00Z,8473.0
2018-12-17T01:45:00Z,8040.0
2018-12-17T01:50:00Z,6293.0
2018-12-17T01:55:00Z,8626.0
2018-12-17T02:00:00Z,8203.0
2018-12-17T02:05:00Z,9436.0
2018-12-17T02:10:00Z,10122.0
2018-12-17T02:15:00Z,11246.0
2018-12-17T02:20:00Z,8573.0
2018-12-17T02:25:00Z,8283.0
2018-12-17T02:30:00Z,8914.0
2018-12-17T02:35:00Z,9598.0
2018-12-17T02:40:00Z,8363.0
2018-12-17T02:45:00Z,8340.0
2018-12-17T02:50:00Z,7630.0
2018-12-17T02:55:00Z,8119.0
2018-12-17T03:00:00Z,8932.0
2018-12-17T03:05:00Z,8492.0
2018-12-17T03:10:00Z,7433.0
2018-12-17T03:15:00Z,11209.0
2018-12-17T03:20:00Z,9838.0
2018-12-17T03:25:00Z,10055.0
2018-12-17T03:30:00Z,9499.0
2018-12-17T03:35:00Z,8325.0
2018-12-17T03:40:00Z,8463.0
2018-12-17T03:45:00Z,9015.0
2018-12-17T03:50:00Z,8238.0
2018-12-17T03:55:00Z,10412.0
2018-12-17T04:00:00Z,33445.0
2018-12-17T04:05:00Z,42510.0
2018-12-17T04:10:00Z,19069.0
2018-12-17T04:15:00Z,12750.0
2018-12-17T04:20:00Z,10552.0
2018-12-17T04:25:00Z,9707.0
2018-12-17T04:30:00Z,11154.0
2018-12-17T04:35:00Z,12327.0
2018-12-17T04:40:00Z,10777.0
2018-12-17T04:45:00Z,9980.0
2018-12-17T04:50:00Z,9681.0
2018-12-17T04:55:00Z,10555.0
2018-12-17T05:00:00Z,11404.0
2018-12-17T05:05:00Z,9824.0
2018-12-17T05:10:00Z,10593.0
2018-12-17T05:15:00Z,12105.0
2018-12-17T05:20:00Z,12224.0
2018-12-17T05:25:00Z,11926.0
2018-12-17T05:30:00Z,11966.0
2018-12-17T05:35:00Z,10877.0
2018-12-17T05:40:00Z,14323.0
2018-12-17T05:45:00Z,12352.0
2018-12-17T05:50:00Z,9967.0
2018-12-17T05:55:00Z,10060.0
2018-12-17T06:00:00Z,9612.0
2018-12-17T06:05:00Z,11254.0
2018-12-17T06:10:00Z,11789.0
2018-12-17T06:15:00Z,10783.0
2018-12-17T06:20:00Z,9192.0
2018-12-17T06:25:00Z,8969.0
2018-12-17T06:30:00Z,9554.0
2018-12-17T06:35:00Z,10093.0
2018-12-17T06:40:00Z,8829.0
2018-12-17T06:45:00Z,8825.0
2018-12-17T06:50:00Z,9460.0
2018-12-17T06:55:00Z,9700.0
2018-12-17T07:00:00Z,10528.0
2018-12-17T07:05:00Z,9897.0
2018-12-17T07:10:00Z,9464.0
2018-12-17T07:15:00Z,8549.0
2018-12-17T07:20:00Z,12065.0
2018-12-17T07:25:00Z,8073.0
2018-12-17T07:30:00Z,9325.0
2018-12-17T07:35:00Z,8915.0
2018-12-17T07:40:00Z,7353.0
2018-12-17T07:45:00Z,8549.0
2018-12-17T07:50:00Z,9195.0
2018-12-17T07:55:00Z,9694.0
2018-12-17T08:00:00Z,23555.0
2018-12-17T08:05:00Z,46624.0
2018-12-17T08:10:00Z,14141.0
2018-12-17T08:15:00Z,9080.0
2018-12-17T08:20:00Z,10221.0
2018-12-17T08:25:00Z,7184.0
2018-12-17T08:30:00Z,7061.0
2018-12-17T08:35:00Z,8527.0
2018-12-17T08:40:00Z,5619.0
2018-12-17T08:45:00Z,7675.0
2018-12-17T08:50:00Z,8433.0
2018-12-17T08:55:00Z,7290.0
2018-12-17T09:00:00Z,9012.0
2018-12-17T09:05:00Z,8300.0
2018-12-17T09:10:00Z,7900.0
2018-12-17T09:15:00Z,7656.0
2018-12-17T09:20:00Z,7630.0
2018-12-17T09:25:00Z,6238.0
2018-12-17T09:30:00Z,6953.0
2018-12-17T09:35:00Z,9978.0
2018-12-17T09:40:00Z,7374.0
2018-12-17T09:45:00Z,6968.0
2018-12-17T09:50:00Z,8296.0
2018-12-17T09:55:00Z,7572.0
2018-12-17T10:00:00Z,7268.0
2018-12-17T10:05:00Z,8210.0
2018-12-17T10:10:00Z,8231.0
2018-12-17T10:15:00Z,7137.0
2018-12-17T10:20:00Z,7540.0
2018-12-17T10:25:00Z,8205.0
2018-12-17T10:30:00Z,6963.0
2018-12-17T10:35:00Z,6743.0
2018-12-17T10:40:00Z,7282.0
2018-12-17T10:45:00Z,6680.0
2018-12-17T10:50:00Z,5932.0
2018-12-17T10:55:00Z,6680.0
2018-12-17T11:00:00Z,7535.0
2018-12-17T11:05:00Z,9292.0
2018-12-17T11:10:00Z,7548.0
2018-12-17T11:15:00Z,6085.0
2018-12-17T11:20:00Z,8553.0
2018-12-17T11:25:00Z,9123.0
2018-12-17T11:30:00Z,7464.0
2018-12-17T11:35:00Z,8747.0
2018-12-17T11:40:00Z,9220.0
2018-12-17T11:45:00Z,8129.0
2018-12-17T11:50:00Z,7188.0
2018-12-17T11:55:00Z,9175.0
2018-12-17T12:00:00Z,30599.0
2018-12-17T12:05:00Z,48779.0
2018-12-17T12:10:00Z,12860.0
2018-12-17T12:15:00Z,8851.0
2018-12-17T12:20:00Z,9474.0
2018-12-17T12:25:00Z,10167.0
2018-12-17T12:30:00Z,10472.0
2018-12-17T12:35:00Z,9340.0
2018-12-17T12:40:00Z,9875.0
2018-12-17T12:45:00Z,9502.0
2018-12-17T12:50:00Z,8554.0
2018-12-17T12:55:00Z,9507.0
2018-12-17T13:00:00Z,8706.0
2018-12-17T13:05:00Z,11191.0
2018-12-17T13:10:00Z,12828.0
2018-12-17T13:15:00Z,10272.0
2018-12-17T13:20:00Z,9702.0
2018-12-17T13:25:00Z,10757.0
2018-12-17T13:30:00Z,10578.0
2018-12-17T13:35:00Z,13471.0
2018-12-17T13:40:00Z,13465.0
2018-12-17T13:45:00Z,12618.0
2018-12-17T13:50:00Z,12117.0
2018-12-17T13:55:00Z,13821.0
2018-12-17T14:00:00Z,12804.0
2018-12-17T14:05:00Z,13708.0
2018-12-17T14:10:00Z,15479.0
2018-12-17T14:15:00Z,15415.0
2018-12-17T14:20:00Z,16189.0
2018-12-17T14:25:00Z,16551.0
2018-12-17T14:30:00Z,14906.0
2018-12-17T14:35:00Z,15888.0
2018-12-17T14:40:00Z,16349.0
2018-12-17T14:45:00Z,19445.0
2018-12-17T14:50:00Z,18405.0
2018-12-17T14:55:00Z,17963.0
2018-12-17T15:00:00Z,18515.0
2018-12-17T15:05:00Z,19084.0
2018-12-17T15:10:00Z,20408.0
2018-12-17T15:15:00Z,20068.0
2018-12-17T15:20:00Z,20575.0
2018-12-17T15:25:00Z,21862.0
2018-12-17T15:30:00Z,22340.0
2018-12-17T15:35:00Z,23947.0
2018-12-17T15:40:00Z,25576.0
2018-12-17T15:45:00Z,24625.0
2018-12-17T15:50:00Z,24021.0
2018-12-17T15:55:00Z,33329.0
2018-12-17T16:00:00Z,47072.0
2018-12-17T16:05:00Z,58490.0
2018-12-17T16:10:00Z,34803.0
2018-12-17T16:15:00Z,32658.0
2018-12-17T16:20:00Z,28946.0
2018-12-17T16:25:00Z,32375.0
2018-12-17T16:30:00Z,32861.0
2018-12-17T16:35:00Z,32902.0
2018-12-17T16:40:00Z,40203.0
2018-12-17T16:45:00Z,44690.0
2018-12-17T16:50:00Z,43594.0
2018-12-17T16:55:00Z,39929.0
2018-12-17T17:00:00Z,41536.0
2018-12-17T17:05:00Z,47887.0
2018-12-17T17:10:00Z,47221.0
2018-12-17T17:15:00Z,41935.0
2018-12-17T17:20:00Z,43990.0
2018-12-17T17:25:00Z,52740.0
2018-12-17T17:30:00Z,45979.0
2018-12-17T17:35:00Z,45331.0
2018-12-17T17:40:00Z,48982.0
2018-12-17T17:45:00Z,49870.0
2018-12-17T17:50:00Z,50047.0
2018-12-17T17:55:00Z,58869.0
2018-12-17T18:00:00Z,58718.0
2018-12-17T18:05:00Z,54464.0
2018-12-17T18:10:00Z,49363.0
2018-12-17T18:15:00Z,52698.0
2018-12-17T18:20:00Z,51770.0
2018-12-17T18:25:00Z,54515.0
2018-12-17T18:30:00Z,54290.0
2018-12-17T18:35:00Z,55542.0
2018-12-17T18:40:00Z,58549.0
2018-12-17T18:45:00Z,55969.0
2018-12-17T18:50:00Z,63232.0
2018-12-17T18:55:00Z,67044.0
2018-12-17T19:00:00Z,64329.0
2018-12-17T19:05:00Z,61460.0
2018-12-17T19:10:00Z,62159.0
2018-12-17T19:15:00Z,58515.0
2018-12-17T19:20:00Z,55475.0
2018-12-17T19:25:00Z,52645.0
2018-12-17T19:30:00Z,51194.0
2018-12-17T19:35:00Z,57657.0
2018-12-17T19:40:00Z,54662.0
2018-12-17T19:45:00Z,56159.0
2018-12-17T19:50:00Z,54374.0
2018-12-17T19:55:00Z,54783.0
2018-12-17T20:00:00Z,76828.0
2018-12-17T20:05:00Z,81057.0
2018-12-17T20:10:00Z,53438.0
2018-12-17T20:15:00Z,53842.0
2018-12-17T20:20:00Z,44523.0
2018-12-17T20:25:00Z,46600.0
2018-12-17T20:30:00Z,50612.0
2018-12-17T20:35:00Z,44372.0
2018-12-17T20:40:00Z,50054.0
2018-12-17T20:45:00Z,51903.0
2018-12-17T20:50:00Z,51532.0
2018-12-17T20:55:00Z,47812.0
2018-12-17T21:00:00Z,52508.0
2018-12-17T21:05:00Z,46633.0
2018-12-17T21:10:00Z,52474.0
2018-12-17T21:15:00Z,51492.0
2018-12-17T21:20:00Z,52775.0
2018-12-17T21:25:00Z,47458.0
2018-12-17T21:30:00Z,55090.0
2018-12-17T21:35:00Z,56008.0
2018-12-17T21:40:00Z,49487.0
2018-12-17T21:45:00Z,53868.0
2018-12-17T21:50:00Z,54327.0
2018-12-17T21:55:00Z,56048.0
2018-12-17T22:00:00Z,59758.0
2018-12-17T22:05:00Z,58269.0
2018-12-17T22:10:00Z,61316.0
2018-12-17T22:15:00Z,58214.0
2018-12-17T22:20:00Z,54880.0
2018-12-17T22:25:00Z,55748.0
2018-12-17T22:30:00Z,55835.0
2018-12-17T22:35:00Z,52668.0
2018-12-17T22:40:00Z,50967.0
2018-12-17T22:45:00Z,56367.0
2018-12-17T22:50:00Z,57576.0
2018-12-17T22:55:00Z,56425.0
2018-12-17T23:00:00Z,56737.0
2018-12-17T23:05:00Z,52195.0
2018-12-17T23:10:00Z,49594.0
2018-12-17T23:15:00Z,51128.0
2018-12-17T23:20:00Z,43595.0
2018-12-17T23:25:00Z,47233.0
2018-12-17T23:30:00Z,52417.0
2018-12-17T23:35:00Z,49980.0
2018-12-17T23:40:00Z,51822.0
2018-12-17T23:45:00Z,53391.0
2018-12-17T23:50:00Z,46871.0
2018-12-17T23:55:00Z,51658.0
2018-12-18T00:00:00Z,68981.0
2018-12-18T00:05:00Z,83745.0
2018-12-18T00:10:00Z,59502.0
2018-12-18T00:15:00Z,49784.0
2018-12-18T00:20:00Z,43730.0
2018-12-18T00:25:00Z,41038.0
2018-12-18T00:30:00Z,42705.0
2018-12-18T00:35:00Z,39811.0
2018-12-18T00:40:00Z,35869.0
2018-12-18T00:45:00Z,36136.0
2018-12-18T00:50:00Z,38070.0
2018-12-18T00:55:00Z,36363.0
2018-12-18T01:00:00Z,39790.0
2018-12-18T01:05:00Z,35133.0
2018-12-18T01:10:00Z,31235.0
2018-12-18T01:15:00Z,31326.0
2018-12-18T01:20:00Z,30160.0
2018-12-18T01:25:00Z,27090.0
2018-12-18T01:30:00Z,28721.0
2018-12-18T01:35:00Z,25873.0
2018-12-18T01:40:00Z,25179.0
2018-12-18T01:45:00Z,27722.0
2018-12-18T01:50:00Z,22761.0
2018-12-18T01:55:00Z,21316.0
2018-12-18T02:00:00Z,22856.0
2018-12-18T02:05:00Z,21990.0
2018-12-18T02:10:00Z,19445.0
2018-12-18T02:15:00Z,20495.0
2018-12-18T02:20:00Z,20793.0
2018-12-18T02:25:00Z,20380.0
2018-12-18T02:30:00Z,20203.0
2018-12-18T02:35:00Z,15790.0
2018-12-18T02:40:00Z,17636.0
2018-12-18T02:45:00Z,18435.0
2018-12-18T02:50:00Z,18232.0
2018-12-18T02:55:00Z,17131.0
2018-12-18T03:00:00Z,16636.0
2018-12-18T03:05:00Z,16785.0
2018-12-18T03:10:00Z,15587.0
2018-12-18T03:15:00Z,18101.0
2018-12-18T03:20:00Z,17209.0
2018-12-18T03:25:00Z,15951.0
2018-12-18T03:30:00Z,16821.0
2018-12-18T03:35:00Z,16703.0
2018-12-18T03:40:00Z,15256.0
2018-12-18T03:45:00Z,14402.0
2018-12-18T03:50:00Z,14547.0
2018-12-18T03:55:00Z,15443.0
2018-12-18T04:00:00Z,32595.0
2018-12-18T04:05:00Z,57296.0
2018-12-18T04:10:00Z,22335.0
2018-12-18T04:15:00Z,17282.0
2018-12-18T04:20:00Z,16158.0
2018-12-18T04:25:00Z,16548.0
2018-12-18T04:30:00Z,17148.0
2018-12-18T04:35:00Z,15456.0
2018-12-18T04:40:00Z,13778.0
2018-12-18T04:45:00Z,13862.0
2018-12-18T04:50:00Z,16197.0
2018-12-18T04:55:00Z,14129.0
2018-12-18T05:00:00Z,14467.0
2018-12-18T05:05:00Z,16324.0
2018-12-18T05:10:00Z,16269.0
2018-12-18T05:15:00Z,16723.0
2018-12-18T05:20:00Z,16715.0
2018-12-18T05:25:00Z,15636.0
2018-12-18T05:30:00Z,16799.0
2018-12-18T05:35:00Z,14913.0
2018-12-18T05:40:00Z,16377.0
2018-12-18T05:45:00Z,14972.0
2018-12-18T05:50:00Z,16103.0
2018-12-18T05:55:00Z,15265.0
2018-12-18T06:00:00Z,14605.0
2018-12-18T06:05:00Z,16664.0
2018-12-18T06:10:00Z,14653.0
2018-12-18T06:15:00Z,16275.0
2018-12-18T06:20:00Z,17520.0
2018-12-18T06:25:00Z,14216.0
2018-12-18T06:30:00Z,15029.0
2018-12-18T06:35:00Z,14839.0
2018-12-18T06:40:00Z,13306.0
2018-12-18T06:45:00Z,13578.0
2018-12-18T06:50:00Z,14337.0
2018-12-18T06:55:00Z,12955.0
2018-12-18T07:00:00Z,15614.0
2018-12-18T07:05:00Z,14348.0
2018-12-18T07:10:00Z,13784.0
2018-12-18T07:15:00Z,13706.0
2018-12-18T07:20:00Z,14624.0
2018-12-18T07:25:00Z,10637.0
2018-12-18T07:30:00Z,10624.0
2018-12-18T07:35:00Z,10928.0
2018-12-18T07:40:00Z,11058.0
2018-12-18T07:45:00Z,10136.0
2018-12-18T07:50:00Z,13080.0
2018-12-18T07:55:00Z,12950.0
2018-12-18T08:00:00Z,31223.0
2018-12-18T08:05:00Z,40068.0
2018-12-18T08:10:00Z,18194.0
2018-12-18T08:15:00Z,10143.0
2018-12-18T08:20:00Z,11000.0
2018-12-18T08:25:00Z,11447.0
2018-12-18T08:30:00Z,10080.0
2018-12-18T08:35:00Z,13271.0
2018-12-18T08:40:00Z,13090.0
2018-12-18T08:45:00Z,10005.0
2018-12-18T08:50:00Z,11361.0
2018-12-18T08:55:00Z,9882.0
2018-12-18T09:00:00Z,10832.0
2018-12-18T09:05:00Z,12406.0
2018-12-18T09:10:00Z,10088.0
2018-12-18T09:15:00Z,8909.0
2018-12-18T09:20:00Z,9943.0
2018-12-18T09:25:00Z,11280.0
2018-12-18T09:30:00Z,8545.0
2018-12-18T09:35:00Z,10936.0
2018-12-18T09:40:00Z,10330.0
2018-12-18T09:45:00Z,8710.0
2018-12-18T09:50:00Z,8867.0
2018-12-18T09:55:00Z,8311.0
2018-12-18T10:00:00Z,9458.0
2018-12-18T10:05:00Z,12971.0
2018-12-18T10:10:00Z,14846.0
2018-12-18T10:15:00Z,11113.0
2018-12-18T10:20:00Z,11462.0
2018-12-18T10:25:00Z,12607.0
2018-12-18T10:30:00Z,8119.0
2018-12-18T10:35:00Z,7179.0
2018-12-18T10:40:00Z,9292.0
2018-12-18T10:45:00Z,7305.0
2018-12-18T10:50:00Z,8131.0
2018-12-18T10:55:00Z,9854.0
2018-12-18T11:00:00Z,7562.0
2018-12-18T11:05:00Z,9419.0
2018-12-18T11:10:00Z,10020.0
2018-12-18T11:15:00Z,6753.0
2018-12-18T11:20:00Z,7584.0
2018-12-18T11:25:00Z,10827.0
2018-12-18T11:30:00Z,6527.0
2018-12-18T11:35:00Z,7538.0
2018-12-18T11:40:00Z,8926.0
2018-12-18T11:45:00Z,9204.0
2018-12-18T11:50:00Z,7483.0
2018-12-18T11:55:00Z,8413.0
2018-12-18T12:00:00Z,29173.0
2018-12-18T12:05:00Z,45940.0
2018-12-18T12:10:00Z,13792.0
2018-12-18T12:15:00Z,7130.0
2018-12-18T12:20:00Z,8318.0
2018-12-18T12:25:00Z,11695.0
2018-12-18T12:30:00Z,9664.0
2018-12-18T12:35:00Z,8994.0
2018-12-18T12:40:00Z,10165.0
2018-12-18T12:45:00Z,9388.0
2018-12-18T12:50:00Z,8907.0
2018-12-18T12:55:00Z,8174.0
2018-12-18T13:00:00Z,10591.0
2018-12-18T13:05:00Z,10840.0
2018-12-18T13:10:00Z,12757.0
2018-12-18T13:15:00Z,10453.0
2018-12-18T13:20:00Z,12091.0
2018-12-18T13:25:00Z,14221.0
2018-12-18T13:30:00Z,13197.0
2018-12-18T13:35:00Z,12460.0
2018-12-18T13:40:00Z,15397.0
2018-12-18T13:45:00Z,13890.0
2018-12-18T13:50:00Z,11897.0
2018-12-18T13:55:00Z,13645.0
2018-12-18T14:00:00Z,18056.0
2018-12-18T14:05:00Z,16767.0
2018-12-18T14:10:00Z,18228.0
2018-12-18T14:15:00Z,19834.0
2018-12-18T14:20:00Z,15488.0
2018-12-18T14:25:00Z,19550.0
2018-12-18T14:30:00Z,21689.0
2018-12-18T14:35:00Z,17706.0
2018-12-18T14:40:00Z,23375.0
2018-12-18T14:45:00Z,21085.0
2018-12-18T14:50:00Z,17570.0
2018-12-18T14:55:00Z,20956.0
2018-12-18T15:00:00Z,21416.0
2018-12-18T15:05:00Z,22785.0
2018-12-18T15:10:00Z,26659.0
2018-12-18T15:15:00Z,25179.0
2018-12-18T15:20:00Z,21302.0
2018-12-18T15:25:00Z,26288.0
2018-12-18T15:30:00Z,22864.0
2018-12-18T15:35:00Z,22020.0
2018-12-18T15:40:00Z,27981.0
2018-12-18T15:45:00Z,26728.0
2018-12-18T15:50:00Z,22998.0
2018-12-18T15:55:00Z,25760.0
2018-12-18T16:00:00Z,46781.0
2018-12-18T16:05:00Z,55869.0
2018-12-18T16:10:00Z,34411.0
2018-12-18T16:15:00Z,28114.0
2018-12-18T16:20:00Z,29024.0
2018-12-18T16:25:00Z,29608.0
2018-12-18T16:30:00Z,30520.0
2018-12-18T16:35:00Z,32202.0
2018-12-18T16:40:00Z,34326.0
2018-12-18T16:45:00Z,38683.0
2018-12-18T16:50:00Z,35929.0
2018-12-18T16:55:00Z,38728.0
2018-12-18T17:00:00Z,40626.0
2018-12-18T17:05:00Z,42587.0
2018-12-18T17:10:00Z,41980.0
2018-12-18T17:15:00Z,37971.0
2018-12-18T17:20:00Z,39395.0
2018-12-18T17:25:00Z,38210.0
2018-12-18T17:30:00Z,43915.0
2018-12-18T17:35:00Z,45129.0
2018-12-18T17:40:00Z,48233.0
2018-12-18T17:45:00Z,48319.0
2018-12-18T17:50:00Z,42059.0
2018-12-18T17:55:00Z,50077.0
2018-12-18T18:00:00Z,49736.0
2018-12-18T18:05:00Z,48769.0
2018-12-18T18:10:00Z,51109.0
2018-12-18T18:15:00Z,47503.0
2018-12-18T18:20:00Z,46305.0
2018-12-18T18:25:00Z,47101.0
2018-12-18T18:30:00Z,54223.0
2018-12-18T18:35:00Z,53926.0
2018-12-18T18:40:00Z,52131.0
2018-12-18T18:45:00Z,55933.0
2018-12-18T18:50:00Z,53663.0
2018-12-18T18:55:00Z,58214.0
2018-12-18T19:00:00Z,55219.0
2018-12-18T19:05:00Z,51156.0
2018-12-18T19:10:00Z,51477.0
2018-12-18T19:15:00Z,55942.0
2018-12-18T19:20:00Z,53545.0
2018-12-18T19:25:00Z,56557.0
2018-12-18T19:30:00Z,53434.0
2018-12-18T19:35:00Z,49944.0
2018-12-18T19:40:00Z,51058.0
2018-12-18T19:45:00Z,55508.0
2018-12-18T19:50:00Z,49794.0
2018-12-18T19:55:00Z,48508.0
2018-12-18T20:00:00Z,72926.0
2018-12-18T20:05:00Z,78735.0
2018-12-18T20:10:00Z,48275.0
2018-12-18T20:15:00Z,48471.0
2018-12-18T20:20:00Z,43735.0
2018-12-18T20:25:00Z,38678.0
2018-12-18T20:30:00Z,42640.0
2018-12-18T20:35:00Z,44331.0
2018-12-18T20:40:00Z,41256.0
2018-12-18T20:45:00Z,43516.0
2018-12-18T20:50:00Z,47265.0
2018-12-18T20:55:00Z,48387.0
2018-12-18T21:00:00Z,48153.0
2018-12-18T21:05:00Z,48213.0
2018-12-18T21:10:00Z,47514.0
2018-12-18T21:15:00Z,48008.0
2018-12-18T21:20:00Z,44350.0
2018-12-18T21:25:00Z,48641.0
2018-12-18T21:30:00Z,49825.0
2018-12-18T21:35:00Z,47873.0
2018-12-18T21:40:00Z,48670.0
2018-12-18T21:45:00Z,47182.0
2018-12-18T21:50:00Z,49875.0
2018-12-18T21:55:00Z,49897.0
2018-12-18T22:00:00Z,52676.0
2018-12-18T22:05:00Z,54878.0
2018-12-18T22:10:00Z,58571.0
2018-12-18T22:15:00Z,53758.0
2018-12-18T22:20:00Z,51595.0
2018-12-18T22:25:00Z,49538.0
2018-12-18T22:30:00Z,49216.0
2018-12-18T22:35:00Z,48826.0
2018-12-18T22:40:00Z,47907.0
2018-12-18T22:45:00Z,48772.0
2018-12-18T22:50:00Z,54899.0
2018-12-18T22:55:00Z,50059.0
2018-12-18T23:00:00Z,49848.0
2018-12-18T23:05:00Z,46300.0
2018-12-18T23:10:00Z,44970.0
2018-12-18T23:15:00Z,43148.0
2018-12-18T23:20:00Z,45391.0
2018-12-18T23:25:00Z,43805.0
2018-12-18T23:30:00Z,46557.0
2018-12-18T23:35:00Z,47978.0
2018-12-18T23:40:00Z,46043.0
2018-12-18T23:45:00Z,52324.0
2018-12-18T23:50:00Z,48619.0
2018-12-18T23:55:00Z,42297.0
2018-12-19T00:00:00Z,54875.0
2018-12-19T00:05:00Z,84515.0
2018-12-19T00:10:00Z,49032.0
2018-12-19T00:15:00Z,39047.0
2018-12-19T00:20:00Z,40320.0
2018-12-19T00:25:00Z,39321.0
2018-12-19T00:30:00Z,33333.0
2018-12-19T00:35:00Z,38618.0
2018-12-19T00:40:00Z,38450.0
2018-12-19T00:45:00Z,33683.0
2018-12-19T00:50:00Z,34776.0
2018-12-19T00:55:00Z,33058.0
2018-12-19T01:00:00Z,33855.0
2018-12-19T01:05:00Z,29647.0
2018-12-19T01:10:00Z,32112.0
2018-12-19T01:15:00Z,28794.0
2018-12-19T01:20:00Z,28405.0
2018-12-19T01:25:00Z,26982.0
2018-12-19T01:30:00Z,28625.0
2018-12-19T01:35:00Z,24621.0
2018-12-19T01:40:00Z,23014.0
2018-12-19T01:45:00Z,21430.0
2018-12-19T01:50:00Z,21856.0
2018-12-19T01:55:00Z,22927.0
2018-12-19T02:00:00Z,21194.0
2018-12-19T02:05:00Z,22479.0
2018-12-19T02:10:00Z,23349.0
2018-12-19T02:15:00Z,19938.0
2018-12-19T02:20:00Z,18368.0
2018-12-19T02:25:00Z,18939.0
2018-12-19T02:30:00Z,18407.0
2018-12-19T02:35:00Z,18710.0
2018-12-19T02:40:00Z,16093.0
2018-12-19T02:45:00Z,16737.0
2018-12-19T02:50:00Z,23390.0
2018-12-19T02:55:00Z,15651.0
2018-12-19T03:00:00Z,18064.0
2018-12-19T03:05:00Z,17261.0
2018-12-19T03:10:00Z,20887.0
2018-12-19T03:15:00Z,15772.0
2018-12-19T03:20:00Z,22579.0
2018-12-19T03:25:00Z,16228.0
2018-12-19T03:30:00Z,13493.0
2018-12-19T03:35:00Z,13428.0
2018-12-19T03:40:00Z,14649.0
2018-12-19T03:45:00Z,13978.0
2018-12-19T03:50:00Z,18665.0
2018-12-19T03:55:00Z,14487.0
2018-12-19T04:00:00Z,38617.0
2018-12-19T04:05:00Z,55168.0
2018-12-19T04:10:00Z,24903.0
2018-12-19T04:15:00Z,13636.0
2018-12-19T04:20:00Z,14767.0
2018-12-19T04:25:00Z,15146.0
2018-12-19T04:30:00Z,16167.0
2018-12-19T04:35:00Z,17287.0
2018-12-19T04:40:00Z,19901.0
2018-12-19T04:45:00Z,13413.0
2018-12-19T04:50:00Z,15815.0
2018-12-19T04:55:00Z,18081.0
2018-12-19T05:00:00Z,13629.0
2018-12-19T05:05:00Z,13878.0
2018-12-19T05:10:00Z,15580.0
2018-12-19T05:15:00Z,19730.0
2018-12-19T05:20:00Z,20491.0
2018-12-19T05:25:00Z,16625.0
2018-12-19T05:30:00Z,15012.0
2018-12-19T05:35:00Z,16498.0
2018-12-19T05:40:00Z,13094.0
2018-12-19T05:45:00Z,15245.0
2018-12-19T05:50:00Z,14568.0
2018-12-19T05:55:00Z,15298.0
2018-12-19T06:00:00Z,14321.0
2018-12-19T06:05:00Z,12414.0
2018-12-19T06:10:00Z,13851.0
2018-12-19T06:15:00Z,14846.0
2018-12-19T06:20:00Z,14297.0
2018-12-19T06:25:00Z,13046.0
2018-12-19T06:30:00Z,12514.0
2018-12-19T06:35:00Z,13592.0
2018-12-19T06:40:00Z,13009.0
2018-12-19T06:45:00Z,14060.0
2018-12-19T06:50:00Z,11080.0
2018-12-19T06:55:00Z,14089.0
2018-12-19T07:00:00Z,13358.0
2018-12-19T07:05:00Z,11056.0
2018-12-19T07:10:00Z,13628.0
2018-12-19T07:15:00Z,9349.0
2018-12-19T07:20:00Z,10952.0
2018-12-19T07:25:00Z,12154.0
2018-12-19T07:30:00Z,10949.0
2018-12-19T07:35:00Z,9524.0
2018-12-19T07:40:00Z,10048.0
2018-12-19T07:45:00Z,9144.0
2018-12-19T07:50:00Z,9122.0
2018-12-19T07:55:00Z,10182.0
2018-12-19T08:00:00Z,19860.0
2018-12-19T08:05:00Z,46519.0
2018-12-19T08:10:00Z,22111.0
2018-12-19T08:15:00Z,11164.0
2018-12-19T08:20:00Z,9585.0
2018-12-19T08:25:00Z,8257.0
2018-12-19T08:30:00Z,7088.0
2018-12-19T08:35:00Z,8030.0
2018-12-19T08:40:00Z,8811.0
2018-12-19T08:45:00Z,8110.0
2018-12-19T08:50:00Z,6826.0
2018-12-19T08:55:00Z,8536.0
2018-12-19T09:00:00Z,12322.0
2018-12-19T09:05:00Z,12598.0
2018-12-19T09:10:00Z,10613.0
2018-12-19T09:15:00Z,8765.0
2018-12-19T09:20:00Z,8196.0
2018-12-19T09:25:00Z,8118.0
2018-12-19T09:30:00Z,9145.0
2018-12-19T09:35:00Z,9201.0
2018-12-19T09:40:00Z,9943.0
2018-12-19T09:45:00Z,7835.0
2018-12-19T09:50:00Z,7152.0
2018-12-19T09:55:00Z,7476.0
2018-12-19T10:00:00Z,8588.0
2018-12-19T10:05:00Z,8750.0
2018-12-19T10:10:00Z,7981.0
2018-12-19T10:15:00Z,8230.0
2018-12-19T10:20:00Z,6144.0
2018-12-19T10:25:00Z,7948.0
2018-12-19T10:30:00Z,7725.0
2018-12-19T10:35:00Z,6952.0
2018-12-19T10:40:00Z,8869.0
2018-12-19T10:45:00Z,11238.0
2018-12-19T10:50:00Z,8780.0
2018-12-19T10:55:00Z,11729.0
2018-12-19T11:00:00Z,9101.0
2018-12-19T11:05:00Z,7686.0
2018-12-19T11:10:00Z,11464.0
2018-12-19T11:15:00Z,7478.0
2018-12-19T11:20:00Z,11327.0
2018-12-19T11:25:00Z,14830.0
2018-12-19T11:30:00Z,15390.0
2018-12-19T11:35:00Z,13466.0
2018-12-19T11:40:00Z,12446.0
2018-12-19T11:45:00Z,9398.0
2018-12-19T11:50:00Z,7692.0
2018-12-19T11:55:00Z,9882.0
2018-12-19T12:00:00Z,23446.0
2018-12-19T12:05:00Z,42364.0
2018-12-19T12:10:00Z,21914.0
2018-12-19T12:15:00Z,9831.0
2018-12-19T12:20:00Z,7801.0
2018-12-19T12:25:00Z,7282.0
2018-12-19T12:30:00Z,9211.0
2018-12-19T12:35:00Z,8680.0
2018-12-19T12:40:00Z,8224.0
2018-12-19T12:45:00Z,9533.0
2018-12-19T12:50:00Z,8684.0
2018-12-19T12:55:00Z,8218.0
2018-12-19T13:00:00Z,10119.0
2018-12-19T13:05:00Z,11323.0
2018-12-19T13:10:00Z,10387.0
2018-12-19T13:15:00Z,10928.0
2018-12-19T13:20:00Z,9785.0
2018-12-19T13:25:00Z,11334.0
2018-12-19T13:30:00Z,12253.0
2018-12-19T13:35:00Z,12569.0
2018-12-19T13:40:00Z,16756.0
2018-12-19T13:45:00Z,16478.0
2018-12-19T13:50:00Z,13264.0
2018-12-19T13:55:00Z,14464.0
2018-12-19T14:00:00Z,16360.0
2018-12-19T14:05:00Z,18198.0
2018-12-19T14:10:00Z,16200.0
2018-12-19T14:15:00Z,14539.0
2018-12-19T14:20:00Z,18052.0
2018-12-19T14:25:00Z,19677.0
2018-12-19T14:30:00Z,21053.0
2018-12-19T14:35:00Z,22082.0
2018-12-19T14:40:00Z,17651.0
2018-12-19T14:45:00Z,16191.0
2018-12-19T14:50:00Z,21099.0
2018-12-19T14:55:00Z,24206.0
2018-12-19T15:00:00Z,18923.0
2018-12-19T15:05:00Z,21465.0
2018-12-19T15:10:00Z,19865.0
2018-12-19T15:15:00Z,21464.0
2018-12-19T15:20:00Z,21317.0
2018-12-19T15:25:00Z,24336.0
2018-12-19T15:30:00Z,23435.0
2018-12-19T15:35:00Z,24295.0
2018-12-19T15:40:00Z,23704.0
2018-12-19T15:45:00Z,23642.0
2018-12-19T15:50:00Z,24926.0
2018-12-19T15:55:00Z,24365.0
2018-12-19T16:00:00Z,39741.0
2018-12-19T16:05:00Z,56393.0
2018-12-19T16:10:00Z,39035.0
2018-12-19T16:15:00Z,29199.0
2018-12-19T16:20:00Z,32348.0
2018-12-19T16:25:00Z,31741.0
2018-12-19T16:30:00Z,32270.0
2018-12-19T16:35:00Z,30739.0
2018-12-19T16:40:00Z,30557.0
2018-12-19T16:45:00Z,33238.0
2018-12-19T16:50:00Z,37638.0
2018-12-19T16:55:00Z,33135.0
2018-12-19T17:00:00Z,39648.0
2018-12-19T17:05:00Z,34978.0
2018-12-19T17:10:00Z,34305.0
2018-12-19T17:15:00Z,36612.0
2018-12-19T17:20:00Z,39361.0
2018-12-19T17:25:00Z,38470.0
2018-12-19T17:30:00Z,40336.0
2018-12-19T17:35:00Z,39384.0
2018-12-19T17:40:00Z,40767.0
2018-12-19T17:45:00Z,43786.0
2018-12-19T17:50:00Z,45445.0
2018-12-19T17:55:00Z,47161.0
2018-12-19T18:00:00Z,44859.0
2018-12-19T18:05:00Z,42495.0
2018-12-19T18:10:00Z,43363.0
2018-12-19T18:15:00Z,51546.0
2018-12-19T18:20:00Z,47675.0
2018-12-19T18:25:00Z,47133.0
2018-12-19T18:30:00Z,50317.0
2018-12-19T18:35:00Z,58690.0
2018-12-19T18:40:00Z,47775.0
2018-12-19T18:45:00Z,47829.0
2018-12-19T18:50:00Z,55732.0
2018-12-19T18:55:00Z,53017.0
2018-12-19T19:00:00Z,49882.0
2018-12-19T19:05:00Z,52586.0
2018-12-19T19:10:00Z,50116.0
2018-12-19T19:15:00Z,41386.0
2018-12-19T19:20:00Z,49099.0
2018-12-19T19:25:00Z,52941.0
2018-12-19T19:30:00Z,48123.0
2018-12-19T19:35:00Z,43124.0
2018-12-19T19:40:00Z,42232.0
2018-12-19T19:45:00Z,48902.0
2018-12-19T19:50:00Z,51786.0
2018-12-19T19:55:00Z,46996.0
2018-12-19T20:00:00Z,50836.0
2018-12-19T20:05:00Z,71203.0
2018-12-19T20:10:00Z,62166.0
2018-12-19T20:15:00Z,44889.0
2018-12-19T20:20:00Z,46524.0
2018-12-19T20:25:00Z,43213.0
2018-12-19T20:30:00Z,46612.0
2018-12-19T20:35:00Z,44216.0
2018-12-19T20:40:00Z,43908.0
2018-12-19T20:45:00Z,41725.0
2018-12-19T20:50:00Z,45882.0
2018-12-19T20:55:00Z,45373.0
2018-12-19T21:00:00Z,52456.0
2018-12-19T21:05:00Z,48377.0
2018-12-19T21:10:00Z,46882.0
2018-12-19T21:15:00Z,41037.0
2018-12-19T21:20:00Z,40636.0
2018-12-19T21:25:00Z,43520.0
2018-12-19T21:30:00Z,44430.0
2018-12-19T21:35:00Z,46878.0
2018-12-19T21:40:00Z,50499.0
2018-12-19T21:45:00Z,47108.0
2018-12-19T21:50:00Z,51782.0
2018-12-19T21:55:00Z,56032.0
2018-12-19T22:00:00Z,62762.0
2018-12-19T22:05:00Z,54142.0
2018-12-19T22:10:00Z,52419.0
2018-12-19T22:15:00Z,47316.0
2018-12-19T22:20:00Z,43562.0
2018-12-19T22:25:00Z,44435.0
2018-12-19T22:30:00Z,46108.0
2018-12-19T22:35:00Z,50908.0
2018-12-19T22:40:00Z,53506.0
2018-12-19T22:45:00Z,49195.0
2018-12-19T22:50:00Z,49037.0
2018-12-19T22:55:00Z,49298.0
2018-12-19T23:00:00Z,44423.0
2018-12-19T23:05:00Z,44819.0
2018-12-19T23:10:00Z,44296.0
2018-12-19T23:15:00Z,40257.0
2018-12-19T23:20:00Z,41279.0
2018-12-19T23:25:00Z,42175.0
2018-12-19T23:30:00Z,42502.0
2018-12-19T23:35:00Z,40273.0
2018-12-19T23:40:00Z,42659.0
2018-12-19T23:45:00Z,43321.0
2018-12-19T23:50:00Z,37627.0
2018-12-19T23:55:00Z,41186.0
2018-12-20T00:00:00Z,52005.0
2018-12-20T00:05:00Z,76374.0
2018-12-20T00:10:00Z,46817.0
2018-12-20T00:15:00Z,39347.0
2018-12-20T00:20:00Z,38110.0
2018-12-20T00:25:00Z,39496.0
2018-12-20T00:30:00Z,38741.0
2018-12-20T00:35:00Z,35557.0
2018-12-20T00:40:00Z,31683.0
2018-12-20T00:45:00Z,30669.0
2018-12-20T00:50:00Z,30018.0
2018-12-20T00:55:00Z,30464.0
2018-12-20T01:00:00Z,27904.0
2018-12-20T01:05:00Z,28109.0
2018-12-20T01:10:00Z,30673.0
2018-12-20T01:15:00Z,28042.0
2018-12-20T01:20:00Z,23400.0
2018-12-20T01:25:00Z,21934.0
2018-12-20T01:30:00Z,20457.0
2018-12-20T01:35:00Z,18401.0
2018-12-20T01:40:00Z,19858.0
2018-12-20T01:45:00Z,19253.0
2018-12-20T01:50:00Z,17247.0
2018-12-20T01:55:00Z,20246.0
2018-12-20T02:00:00Z,18764.0
2018-12-20T02:05:00Z,18583.0
2018-12-20T02:10:00Z,16747.0
2018-12-20T02:15:00Z,15556.0
2018-12-20T02:20:00Z,17281.0
2018-12-20T02:25:00Z,17492.0
2018-12-20T02:30:00Z,16719.0
2018-12-20T02:35:00Z,16185.0
2018-12-20T02:40:00Z,15807.0
2018-12-20T02:45:00Z,11339.0
2018-12-20T02:50:00Z,13123.0
2018-12-20T02:55:00Z,15913.0
2018-12-20T03:00:00Z,15210.0
2018-12-20T03:05:00Z,13373.0
2018-12-20T03:10:00Z,13957.0
2018-12-20T03:15:00Z,13381.0
2018-12-20T03:20:00Z,13206.0
2018-12-20T03:25:00Z,15930.0
2018-12-20T03:30:00Z,15007.0
2018-12-20T03:35:00Z,12207.0
2018-12-20T03:40:00Z,13582.0
2018-12-20T03:45:00Z,12656.0
2018-12-20T03:50:00Z,12116.0
2018-12-20T03:55:00Z,12260.0
2018-12-20T04:00:00Z,29277.0
2018-12-20T04:05:00Z,42238.0
2018-12-20T04:10:00Z,33958.0
2018-12-20T04:15:00Z,14689.0
2018-12-20T04:20:00Z,12594.0
2018-12-20T04:25:00Z,11857.0
2018-12-20T04:30:00Z,13531.0
2018-12-20T04:35:00Z,10076.0
2018-12-20T04:40:00Z,12914.0
2018-12-20T04:45:00Z,13675.0
2018-12-20T04:50:00Z,12434.0
2018-12-20T04:55:00Z,13215.0
2018-12-20T05:00:00Z,13686.0
2018-12-20T05:05:00Z,12102.0
2018-12-20T05:10:00Z,12278.0
2018-12-20T05:15:00Z,12167.0
2018-12-20T05:20:00Z,10522.0
2018-12-20T05:25:00Z,13289.0
2018-12-20T05:30:00Z,13700.0
2018-12-20T05:35:00Z,14469.0
2018-12-20T05:40:00Z,11526.0
2018-12-20T05:45:00Z,12776.0
2018-12-20T05:50:00Z,11002.0
2018-12-20T05:55:00Z,11198.0
2018-12-20T06:00:00Z,12387.0
2018-12-20T06:05:00Z,11905.0
2018-12-20T06:10:00Z,13766.0
2018-12-20T06:15:00Z,15663.0
2018-12-20T06:20:00Z,11984.0
2018-12-20T06:25:00Z,11521.0
2018-12-20T06:30:00Z,12747.0
2018-12-20T06:35:00Z,11298.0
2018-12-20T06:40:00Z,12782.0
2018-12-20T06:45:00Z,10891.0
2018-12-20T06:50:00Z,10453.0
2018-12-20T06:55:00Z,9327.0
2018-12-20T07:00:00Z,10274.0
2018-12-20T07:05:00Z,11960.0
2018-12-20T07:10:00Z,11109.0
2018-12-20T07:15:00Z,10448.0
2018-12-20T07:20:00Z,9956.0
2018-12-20T07:25:00Z,11503.0
2018-12-20T07:30:00Z,11045.0
2018-12-20T07:35:00Z,8228.0
2018-12-20T07:40:00Z,8565.0
2018-12-20T07:45:00Z,8207.0
2018-12-20T07:50:00Z,9098.0
2018-12-20T07:55:00Z,8041.0
2018-12-20T08:00:00Z,24311.0
2018-12-20T08:05:00Z,45735.0
2018-12-20T08:10:00Z,12877.0
2018-12-20T08:15:00Z,9158.0
2018-12-20T08:20:00Z,7495.0
2018-12-20T08:25:00Z,7170.0
2018-12-20T08:30:00Z,7803.0
2018-12-20T08:35:00Z,6251.0
2018-12-20T08:40:00Z,6225.0
2018-12-20T08:45:00Z,10279.0
2018-12-20T08:50:00Z,9388.0
2018-12-20T08:55:00Z,6744.0
2018-12-20T09:00:00Z,8435.0
2018-12-20T09:05:00Z,7231.0
2018-12-20T09:10:00Z,7871.0
2018-12-20T09:15:00Z,8070.0
2018-12-20T09:20:00Z,6988.0
2018-12-20T09:25:00Z,7067.0
2018-12-20T09:30:00Z,6708.0
2018-12-20T09:35:00Z,7226.0
2018-12-20T09:40:00Z,5749.0
2018-12-20T09:45:00Z,6535.0
2018-12-20T09:50:00Z,5983.0
2018-12-20T09:55:00Z,6640.0
2018-12-20T10:00:00Z,7855.0
2018-12-20T10:05:00Z,7704.0
2018-12-20T10:10:00Z,6644.0
2018-12-20T10:15:00Z,7429.0
2018-12-20T10:20:00Z,7023.0
2018-12-20T10:25:00Z,5439.0
2018-12-20T10:30:00Z,5306.0
2018-12-20T10:35:00Z,8946.0
2018-12-20T10:40:00Z,7375.0
2018-12-20T10:45:00Z,8016.0
2018-12-20T10:50:00Z,7274.0
2018-12-20T10:55:00Z,7638.0
2018-12-20T11:00:00Z,10443.0
2018-12-20T11:05:00Z,8072.0
2018-12-20T11:10:00Z,6283.0
2018-12-20T11:15:00Z,8170.0
2018-12-20T11:20:00Z,7494.0
2018-12-20T11:25:00Z,5788.0
2018-12-20T11:30:00Z,7181.0
2018-12-20T11:35:00Z,6509.0
2018-12-20T11:40:00Z,8637.0
2018-12-20T11:45:00Z,8188.0
2018-12-20T11:50:00Z,6284.0
2018-12-20T11:55:00Z,7658.0
2018-12-20T12:00:00Z,28038.0
2018-12-20T12:05:00Z,47218.0
2018-12-20T12:10:00Z,11537.0
2018-12-20T12:15:00Z,7468.0
2018-12-20T12:20:00Z,7672.0
2018-12-20T12:25:00Z,6397.0
2018-12-20T12:30:00Z,6400.0
2018-12-20T12:35:00Z,7828.0
2018-12-20T12:40:00Z,9703.0
2018-12-20T12:45:00Z,7640.0
2018-12-20T12:50:00Z,7901.0
2018-12-20T12:55:00Z,8137.0
2018-12-20T13:00:00Z,9860.0
2018-12-20T13:05:00Z,8953.0
2018-12-20T13:10:00Z,8797.0
2018-12-20T13:15:00Z,9411.0
2018-12-20T13:20:00Z,10256.0
2018-12-20T13:25:00Z,9100.0
2018-12-20T13:30:00Z,9716.0
2018-12-20T13:35:00Z,11576.0
2018-12-20T13:40:00Z,11313.0
2018-12-20T13:45:00Z,12389.0
2018-12-20T13:50:00Z,12417.0
2018-12-20T13:55:00Z,12100.0
2018-12-20T14:00:00Z,12611.0
2018-12-20T14:05:00Z,15051.0
2018-12-20T14:10:00Z,12887.0
2018-12-20T14:15:00Z,13571.0
2018-12-20T14:20:00Z,16361.0
2018-12-20T14:25:00Z,14379.0
2018-12-20T14:30:00Z,14500.0
2018-12-20T14:35:00Z,16496.0
2018-12-20T14:40:00Z,15731.0
2018-12-20T14:45:00Z,13934.0
2018-12-20T14:50:00Z,15638.0
2018-12-20T14:55:00Z,16526.0
2018-12-20T15:00:00Z,23365.0
2018-12-20T15:05:00Z,23659.0
2018-12-20T15:10:00Z,19642.0
2018-12-20T15:15:00Z,17502.0
2018-12-20T15:20:00Z,18303.0
2018-12-20T15:25:00Z,24191.0
2018-12-20T15:30:00Z,28316.0
2018-12-20T15:35:00Z,28391.0
2018-12-20T15:40:00Z,30731.0
2018-12-20T15:45:00Z,23512.0
2018-12-20T15:50:00Z,23211.0
2018-12-20T15:55:00Z,22562.0
2018-12-20T16:00:00Z,33383.0
2018-12-20T16:05:00Z,53273.0
2018-12-20T16:10:00Z,26258.0
2018-12-20T16:15:00Z,24318.0
2018-12-20T16:20:00Z,27462.0
2018-12-20T16:25:00Z,33098.0
2018-12-20T16:30:00Z,33771.0
2018-12-20T16:35:00Z,33337.0
2018-12-20T16:40:00Z,34459.0
2018-12-20T16:45:00Z,35577.0
2018-12-20T16:50:00Z,40720.0
2018-12-20T16:55:00Z,41651.0
2018-12-20T17:00:00Z,38688.0
2018-12-20T17:05:00Z,41325.0
2018-12-20T17:10:00Z,41294.0
2018-12-20T17:15:00Z,35091.0
2018-12-20T17:20:00Z,37148.0
2018-12-20T17:25:00Z,37039.0
2018-12-20T17:30:00Z,34125.0
2018-12-20T17:35:00Z,38323.0
2018-12-20T17:40:00Z,41264.0
2018-12-20T17:45:00Z,38783.0
2018-12-20T17:50:00Z,38934.0
2018-12-20T17:55:00Z,41304.0
2018-12-20T18:00:00Z,41522.0
2018-12-20T18:05:00Z,41851.0
2018-12-20T18:10:00Z,40166.0
2018-12-20T18:15:00Z,37241.0
2018-12-20T18:20:00Z,35644.0
2018-12-20T18:25:00Z,35658.0
2018-12-20T18:30:00Z,36006.0
2018-12-20T18:35:00Z,39261.0
2018-12-20T18:40:00Z,40266.0
2018-12-20T18:45:00Z,40141.0
2018-12-20T18:50:00Z,43196.0
2018-12-20T18:55:00Z,43353.0
2018-12-20T19:00:00Z,47352.0
2018-12-20T19:05:00Z,40282.0
2018-12-20T19:10:00Z,41025.0
2018-12-20T19:15:00Z,40627.0
2018-12-20T19:20:00Z,36439.0
2018-12-20T19:25:00Z,42260.0
2018-12-20T19:30:00Z,43888.0
2018-12-20T19:35:00Z,39343.0
2018-12-20T19:40:00Z,38912.0
2018-12-20T19:45:00Z,39739.0
2018-12-20T19:50:00Z,37708.0
2018-12-20T19:55:00Z,36320.0
2018-12-20T20:00:00Z,56287.0
2018-12-20T20:05:00Z,82954.0
2018-12-20T20:10:00Z,46649.0
2018-12-20T20:15:00Z,37070.0
2018-12-20T20:20:00Z,37467.0
2018-12-20T20:25:00Z,38883.0
2018-12-20T20:30:00Z,38289.0
2018-12-20T20:35:00Z,33157.0
2018-12-20T20:40:00Z,33148.0
2018-12-20T20:45:00Z,35196.0
2018-12-20T20:50:00Z,32596.0
2018-12-20T20:55:00Z,35989.0
2018-12-20T21:00:00Z,41446.0
2018-12-20T21:05:00Z,41936.0
2018-12-20T21:10:00Z,42453.0
2018-12-20T21:15:00Z,41841.0
2018-12-20T21:20:00Z,38846.0
2018-12-20T21:25:00Z,40308.0
2018-12-20T21:30:00Z,42424.0
2018-12-20T21:35:00Z,48095.0
2018-12-20T21:40:00Z,55879.0
2018-12-20T21:45:00Z,44430.0
2018-12-20T21:50:00Z,50073.0
2018-12-20T21:55:00Z,48989.0
2018-12-20T22:00:00Z,52247.0
2018-12-20T22:05:00Z,58614.0
2018-12-20T22:10:00Z,55183.0
2018-12-20T22:15:00Z,54147.0
2018-12-20T22:20:00Z,46949.0
2018-12-20T22:25:00Z,41913.0
2018-12-20T22:30:00Z,39743.0
2018-12-20T22:35:00Z,45135.0
2018-12-20T22:40:00Z,44648.0
2018-12-20T22:45:00Z,40456.0
2018-12-20T22:50:00Z,36332.0
2018-12-20T22:55:00Z,39816.0
2018-12-20T23:00:00Z,39017.0
2018-12-20T23:05:00Z,39289.0
2018-12-20T23:10:00Z,39943.0
2018-12-20T23:15:00Z,38473.0
2018-12-20T23:20:00Z,35920.0
2018-12-20T23:25:00Z,36186.0
2018-12-20T23:30:00Z,38458.0
2018-12-20T23:35:00Z,35353.0
2018-12-20T23:40:00Z,37212.0
2018-12-20T23:45:00Z,37089.0
2018-12-20T23:50:00Z,31162.0
2018-12-20T23:55:00Z,37964.0
2018-12-21T00:00:00Z,52954.0
2018-12-21T00:05:00Z,66944.0
2018-12-21T00:10:00Z,46382.0
2018-12-21T00:15:00Z,34738.0
2018-12-21T00:20:00Z,30458.0
2018-12-21T00:25:00Z,32895.0
2018-12-21T00:30:00Z,27786.0
2018-12-21T00:35:00Z,34699.0
2018-12-21T00:40:00Z,30556.0
2018-12-21T00:45:00Z,31437.0
2018-12-21T00:50:00Z,25209.0
2018-12-21T00:55:00Z,26607.0
2018-12-21T01:00:00Z,22080.0
2018-12-21T01:05:00Z,22963.0
2018-12-21T01:10:00Z,21242.0
2018-12-21T01:15:00Z,20530.0
2018-12-21T01:20:00Z,20309.0
2018-12-21T01:25:00Z,18493.0
2018-12-21T01:30:00Z,20655.0
2018-12-21T01:35:00Z,18441.0
2018-12-21T01:40:00Z,18230.0
2018-12-21T01:45:00Z,19005.0
2018-12-21T01:50:00Z,16370.0
2018-12-21T01:55:00Z,14164.0
2018-12-21T02:00:00Z,13558.0
2018-12-21T02:05:00Z,14968.0
2018-12-21T02:10:00Z,12496.0
2018-12-21T02:15:00Z,15319.0
2018-12-21T02:20:00Z,13460.0
2018-12-21T02:25:00Z,11422.0
2018-12-21T02:30:00Z,15469.0
2018-12-21T02:35:00Z,14074.0
2018-12-21T02:40:00Z,10287.0
2018-12-21T02:45:00Z,13424.0
2018-12-21T02:50:00Z,14859.0
2018-12-21T02:55:00Z,13996.0
2018-12-21T03:00:00Z,14657.0
2018-12-21T03:05:00Z,10604.0
2018-12-21T03:10:00Z,10169.0
2018-12-21T03:15:00Z,13436.0
2018-12-21T03:20:00Z,11033.0
2018-12-21T03:25:00Z,9753.0
2018-12-21T03:30:00Z,10304.0
2018-12-21T03:35:00Z,10031.0
2018-12-21T03:40:00Z,9212.0
2018-12-21T03:45:00Z,11951.0
2018-12-21T03:50:00Z,13455.0
2018-12-21T03:55:00Z,12955.0
2018-12-21T04:00:00Z,45039.0
2018-12-21T04:05:00Z,45546.0
2018-12-21T04:10:00Z,22697.0
2018-12-21T04:15:00Z,13739.0
2018-12-21T04:20:00Z,11178.0
2018-12-21T04:25:00Z,9833.0
2018-12-21T04:30:00Z,10813.0
2018-12-21T04:35:00Z,11163.0
2018-12-21T04:40:00Z,10331.0
2018-12-21T04:45:00Z,12032.0
2018-12-21T04:50:00Z,9876.0
2018-12-21T04:55:00Z,9176.0
2018-12-21T05:00:00Z,12035.0
2018-12-21T05:05:00Z,11360.0
2018-12-21T05:10:00Z,9567.0
2018-12-21T05:15:00Z,15149.0
2018-12-21T05:20:00Z,9295.0
2018-12-21T05:25:00Z,9398.0
2018-12-21T05:30:00Z,13678.0
2018-12-21T05:35:00Z,12091.0
2018-12-21T05:40:00Z,18580.0
2018-12-21T05:45:00Z,19699.0
2018-12-21T05:50:00Z,16704.0
2018-12-21T05:55:00Z,15049.0
2018-12-21T06:00:00Z,20673.0
2018-12-21T06:05:00Z,14125.0
2018-12-21T06:10:00Z,11145.0
2018-12-21T06:15:00Z,9055.0
2018-12-21T06:20:00Z,8236.0
2018-12-21T06:25:00Z,9258.0
2018-12-21T06:30:00Z,8838.0
2018-12-21T06:35:00Z,9220.0
2018-12-21T06:40:00Z,9400.0
2018-12-21T06:45:00Z,9847.0
2018-12-21T06:50:00Z,9573.0
2018-12-21T06:55:00Z,8479.0
2018-12-21T07:00:00Z,9027.0
2018-12-21T07:05:00Z,10026.0
2018-12-21T07:10:00Z,11040.0
2018-12-21T07:15:00Z,9270.0
2018-12-21T07:20:00Z,7534.0
2018-12-21T07:25:00Z,6462.0
2018-12-21T07:30:00Z,9236.0
2018-12-21T07:35:00Z,10765.0
2018-12-21T07:40:00Z,11036.0
2018-12-21T07:45:00Z,12030.0
2018-12-21T07:50:00Z,9777.0
2018-12-21T07:55:00Z,8977.0
2018-12-21T08:00:00Z,21990.0
2018-12-21T08:05:00Z,35071.0
2018-12-21T08:10:00Z,22976.0
2018-12-21T08:15:00Z,8746.0
2018-12-21T08:20:00Z,6931.0
2018-12-21T08:25:00Z,6280.0
2018-12-21T08:30:00Z,8645.0
2018-12-21T08:35:00Z,6629.0
2018-12-21T08:40:00Z,6747.0
2018-12-21T08:45:00Z,5781.0
2018-12-21T08:50:00Z,6648.0
2018-12-21T08:55:00Z,4806.0
2018-12-21T09:00:00Z,6389.0
2018-12-21T09:05:00Z,9410.0
2018-12-21T09:10:00Z,7078.0
2018-12-21T09:15:00Z,11344.0
2018-12-21T09:20:00Z,9385.0
2018-12-21T09:25:00Z,7527.0
2018-12-21T09:30:00Z,10229.0
2018-12-21T09:35:00Z,11753.0
2018-12-21T09:40:00Z,6425.0
2018-12-21T09:45:00Z,6710.0
2018-12-21T09:50:00Z,8558.0
2018-12-21T09:55:00Z,5264.0
2018-12-21T10:00:00Z,5344.0
2018-12-21T10:05:00Z,5602.0
2018-12-21T10:10:00Z,5230.0
2018-12-21T10:15:00Z,7045.0
2018-12-21T10:20:00Z,5360.0
2018-12-21T10:25:00Z,4884.0
2018-12-21T10:30:00Z,5529.0
2018-12-21T10:35:00Z,8184.0
2018-12-21T10:40:00Z,7036.0
2018-12-21T10:45:00Z,8296.0
2018-12-21T10:50:00Z,11085.0
2018-12-21T10:55:00Z,11019.0
2018-12-21T11:00:00Z,6704.0
2018-12-21T11:05:00Z,7431.0
2018-12-21T11:10:00Z,5204.0
2018-12-21T11:15:00Z,5777.0
2018-12-21T11:20:00Z,6236.0
2018-12-21T11:25:00Z,4018.0
2018-12-21T11:30:00Z,8117.0
2018-12-21T11:35:00Z,6213.0
2018-12-21T11:40:00Z,7222.0
2018-12-21T11:45:00Z,6841.0
2018-12-21T11:50:00Z,10162.0
2018-12-21T11:55:00Z,9644.0
2018-12-21T12:00:00Z,26702.0
2018-12-21T12:05:00Z,48139.0
2018-12-21T12:10:00Z,14438.0
2018-12-21T12:15:00Z,6294.0
2018-12-21T12:20:00Z,5383.0
2018-12-21T12:25:00Z,4854.0
2018-12-21T12:30:00Z,7135.0
2018-12-21T12:35:00Z,8531.0
2018-12-21T12:40:00Z,9990.0
2018-12-21T12:45:00Z,6301.0
2018-12-21T12:50:00Z,8330.0
2018-12-21T12:55:00Z,10022.0
2018-12-21T13:00:00Z,11582.0
2018-12-21T13:05:00Z,11164.0
2018-12-21T13:10:00Z,10691.0
2018-12-21T13:15:00Z,8076.0
2018-12-21T13:20:00Z,8516.0
2018-12-21T13:25:00Z,9657.0
2018-12-21T13:30:00Z,8621.0
2018-12-21T13:35:00Z,10148.0
2018-12-21T13:40:00Z,8295.0
2018-12-21T13:45:00Z,9326.0
2018-12-21T13:50:00Z,13141.0
2018-12-21T13:55:00Z,15172.0
2018-12-21T14:00:00Z,12670.0
2018-12-21T14:05:00Z,13325.0
2018-12-21T14:10:00Z,12270.0
2018-12-21T14:15:00Z,9788.0
2018-12-21T14:20:00Z,11130.0
2018-12-21T14:25:00Z,14084.0
2018-12-21T14:30:00Z,11045.0
2018-12-21T14:35:00Z,13073.0
2018-12-21T14:40:00Z,15745.0
2018-12-21T14:45:00Z,14677.0
2018-12-21T14:50:00Z,17760.0
2018-12-21T14:55:00Z,19203.0
2018-12-21T15:00:00Z,16340.0
2018-12-21T15:05:00Z,14894.0
2018-12-21T15:10:00Z,15723.0
2018-12-21T15:15:00Z,12526.0
2018-12-21T15:20:00Z,13980.0
2018-12-21T15:25:00Z,17654.0
2018-12-21T15:30:00Z,16597.0
2018-12-21T15:35:00Z,20904.0
2018-12-21T15:40:00Z,22792.0
2018-12-21T15:45:00Z,20732.0
2018-12-21T15:50:00Z,24306.0
2018-12-21T15:55:00Z,22906.0
2018-12-21T16:00:00Z,31496.0
2018-12-21T16:05:00Z,49898.0
2018-12-21T16:10:00Z,23679.0
2018-12-21T16:15:00Z,17810.0
2018-12-21T16:20:00Z,19284.0
2018-12-21T16:25:00Z,21707.0
2018-12-21T16:30:00Z,17840.0
2018-12-21T16:35:00Z,22308.0
2018-12-21T16:40:00Z,25059.0
2018-12-21T16:45:00Z,23553.0
2018-12-21T16:50:00Z,23866.0
2018-12-21T16:55:00Z,26231.0
2018-12-21T17:00:00Z,27301.0
2018-12-21T17:05:00Z,28091.0
2018-12-21T17:10:00Z,31480.0
2018-12-21T17:15:00Z,25545.0
2018-12-21T17:20:00Z,26122.0
2018-12-21T17:25:00Z,30721.0
2018-12-21T17:30:00Z,30481.0
2018-12-21T17:35:00Z,35024.0
2018-12-21T17:40:00Z,37737.0
2018-12-21T17:45:00Z,34650.0
2018-12-21T17:50:00Z,30039.0
2018-12-21T17:55:00Z,31553.0
2018-12-21T18:00:00Z,34869.0
2018-12-21T18:05:00Z,31431.0
2018-12-21T18:10:00Z,34728.0
2018-12-21T18:15:00Z,30824.0
2018-12-21T18:20:00Z,28531.0
2018-12-21T18:25:00Z,32397.0
2018-12-21T18:30:00Z,31993.0
2018-12-21T18:35:00Z,31752.0
2018-12-21T18:40:00Z,32054.0
2018-12-21T18:45:00Z,35252.0
2018-12-21T18:50:00Z,34079.0
2018-12-21T18:55:00Z,35930.0
2018-12-21T19:00:00Z,36273.0
2018-12-21T19:05:00Z,37532.0
2018-12-21T19:10:00Z,34462.0
2018-12-21T19:15:00Z,32978.0
2018-12-21T19:20:00Z,30978.0
2018-12-21T19:25:00Z,42068.0
2018-12-21T19:30:00Z,36212.0
2018-12-21T19:35:00Z,29828.0
2018-12-21T19:40:00Z,29408.0
2018-12-21T19:45:00Z,31439.0
2018-12-21T19:50:00Z,33321.0
2018-12-21T19:55:00Z,31405.0
2018-12-21T20:00:00Z,53522.0
2018-12-21T20:05:00Z,58833.0
2018-12-21T20:10:00Z,38048.0
2018-12-21T20:15:00Z,28259.0
2018-12-21T20:20:00Z,25528.0
2018-12-21T20:25:00Z,24171.0
2018-12-21T20:30:00Z,26412.0
2018-12-21T20:35:00Z,25299.0
2018-12-21T20:40:00Z,25030.0
2018-12-21T20:45:00Z,28929.0
2018-12-21T20:50:00Z,26179.0
2018-12-21T20:55:00Z,29998.0
2018-12-21T21:00:00Z,30540.0
2018-12-21T21:05:00Z,27990.0
2018-12-21T21:10:00Z,24828.0
2018-12-21T21:15:00Z,26808.0
2018-12-21T21:20:00Z,28448.0
2018-12-21T21:25:00Z,35641.0
2018-12-21T21:30:00Z,32472.0
2018-12-21T21:35:00Z,30447.0
2018-12-21T21:40:00Z,26102.0
2018-12-21T21:45:00Z,28951.0
2018-12-21T21:50:00Z,27846.0
2018-12-21T21:55:00Z,25112.0
2018-12-21T22:00:00Z,33406.0
2018-12-21T22:05:00Z,35743.0
2018-12-21T22:10:00Z,29892.0
2018-12-21T22:15:00Z,31671.0
2018-12-21T22:20:00Z,23057.0
2018-12-21T22:25:00Z,26072.0
2018-12-21T22:30:00Z,28200.0
2018-12-21T22:35:00Z,29751.0
2018-12-21T22:40:00Z,28953.0
2018-12-21T22:45:00Z,30519.0
2018-12-21T22:50:00Z,29638.0
2018-12-21T22:55:00Z,29816.0
2018-12-21T23:00:00Z,30296.0
2018-12-21T23:05:00Z,28624.0
2018-12-21T23:10:00Z,25984.0
2018-12-21T23:15:00Z,33398.0
2018-12-21T23:20:00Z,28164.0
2018-12-21T23:25:00Z,29229.0
2018-12-21T23:30:00Z,25330.0
2018-12-21T23:35:00Z,21404.0
2018-12-21T23:40:00Z,19507.0
2018-12-21T23:45:00Z,23902.0
2018-12-21T23:50:00Z,24312.0
2018-12-21T23:55:00Z,22069.0
2018-12-22T00:00:00Z,40083.0
2018-12-22T00:05:00Z,61000.0
2018-12-22T00:10:00Z,25458.0
2018-12-22T00:15:00Z,27376.0
2018-12-22T00:20:00Z,28171.0
2018-12-22T00:25:00Z,20898.0
2018-12-22T00:30:00Z,16739.0
2018-12-22T00:35:00Z,15704.0
2018-12-22T00:40:00Z,17374.0
2018-12-22T00:45:00Z,17599.0
2018-12-22T00:50:00Z,15454.0
2018-12-22T00:55:00Z,15737.0
2018-12-22T01:00:00Z,16511.0
2018-12-22T01:05:00Z,15161.0
2018-12-22T01:10:00Z,15007.0
2018-12-22T01:15:00Z,22489.0
2018-12-22T01:20:00Z,18154.0
2018-12-22T01:25:00Z,12808.0
2018-12-22T01:30:00Z,13420.0
2018-12-22T01:35:00Z,13613.0
2018-12-22T01:40:00Z,12276.0
2018-12-22T01:45:00Z,15845.0
2018-12-22T01:50:00Z,14338.0
2018-12-22T01:55:00Z,12744.0
2018-12-22T02:00:00Z,10858.0
2018-12-22T02:05:00Z,11621.0
2018-12-22T02:10:00Z,8683.0
2018-12-22T02:15:00Z,9256.0
2018-12-22T02:20:00Z,9743.0
2018-12-22T02:25:00Z,9030.0
2018-12-22T02:30:00Z,9176.0
2018-12-22T02:35:00Z,9946.0
2018-12-22T02:40:00Z,7883.0
2018-12-22T02:45:00Z,9414.0
2018-12-22T02:50:00Z,9068.0
2018-12-22T02:55:00Z,8994.0
2018-12-22T03:00:00Z,9073.0
2018-12-22T03:05:00Z,9547.0
2018-12-22T03:10:00Z,8912.0
2018-12-22T03:15:00Z,10170.0
2018-12-22T03:20:00Z,10569.0
2018-12-22T03:25:00Z,9578.0
2018-12-22T03:30:00Z,10874.0
2018-12-22T03:35:00Z,12578.0
2018-12-22T03:40:00Z,14481.0
2018-12-22T03:45:00Z,10095.0
2018-12-22T03:50:00Z,8619.0
2018-12-22T03:55:00Z,7436.0
2018-12-22T04:00:00Z,24621.0
2018-12-22T04:05:00Z,46706.0
2018-12-22T04:10:00Z,23824.0
2018-12-22T04:15:00Z,10594.0
2018-12-22T04:20:00Z,14476.0
2018-12-22T04:25:00Z,12324.0
2018-12-22T04:30:00Z,6732.0
2018-12-22T04:35:00Z,7573.0
2018-12-22T04:40:00Z,5417.0
2018-12-22T04:45:00Z,4535.0
2018-12-22T04:50:00Z,9087.0
2018-12-22T04:55:00Z,12873.0
2018-12-22T05:00:00Z,11845.0
2018-12-22T05:05:00Z,8498.0
2018-12-22T05:10:00Z,4889.0
2018-12-22T05:15:00Z,6022.0
2018-12-22T05:20:00Z,8361.0
2018-12-22T05:25:00Z,5255.0
2018-12-22T05:30:00Z,4704.0
2018-12-22T05:35:00Z,6140.0
2018-12-22T05:40:00Z,14376.0
2018-12-22T05:45:00Z,13080.0
2018-12-22T05:50:00Z,4829.0
2018-12-22T05:55:00Z,3809.0
2018-12-22T06:00:00Z,4136.0
2018-12-22T06:05:00Z,6299.0
2018-12-22T06:10:00Z,7745.0
2018-12-22T06:15:00Z,6745.0
2018-12-22T06:20:00Z,5097.0
2018-12-22T06:25:00Z,3913.0
2018-12-22T06:30:00Z,6943.0
2018-12-22T06:35:00Z,5109.0
2018-12-22T06:40:00Z,7240.0
2018-12-22T06:45:00Z,4790.0
2018-12-22T06:50:00Z,4851.0
2018-12-22T06:55:00Z,2993.0
2018-12-22T07:00:00Z,3827.0
2018-12-22T07:05:00Z,6146.0
2018-12-22T07:10:00Z,4446.0
2018-12-22T07:15:00Z,3094.0
2018-12-22T07:20:00Z,5381.0
2018-12-22T07:25:00Z,3648.0
2018-12-22T07:30:00Z,2974.0
2018-12-22T07:35:00Z,4056.0
2018-12-22T07:40:00Z,3874.0
2018-12-22T07:45:00Z,3399.0
2018-12-22T07:50:00Z,2884.0
2018-12-22T07:55:00Z,2938.0
2018-12-22T08:00:00Z,15913.0
2018-12-22T08:05:00Z,44544.0
2018-12-22T08:10:00Z,12517.0
2018-12-22T08:15:00Z,3269.0
2018-12-22T08:20:00Z,5037.0
2018-12-22T08:25:00Z,3824.0
2018-12-22T08:30:00Z,2812.0
2018-12-22T08:35:00Z,7492.0
2018-12-22T08:40:00Z,5508.0
2018-12-22T08:45:00Z,2051.0
2018-12-22T08:50:00Z,3540.0
2018-12-22T08:55:00Z,1594.0
2018-12-22T09:00:00Z,2121.0
2018-12-22T09:05:00Z,3129.0
2018-12-22T09:10:00Z,2137.0
2018-12-22T09:15:00Z,2277.0
2018-12-22T09:20:00Z,1552.0
2018-12-22T09:25:00Z,2348.0
2018-12-22T09:30:00Z,2051.0
2018-12-22T09:35:00Z,2124.0
2018-12-22T09:40:00Z,1700.0
2018-12-22T09:45:00Z,1827.0
2018-12-22T09:50:00Z,1469.0
2018-12-22T09:55:00Z,1717.0
2018-12-22T10:00:00Z,2014.0
2018-12-22T10:05:00Z,2975.0
2018-12-22T10:10:00Z,2567.0
2018-12-22T10:15:00Z,2020.0
2018-12-22T10:20:00Z,1693.0
2018-12-22T10:25:00Z,2072.0
2018-12-22T10:30:00Z,2040.0
2018-12-22T10:35:00Z,1646.0
2018-12-22T10:40:00Z,1527.0
2018-12-22T10:45:00Z,2005.0
2018-12-22T10:50:00Z,1222.0
2018-12-22T10:55:00Z,1353.0
2018-12-22T11:00:00Z,1996.0
2018-12-22T11:05:00Z,2338.0
2018-12-22T11:10:00Z,2193.0
2018-12-22T11:15:00Z,2422.0
2018-12-22T11:20:00Z,1818.0
2018-12-22T11:25:00Z,2535.0
2018-12-22T11:30:00Z,2864.0
2018-12-22T11:35:00Z,2092.0
2018-12-22T11:40:00Z,2283.0
2018-12-22T11:45:00Z,2998.0
2018-12-22T11:50:00Z,4601.0
2018-12-22T11:55:00Z,2825.0
2018-12-22T12:00:00Z,21735.0
2018-12-22T12:05:00Z,47485.0
2018-12-22T12:10:00Z,11234.0
2018-12-22T12:15:00Z,2556.0
2018-12-22T12:20:00Z,3199.0
2018-12-22T12:25:00Z,3511.0
2018-12-22T12:30:00Z,2434.0
2018-12-22T12:35:00Z,2487.0
2018-12-22T12:40:00Z,2350.0
2018-12-22T12:45:00Z,2095.0
2018-12-22T12:50:00Z,2179.0
2018-12-22T12:55:00Z,2639.0
2018-12-22T13:00:00Z,3010.0
2018-12-22T13:05:00Z,3406.0
2018-12-22T13:10:00Z,2206.0
2018-12-22T13:15:00Z,2929.0
2018-12-22T13:20:00Z,2802.0
2018-12-22T13:25:00Z,1918.0
2018-12-22T13:30:00Z,2621.0
2018-12-22T13:35:00Z,2891.0
2018-12-22T13:40:00Z,2714.0
2018-12-22T13:45:00Z,2598.0
2018-12-22T13:50:00Z,2618.0
2018-12-22T13:55:00Z,2575.0
2018-12-22T14:00:00Z,3288.0
2018-12-22T14:05:00Z,4416.0
2018-12-22T14:10:00Z,3222.0
2018-12-22T14:15:00Z,3531.0
2018-12-22T14:20:00Z,3539.0
2018-12-22T14:25:00Z,3036.0
2018-12-22T14:30:00Z,2648.0
2018-12-22T14:35:00Z,3021.0
2018-12-22T14:40:00Z,3380.0
2018-12-22T14:45:00Z,3050.0
2018-12-22T14:50:00Z,2427.0
2018-12-22T14:55:00Z,2442.0
2018-12-22T15:00:00Z,2787.0
2018-12-22T15:05:00Z,3146.0
2018-12-22T15:10:00Z,4839.0
2018-12-22T15:15:00Z,4012.0
2018-12-22T15:20:00Z,2873.0
2018-12-22T15:25:00Z,2904.0
2018-12-22T15:30:00Z,2481.0
2018-12-22T15:35:00Z,2485.0
2018-12-22T15:40:00Z,3221.0
2018-12-22T15:45:00Z,3309.0
2018-12-22T15:50:00Z,1741.0
2018-12-22T15:55:00Z,3742.0
2018-12-22T16:00:00Z,15237.0
2018-12-22T16:05:00Z,49739.0
2018-12-22T16:10:00Z,6482.0
2018-12-22T16:15:00Z,3625.0
2018-12-22T16:20:00Z,2796.0
2018-12-22T16:25:00Z,4314.0
2018-12-22T16:30:00Z,3129.0
2018-12-22T16:35:00Z,3632.0
2018-12-22T16:40:00Z,2767.0
2018-12-22T16:45:00Z,2586.0
2018-12-22T16:50:00Z,2622.0
2018-12-22T16:55:00Z,2916.0
2018-12-22T17:00:00Z,2900.0
2018-12-22T17:05:00Z,3228.0
2018-12-22T17:10:00Z,3448.0
2018-12-22T17:15:00Z,2756.0
2018-12-22T17:20:00Z,2681.0
2018-12-22T17:25:00Z,3988.0
2018-12-22T17:30:00Z,3434.0
2018-12-22T17:35:00Z,3522.0
2018-12-22T17:40:00Z,3909.0
2018-12-22T17:45:00Z,2659.0
2018-12-22T17:50:00Z,3094.0
2018-12-22T17:55:00Z,2799.0
2018-12-22T18:00:00Z,3427.0
2018-12-22T18:05:00Z,3471.0
2018-12-22T18:10:00Z,2790.0
2018-12-22T18:15:00Z,4469.0
2018-12-22T18:20:00Z,2707.0
2018-12-22T18:25:00Z,2635.0
2018-12-22T18:30:00Z,2656.0
2018-12-22T18:35:00Z,3382.0
2018-12-22T18:40:00Z,3352.0
2018-12-22T18:45:00Z,3290.0
2018-12-22T18:50:00Z,2957.0
2018-12-22T18:55:00Z,3245.0
2018-12-22T19:00:00Z,3529.0
2018-12-22T19:05:00Z,4861.0
2018-12-22T19:10:00Z,5843.0
2018-12-22T19:15:00Z,6556.0
2018-12-22T19:20:00Z,2739.0
2018-12-22T19:25:00Z,3577.0
2018-12-22T19:30:00Z,2788.0
2018-12-22T19:35:00Z,3323.0
2018-12-22T19:40:00Z,3347.0
2018-12-22T19:45:00Z,2584.0
2018-12-22T19:50:00Z,3510.0
2018-12-22T19:55:00Z,3274.0
2018-12-22T20:00:00Z,26576.0
2018-12-22T20:05:00Z,42217.0
2018-12-22T20:10:00Z,10836.0
2018-12-22T20:15:00Z,4401.0
2018-12-22T20:20:00Z,3219.0
2018-12-22T20:25:00Z,3365.0
2018-12-22T20:30:00Z,4331.0
2018-12-22T20:35:00Z,3225.0
2018-12-22T20:40:00Z,3126.0
2018-12-22T20:45:00Z,3368.0
2018-12-22T20:50:00Z,6771.0
2018-12-22T20:55:00Z,3440.0
2018-12-22T21:00:00Z,3218.0
2018-12-22T21:05:00Z,3435.0
2018-12-22T21:10:00Z,3103.0
2018-12-22T21:15:00Z,2641.0
2018-12-22T21:20:00Z,4545.0
2018-12-22T21:25:00Z,2490.0
2018-12-22T21:30:00Z,2304.0
2018-12-22T21:35:00Z,2935.0
2018-12-22T21:40:00Z,2972.0
2018-12-22T21:45:00Z,2953.0
2018-12-22T21:50:00Z,3381.0
2018-12-22T21:55:00Z,3391.0
2018-12-22T22:00:00Z,5733.0
2018-12-22T22:05:00Z,11381.0
2018-12-22T22:10:00Z,6412.0
2018-12-22T22:15:00Z,5655.0
2018-12-22T22:20:00Z,3985.0
2018-12-22T22:25:00Z,3594.0
2018-12-22T22:30:00Z,3927.0
2018-12-22T22:35:00Z,4439.0
2018-12-22T22:40:00Z,3458.0
2018-12-22T22:45:00Z,2826.0
2018-12-22T22:50:00Z,3231.0
2018-12-22T22:55:00Z,3303.0
2018-12-22T23:00:00Z,3521.0
2018-12-22T23:05:00Z,2765.0
2018-12-22T23:10:00Z,3725.0
2018-12-22T23:15:00Z,5654.0
2018-12-22T23:20:00Z,3393.0
2018-12-22T23:25:00Z,3420.0
2018-12-22T23:30:00Z,2925.0
2018-12-22T23:35:00Z,3388.0
2018-12-22T23:40:00Z,2819.0
2018-12-22T23:45:00Z,2872.0
2018-12-22T23:50:00Z,3135.0
2018-12-22T23:55:00Z,3815.0
2018-12-23T00:00:00Z,24085.0
2018-12-23T00:05:00Z,38929.0
2018-12-23T00:10:00Z,10130.0
2018-12-23T00:15:00Z,3970.0
2018-12-23T00:20:00Z,3323.0
2018-12-23T00:25:00Z,2403.0
2018-12-23T00:30:00Z,4172.0
2018-12-23T00:35:00Z,3193.0
2018-12-23T00:40:00Z,2580.0
2018-12-23T00:45:00Z,2984.0
2018-12-23T00:50:00Z,2336.0
2018-12-23T00:55:00Z,3186.0
2018-12-23T01:00:00Z,2721.0
2018-12-23T01:05:00Z,3757.0
2018-12-23T01:10:00Z,3931.0
2018-12-23T01:15:00Z,4308.0
2018-12-23T01:20:00Z,3585.0
2018-12-23T01:25:00Z,2721.0
2018-12-23T01:30:00Z,3114.0
2018-12-23T01:35:00Z,3915.0
2018-12-23T01:40:00Z,2816.0
2018-12-23T01:45:00Z,2366.0
2018-12-23T01:50:00Z,2649.0
2018-12-23T01:55:00Z,3093.0
2018-12-23T02:00:00Z,3795.0
2018-12-23T02:05:00Z,5657.0
2018-12-23T02:10:00Z,3974.0
2018-12-23T02:15:00Z,2899.0
2018-12-23T02:20:00Z,2394.0
2018-12-23T02:25:00Z,2221.0
2018-12-23T02:30:00Z,3404.0
2018-12-23T02:35:00Z,3111.0
2018-12-23T02:40:00Z,2649.0
2018-12-23T02:45:00Z,2191.0
2018-12-23T02:50:00Z,2279.0
2018-12-23T02:55:00Z,1761.0
2018-12-23T03:00:00Z,3130.0
2018-12-23T03:05:00Z,2759.0
2018-12-23T03:10:00Z,2332.0
2018-12-23T03:15:00Z,2593.0
2018-12-23T03:20:00Z,3090.0
2018-12-23T03:25:00Z,2183.0
2018-12-23T03:30:00Z,2520.0
2018-12-23T03:35:00Z,4033.0
2018-12-23T03:40:00Z,2738.0
2018-12-23T03:45:00Z,2356.0
2018-12-23T03:50:00Z,2368.0
2018-12-23T03:55:00Z,3448.0
2018-12-23T04:00:00Z,21634.0
2018-12-23T04:05:00Z,36620.0
2018-12-23T04:10:00Z,24027.0
2018-12-23T04:15:00Z,3453.0
2018-12-23T04:20:00Z,2959.0
2018-12-23T04:25:00Z,2354.0
2018-12-23T04:30:00Z,1864.0
2018-12-23T04:35:00Z,3172.0
2018-12-23T04:40:00Z,2236.0
2018-12-23T04:45:00Z,2055.0
2018-12-23T04:50:00Z,2354.0
2018-12-23T04:55:00Z,3477.0
2018-12-23T05:00:00Z,2484.0
2018-12-23T05:05:00Z,2953.0
2018-12-23T05:10:00Z,2304.0
2018-12-23T05:15:00Z,1779.0
2018-12-23T05:20:00Z,2100.0
2018-12-23T05:25:00Z,2314.0
2018-12-23T05:30:00Z,1910.0
2018-12-23T05:35:00Z,2663.0
2018-12-23T05:40:00Z,2147.0
2018-12-23T05:45:00Z,1790.0
2018-12-23T05:50:00Z,1959.0
2018-12-23T05:55:00Z,950.0
2018-12-23T06:00:00Z,1865.0
2018-12-23T06:05:00Z,4024.0
2018-12-23T06:10:00Z,2460.0
2018-12-23T06:15:00Z,1933.0
2018-12-23T06:20:00Z,1161.0
2018-12-23T06:25:00Z,1403.0
2018-12-23T06:30:00Z,1561.0
2018-12-23T06:35:00Z,1602.0
2018-12-23T06:40:00Z,1307.0
2018-12-23T06:45:00Z,1309.0
2018-12-23T06:50:00Z,1537.0
2018-12-23T06:55:00Z,1391.0
2018-12-23T07:00:00Z,1467.0
2018-12-23T07:05:00Z,2900.0
2018-12-23T07:10:00Z,1673.0
2018-12-23T07:15:00Z,1538.0
2018-12-23T07:20:00Z,2316.0
2018-12-23T07:25:00Z,1777.0
2018-12-23T07:30:00Z,1984.0
2018-12-23T07:35:00Z,2909.0
2018-12-23T07:40:00Z,1450.0
2018-12-23T07:45:00Z,1946.0
2018-12-23T07:50:00Z,1433.0
2018-12-23T07:55:00Z,1633.0
2018-12-23T08:00:00Z,12075.0
2018-12-23T08:05:00Z,38380.0
2018-12-23T08:10:00Z,16570.0
2018-12-23T08:15:00Z,2930.0
2018-12-23T08:20:00Z,2555.0
2018-12-23T08:25:00Z,2114.0
2018-12-23T08:30:00Z,1394.0
2018-12-23T08:35:00Z,1660.0
2018-12-23T08:40:00Z,1741.0
2018-12-23T08:45:00Z,1827.0
2018-12-23T08:50:00Z,1387.0
2018-12-23T08:55:00Z,1049.0
2018-12-23T09:00:00Z,910.0
2018-12-23T09:05:00Z,1911.0
2018-12-23T09:10:00Z,1724.0
2018-12-23T09:15:00Z,1668.0
2018-12-23T09:20:00Z,1644.0
2018-12-23T09:25:00Z,1684.0
2018-12-23T09:30:00Z,1382.0
2018-12-23T09:35:00Z,1691.0
2018-12-23T09:40:00Z,1258.0
2018-12-23T09:45:00Z,1667.0
2018-12-23T09:50:00Z,2311.0
2018-12-23T09:55:00Z,1184.0
2018-12-23T10:00:00Z,2102.0
2018-12-23T10:05:00Z,2376.0
2018-12-23T10:10:00Z,1671.0
2018-12-23T10:15:00Z,1118.0
2018-12-23T10:20:00Z,1274.0
2018-12-23T10:25:00Z,1274.0
2018-12-23T10:30:00Z,1142.0
2018-12-23T10:35:00Z,1211.0
2018-12-23T10:40:00Z,1225.0
2018-12-23T10:45:00Z,897.0
2018-12-23T10:50:00Z,549.0
2018-12-23T10:55:00Z,1320.0
2018-12-23T11:00:00Z,751.0
2018-12-23T11:05:00Z,2286.0
2018-12-23T11:10:00Z,1829.0
2018-12-23T11:15:00Z,1742.0
2018-12-23T11:20:00Z,1490.0
2018-12-23T11:25:00Z,1561.0
2018-12-23T11:30:00Z,1281.0
2018-12-23T11:35:00Z,1901.0
2018-12-23T11:40:00Z,1568.0
2018-12-23T11:45:00Z,1460.0
2018-12-23T11:50:00Z,929.0
2018-12-23T11:55:00Z,1287.0
2018-12-23T12:00:00Z,25593.0
2018-12-23T12:05:00Z,45555.0
2018-12-23T12:10:00Z,23057.0
2018-12-23T12:15:00Z,4053.0
2018-12-23T12:20:00Z,1830.0
2018-12-23T12:25:00Z,1510.0
2018-12-23T12:30:00Z,2458.0
2018-12-23T12:35:00Z,2071.0
2018-12-23T12:40:00Z,1937.0
2018-12-23T12:45:00Z,1579.0
2018-12-23T12:50:00Z,1208.0
2018-12-23T12:55:00Z,1280.0
2018-12-23T13:00:00Z,2003.0
2018-12-23T13:05:00Z,2056.0
2018-12-23T13:10:00Z,3470.0
2018-12-23T13:15:00Z,2969.0
2018-12-23T13:20:00Z,2636.0
2018-12-23T13:25:00Z,2511.0
2018-12-23T13:30:00Z,2386.0
2018-12-23T13:35:00Z,2665.0
2018-12-23T13:40:00Z,2537.0
2018-12-23T13:45:00Z,5220.0
2018-12-23T13:50:00Z,2310.0
2018-12-23T13:55:00Z,1886.0
2018-12-23T14:00:00Z,2901.0
2018-12-23T14:05:00Z,3381.0
2018-12-23T14:10:00Z,3405.0
2018-12-23T14:15:00Z,2735.0
2018-12-23T14:20:00Z,2889.0
2018-12-23T14:25:00Z,2195.0
2018-12-23T14:30:00Z,1926.0
2018-12-23T14:35:00Z,2088.0
2018-12-23T14:40:00Z,2574.0
2018-12-23T14:45:00Z,2470.0
2018-12-23T14:50:00Z,1486.0
2018-12-23T14:55:00Z,1768.0
2018-12-23T15:00:00Z,2071.0
2018-12-23T15:05:00Z,2859.0
2018-12-23T15:10:00Z,3675.0
2018-12-23T15:15:00Z,2213.0
2018-12-23T15:20:00Z,3560.0
2018-12-23T15:25:00Z,3933.0
2018-12-23T15:30:00Z,1357.0
2018-12-23T15:35:00Z,1952.0
2018-12-23T15:40:00Z,2306.0
2018-12-23T15:45:00Z,2561.0
2018-12-23T15:50:00Z,2133.0
2018-12-23T15:55:00Z,2264.0
2018-12-23T16:00:00Z,20261.0
2018-12-23T16:05:00Z,31799.0
2018-12-23T16:10:00Z,21046.0
2018-12-23T16:15:00Z,5211.0
2018-12-23T16:20:00Z,3415.0
2018-12-23T16:25:00Z,3106.0
2018-12-23T16:30:00Z,2732.0
2018-12-23T16:35:00Z,3446.0
2018-12-23T16:40:00Z,3785.0
2018-12-23T16:45:00Z,3242.0
2018-12-23T16:50:00Z,2390.0
2018-12-23T16:55:00Z,1713.0
2018-12-23T17:00:00Z,2615.0
2018-12-23T17:05:00Z,3030.0
2018-12-23T17:10:00Z,2397.0
2018-12-23T17:15:00Z,3039.0
2018-12-23T17:20:00Z,2455.0
2018-12-23T17:25:00Z,2744.0
2018-12-23T17:30:00Z,1992.0
2018-12-23T17:35:00Z,2079.0
2018-12-23T17:40:00Z,2640.0
2018-12-23T17:45:00Z,4912.0
2018-12-23T17:50:00Z,3403.0
2018-12-23T17:55:00Z,2137.0
2018-12-23T18:00:00Z,2248.0
2018-12-23T18:05:00Z,2605.0
2018-12-23T18:10:00Z,2335.0
2018-12-23T18:15:00Z,2459.0
2018-12-23T18:20:00Z,2931.0
2018-12-23T18:25:00Z,2789.0
2018-12-23T18:30:00Z,3691.0
2018-12-23T18:35:00Z,4055.0
2018-12-23T18:40:00Z,3469.0
2018-12-23T18:45:00Z,3620.0
2018-12-23T18:50:00Z,2360.0
2018-12-23T18:55:00Z,3055.0
2018-12-23T19:00:00Z,3693.0
2018-12-23T19:05:00Z,3832.0
2018-12-23T19:10:00Z,3557.0
2018-12-23T19:15:00Z,4680.0
2018-12-23T19:20:00Z,3101.0
2018-12-23T19:25:00Z,3679.0
2018-12-23T19:30:00Z,3563.0
2018-12-23T19:35:00Z,2881.0
2018-12-23T19:40:00Z,3024.0
2018-12-23T19:45:00Z,3067.0
2018-12-23T19:50:00Z,2592.0
2018-12-23T19:55:00Z,3972.0
2018-12-23T20:00:00Z,18547.0
2018-12-23T20:05:00Z,50496.0
2018-12-23T20:10:00Z,17632.0
2018-12-23T20:15:00Z,5065.0
2018-12-23T20:20:00Z,5094.0
2018-12-23T20:25:00Z,3530.0
2018-12-23T20:30:00Z,4519.0
2018-12-23T20:35:00Z,4286.0
2018-12-23T20:40:00Z,2180.0
2018-12-23T20:45:00Z,2152.0
2018-12-23T20:50:00Z,2913.0
2018-12-23T20:55:00Z,2012.0
2018-12-23T21:00:00Z,2457.0
2018-12-23T21:05:00Z,3113.0
2018-12-23T21:10:00Z,3515.0
2018-12-23T21:15:00Z,3161.0
2018-12-23T21:20:00Z,2387.0
2018-12-23T21:25:00Z,2246.0
2018-12-23T21:30:00Z,2631.0
2018-12-23T21:35:00Z,2557.0
2018-12-23T21:40:00Z,2137.0
2018-12-23T21:45:00Z,3255.0
2018-12-23T21:50:00Z,3809.0
2018-12-23T21:55:00Z,2743.0
2018-12-23T22:00:00Z,5974.0
2018-12-23T22:05:00Z,11068.0
2018-12-23T22:10:00Z,5291.0
2018-12-23T22:15:00Z,4240.0
2018-12-23T22:20:00Z,3778.0
2018-12-23T22:25:00Z,2980.0
2018-12-23T22:30:00Z,2966.0
2018-12-23T22:35:00Z,3717.0
2018-12-23T22:40:00Z,3450.0
2018-12-23T22:45:00Z,2568.0
2018-12-23T22:50:00Z,2727.0
2018-12-23T22:55:00Z,3372.0
2018-12-23T23:00:00Z,3862.0
2018-12-23T23:05:00Z,3236.0
2018-12-23T23:10:00Z,2999.0
2018-12-23T23:15:00Z,4453.0
2018-12-23T23:20:00Z,4305.0
2018-12-23T23:25:00Z,3360.0
2018-12-23T23:30:00Z,2660.0
2018-12-23T23:35:00Z,2644.0
2018-12-23T23:40:00Z,2821.0
2018-12-23T23:45:00Z,2832.0
2018-12-23T23:50:00Z,2438.0
2018-12-23T23:55:00Z,3525.0
2018-12-24T00:00:00Z,19339.0
2018-12-24T00:05:00Z,37981.0
2018-12-24T00:10:00Z,22489.0
2018-12-24T00:15:00Z,4292.0
2018-12-24T00:20:00Z,2991.0
2018-12-24T00:25:00Z,2604.0
2018-12-24T00:30:00Z,3079.0
2018-12-24T00:35:00Z,4137.0
2018-12-24T00:40:00Z,3804.0
2018-12-24T00:45:00Z,2884.0
2018-12-24T00:50:00Z,3488.0
2018-12-24T00:55:00Z,2903.0
2018-12-24T01:00:00Z,2890.0
2018-12-24T01:05:00Z,3928.0
2018-12-24T01:10:00Z,3121.0
2018-12-24T01:15:00Z,3129.0
2018-12-24T01:20:00Z,2583.0
2018-12-24T01:25:00Z,2810.0
2018-12-24T01:30:00Z,2713.0
2018-12-24T01:35:00Z,3234.0
2018-12-24T01:40:00Z,3173.0
2018-12-24T01:45:00Z,2340.0
2018-12-24T01:50:00Z,2802.0
2018-12-24T01:55:00Z,3124.0
2018-12-24T02:00:00Z,3907.0
2018-12-24T02:05:00Z,7383.0
2018-12-24T02:10:00Z,4337.0
2018-12-24T02:15:00Z,3877.0
2018-12-24T02:20:00Z,2900.0
2018-12-24T02:25:00Z,2985.0
2018-12-24T02:30:00Z,3775.0
2018-12-24T02:35:00Z,3153.0
2018-12-24T02:40:00Z,2633.0
2018-12-24T02:45:00Z,2791.0
2018-12-24T02:50:00Z,3110.0
2018-12-24T02:55:00Z,3315.0
2018-12-24T03:00:00Z,2861.0
2018-12-24T03:05:00Z,3645.0
2018-12-24T03:10:00Z,2766.0
2018-12-24T03:15:00Z,2694.0
2018-12-24T03:20:00Z,5154.0
2018-12-24T03:25:00Z,2302.0
2018-12-24T03:30:00Z,3545.0
2018-12-24T03:35:00Z,3087.0
2018-12-24T03:40:00Z,2789.0
2018-12-24T03:45:00Z,3161.0
2018-12-24T03:50:00Z,3729.0
2018-12-24T03:55:00Z,5029.0
2018-12-24T04:00:00Z,25245.0
2018-12-24T04:05:00Z,54403.0
2018-12-24T04:10:00Z,18281.0
2018-12-24T04:15:00Z,3015.0
2018-12-24T04:20:00Z,5805.0
2018-12-24T04:25:00Z,3579.0
2018-12-24T04:30:00Z,4222.0
2018-12-24T04:35:00Z,5050.0
2018-12-24T04:40:00Z,5472.0
2018-12-24T04:45:00Z,3385.0
2018-12-24T04:50:00Z,3871.0
2018-12-24T04:55:00Z,2745.0
2018-12-24T05:00:00Z,3494.0
2018-12-24T05:05:00Z,4649.0
2018-12-24T05:10:00Z,4253.0
2018-12-24T05:15:00Z,5230.0
2018-12-24T05:20:00Z,2987.0
2018-12-24T05:25:00Z,3438.0
2018-12-24T05:30:00Z,3748.0
2018-12-24T05:35:00Z,4152.0
2018-12-24T05:40:00Z,3451.0
2018-12-24T05:45:00Z,3881.0
2018-12-24T05:50:00Z,2559.0
2018-12-24T05:55:00Z,2764.0
2018-12-24T06:00:00Z,4613.0
2018-12-24T06:05:00Z,7041.0
2018-12-24T06:10:00Z,4503.0
2018-12-24T06:15:00Z,4127.0
2018-12-24T06:20:00Z,4585.0
2018-12-24T06:25:00Z,3772.0
2018-12-24T06:30:00Z,3906.0
2018-12-24T06:35:00Z,3574.0
2018-12-24T06:40:00Z,3967.0
2018-12-24T06:45:00Z,4143.0
2018-12-24T06:50:00Z,4317.0
2018-12-24T06:55:00Z,4319.0
2018-12-24T07:00:00Z,4608.0
2018-12-24T07:05:00Z,5152.0
2018-12-24T07:10:00Z,4085.0
2018-12-24T07:15:00Z,4879.0
2018-12-24T07:20:00Z,3897.0
2018-12-24T07:25:00Z,3432.0
2018-12-24T07:30:00Z,3281.0
2018-12-24T07:35:00Z,4130.0
2018-12-24T07:40:00Z,3091.0
2018-12-24T07:45:00Z,2999.0
2018-12-24T07:50:00Z,2951.0
2018-12-24T07:55:00Z,4058.0
2018-12-24T08:00:00Z,19059.0
2018-12-24T08:05:00Z,41031.0
2018-12-24T08:10:00Z,12935.0
2018-12-24T08:15:00Z,4338.0
2018-12-24T08:20:00Z,4676.0
2018-12-24T08:25:00Z,5127.0
2018-12-24T08:30:00Z,4036.0
2018-12-24T08:35:00Z,4139.0
2018-12-24T08:40:00Z,4036.0
2018-12-24T08:45:00Z,2980.0
2018-12-24T08:50:00Z,3194.0
2018-12-24T08:55:00Z,3424.0
2018-12-24T09:00:00Z,3908.0
2018-12-24T09:05:00Z,3272.0
2018-12-24T09:10:00Z,3821.0
2018-12-24T09:15:00Z,3356.0
2018-12-24T09:20:00Z,3488.0
2018-12-24T09:25:00Z,4935.0
2018-12-24T09:30:00Z,4240.0
2018-12-24T09:35:00Z,4708.0
2018-12-24T09:40:00Z,3780.0
2018-12-24T09:45:00Z,3721.0
2018-12-24T09:50:00Z,3566.0
2018-12-24T09:55:00Z,3450.0
2018-12-24T10:00:00Z,3869.0
2018-12-24T10:05:00Z,6487.0
2018-12-24T10:10:00Z,4238.0
2018-12-24T10:15:00Z,2902.0
2018-12-24T10:20:00Z,2896.0
2018-12-24T10:25:00Z,4639.0
2018-12-24T10:30:00Z,3458.0
2018-12-24T10:35:00Z,3604.0
2018-12-24T10:40:00Z,3289.0
2018-12-24T10:45:00Z,2760.0
2018-12-24T10:50:00Z,2411.0
2018-12-24T10:55:00Z,2784.0
2018-12-24T11:00:00Z,3865.0
2018-12-24T11:05:00Z,3529.0
2018-12-24T11:10:00Z,4129.0
2018-12-24T11:15:00Z,3782.0
2018-12-24T11:20:00Z,3630.0
2018-12-24T11:25:00Z,3626.0
2018-12-24T11:30:00Z,3820.0
2018-12-24T11:35:00Z,3414.0
2018-12-24T11:40:00Z,2868.0
2018-12-24T11:45:00Z,2727.0
2018-12-24T11:50:00Z,3143.0
2018-12-24T11:55:00Z,3859.0
2018-12-24T12:00:00Z,34515.0
2018-12-24T12:05:00Z,37247.0
2018-12-24T12:10:00Z,35193.0
2018-12-24T12:15:00Z,11455.0
2018-12-24T12:20:00Z,4246.0
2018-12-24T12:25:00Z,3447.0
2018-12-24T12:30:00Z,3099.0
2018-12-24T12:35:00Z,3776.0
2018-12-24T12:40:00Z,3152.0
2018-12-24T12:45:00Z,3916.0
2018-12-24T12:50:00Z,3959.0
2018-12-24T12:55:00Z,4190.0
2018-12-24T13:00:00Z,4241.0
2018-12-24T13:05:00Z,4037.0
2018-12-24T13:10:00Z,3796.0
2018-12-24T13:15:00Z,4569.0
2018-12-24T13:20:00Z,4261.0
2018-12-24T13:25:00Z,3004.0
2018-12-24T13:30:00Z,3817.0
2018-12-24T13:35:00Z,5123.0
2018-12-24T13:40:00Z,3777.0
2018-12-24T13:45:00Z,4920.0
2018-12-24T13:50:00Z,4053.0
2018-12-24T13:55:00Z,3544.0
2018-12-24T14:00:00Z,4991.0
2018-12-24T14:05:00Z,6057.0
2018-12-24T14:10:00Z,5363.0
2018-12-24T14:15:00Z,6164.0
2018-12-24T14:20:00Z,4451.0
2018-12-24T14:25:00Z,5434.0
2018-12-24T14:30:00Z,4822.0
2018-12-24T14:35:00Z,4933.0
2018-12-24T14:40:00Z,5264.0
2018-12-24T14:45:00Z,5840.0
2018-12-24T14:50:00Z,4427.0
2018-12-24T14:55:00Z,3897.0
2018-12-24T15:00:00Z,6030.0
2018-12-24T15:05:00Z,7313.0
2018-12-24T15:10:00Z,8340.0
2018-12-24T15:15:00Z,8314.0
2018-12-24T15:20:00Z,5779.0
2018-12-24T15:25:00Z,6091.0
2018-12-24T15:30:00Z,10585.0
2018-12-24T15:35:00Z,10415.0
2018-12-24T15:40:00Z,8694.0
2018-12-24T15:45:00Z,7868.0
2018-12-24T15:50:00Z,9518.0
2018-12-24T15:55:00Z,11173.0
2018-12-24T16:00:00Z,20632.0
2018-12-24T16:05:00Z,41527.0
2018-12-24T16:10:00Z,18556.0
2018-12-24T16:15:00Z,7705.0
2018-12-24T16:20:00Z,7045.0
2018-12-24T16:25:00Z,6019.0
2018-12-24T16:30:00Z,3775.0
2018-12-24T16:35:00Z,4288.0
2018-12-24T16:40:00Z,5216.0
2018-12-24T16:45:00Z,5016.0
2018-12-24T16:50:00Z,5741.0
2018-12-24T16:55:00Z,4120.0
2018-12-24T17:00:00Z,4788.0
2018-12-24T17:05:00Z,5135.0
2018-12-24T17:10:00Z,5192.0
2018-12-24T17:15:00Z,5890.0
2018-12-24T17:20:00Z,5569.0
2018-12-24T17:25:00Z,5480.0
2018-12-24T17:30:00Z,5643.0
2018-12-24T17:35:00Z,5554.0
2018-12-24T17:40:00Z,5426.0
2018-12-24T17:45:00Z,5584.0
2018-12-24T17:50:00Z,5691.0
2018-12-24T17:55:00Z,5454.0
2018-12-24T18:00:00Z,5779.0
2018-12-24T18:05:00Z,5430.0
2018-12-24T18:10:00Z,6080.0
2018-12-24T18:15:00Z,6894.0
2018-12-24T18:20:00Z,7070.0
2018-12-24T18:25:00Z,5521.0
2018-12-24T18:30:00Z,6163.0
2018-12-24T18:35:00Z,4662.0
2018-12-24T18:40:00Z,4675.0
2018-12-24T18:45:00Z,5949.0
2018-12-24T18:50:00Z,5785.0
2018-12-24T18:55:00Z,4769.0
2018-12-24T19:00:00Z,5718.0
2018-12-24T19:05:00Z,6929.0
2018-12-24T19:10:00Z,5063.0
2018-12-24T19:15:00Z,5240.0
2018-12-24T19:20:00Z,5037.0
2018-12-24T19:25:00Z,4214.0
2018-12-24T19:30:00Z,4286.0
2018-12-24T19:35:00Z,5133.0
2018-12-24T19:40:00Z,3822.0
2018-12-24T19:45:00Z,3800.0
2018-12-24T19:50:00Z,3892.0
2018-12-24T19:55:00Z,4444.0
2018-12-24T20:00:00Z,30296.0
2018-12-24T20:05:00Z,31510.0
2018-12-24T20:10:00Z,22802.0
2018-12-24T20:15:00Z,4930.0
2018-12-24T20:20:00Z,5537.0
2018-12-24T20:25:00Z,4167.0
2018-12-24T20:30:00Z,4923.0
2018-12-24T20:35:00Z,5923.0
2018-12-24T20:40:00Z,3716.0
2018-12-24T20:45:00Z,3189.0
2018-12-24T20:50:00Z,3614.0
2018-12-24T20:55:00Z,3868.0
2018-12-24T21:00:00Z,4488.0
2018-12-24T21:05:00Z,4215.0
2018-12-24T21:10:00Z,3958.0
2018-12-24T21:15:00Z,3469.0
2018-12-24T21:20:00Z,3735.0
2018-12-24T21:25:00Z,3837.0
2018-12-24T21:30:00Z,2759.0
2018-12-24T21:35:00Z,3629.0
2018-12-24T21:40:00Z,3154.0
2018-12-24T21:45:00Z,3146.0
2018-12-24T21:50:00Z,5003.0
2018-12-24T21:55:00Z,3292.0
2018-12-24T22:00:00Z,9311.0
2018-12-24T22:05:00Z,14753.0
2018-12-24T22:10:00Z,7014.0
2018-12-24T22:15:00Z,5387.0
2018-12-24T22:20:00Z,5545.0
2018-12-24T22:25:00Z,4094.0
2018-12-24T22:30:00Z,4077.0
2018-12-24T22:35:00Z,5493.0
2018-12-24T22:40:00Z,4923.0
2018-12-24T22:45:00Z,4408.0
2018-12-24T22:50:00Z,4676.0
2018-12-24T22:55:00Z,5747.0
2018-12-24T23:00:00Z,4432.0
2018-12-24T23:05:00Z,4525.0
2018-12-24T23:10:00Z,3884.0
2018-12-24T23:15:00Z,4338.0
2018-12-24T23:20:00Z,6146.0
2018-12-24T23:25:00Z,4506.0
2018-12-24T23:30:00Z,3765.0
2018-12-24T23:35:00Z,3630.0
2018-12-24T23:40:00Z,3546.0
2018-12-24T23:45:00Z,3637.0
2018-12-24T23:50:00Z,3679.0
2018-12-24T23:55:00Z,4737.0
2018-12-25T00:00:00Z,21974.0
2018-12-25T00:05:00Z,28933.0
2018-12-25T00:10:00Z,19899.0
2018-12-25T00:15:00Z,9776.0
2018-12-25T00:20:00Z,5169.0
2018-12-25T00:25:00Z,3140.0
2018-12-25T00:30:00Z,4280.0
2018-12-25T00:35:00Z,4376.0
2018-12-25T00:40:00Z,3513.0
2018-12-25T00:45:00Z,2788.0
2018-12-25T00:50:00Z,3220.0
2018-12-25T00:55:00Z,2414.0
2018-12-25T01:00:00Z,3580.0
2018-12-25T01:05:00Z,4132.0
2018-12-25T01:10:00Z,4614.0
2018-12-25T01:15:00Z,3822.0
2018-12-25T01:20:00Z,3494.0
2018-12-25T01:25:00Z,3555.0
2018-12-25T01:30:00Z,2997.0
2018-12-25T01:35:00Z,3687.0
2018-12-25T01:40:00Z,3043.0
2018-12-25T01:45:00Z,2482.0
2018-12-25T01:50:00Z,3150.0
2018-12-25T01:55:00Z,3310.0
2018-12-25T02:00:00Z,3321.0
2018-12-25T02:05:00Z,5223.0
2018-12-25T02:10:00Z,4070.0
2018-12-25T02:15:00Z,3488.0
2018-12-25T02:20:00Z,3642.0
2018-12-25T02:25:00Z,3399.0
2018-12-25T02:30:00Z,3793.0
2018-12-25T02:35:00Z,3406.0
2018-12-25T02:40:00Z,2974.0
2018-12-25T02:45:00Z,3183.0
2018-12-25T02:50:00Z,3048.0
2018-12-25T02:55:00Z,3595.0
2018-12-25T03:00:00Z,2296.0
2018-12-25T03:05:00Z,3269.0
2018-12-25T03:10:00Z,3682.0
2018-12-25T03:15:00Z,3107.0
2018-12-25T03:20:00Z,3303.0
2018-12-25T03:25:00Z,3338.0
2018-12-25T03:30:00Z,2942.0
2018-12-25T03:35:00Z,3758.0
2018-12-25T03:40:00Z,3140.0
2018-12-25T03:45:00Z,4119.0
2018-12-25T03:50:00Z,2893.0
2018-12-25T03:55:00Z,3471.0
2018-12-25T04:00:00Z,10863.0
2018-12-25T04:05:00Z,24826.0
2018-12-25T04:10:00Z,25605.0
2018-12-25T04:15:00Z,19271.0
2018-12-25T04:20:00Z,5682.0
2018-12-25T04:25:00Z,5964.0
2018-12-25T04:30:00Z,3111.0
2018-12-25T04:35:00Z,3442.0
2018-12-25T04:40:00Z,3178.0
2018-12-25T04:45:00Z,2060.0
2018-12-25T04:50:00Z,4450.0
2018-12-25T04:55:00Z,4052.0
2018-12-25T05:00:00Z,4414.0
2018-12-25T05:05:00Z,3454.0
2018-12-25T05:10:00Z,3993.0
2018-12-25T05:15:00Z,3158.0
2018-12-25T05:20:00Z,4767.0
2018-12-25T05:25:00Z,3801.0
2018-12-25T05:30:00Z,2991.0
2018-12-25T05:35:00Z,3438.0
2018-12-25T05:40:00Z,4078.0
2018-12-25T05:45:00Z,3849.0
2018-12-25T05:50:00Z,2670.0
2018-12-25T05:55:00Z,2291.0
2018-12-25T06:00:00Z,3633.0
2018-12-25T06:05:00Z,4386.0
2018-12-25T06:10:00Z,3383.0
2018-12-25T06:15:00Z,3745.0
2018-12-25T06:20:00Z,3988.0
2018-12-25T06:25:00Z,3820.0
2018-12-25T06:30:00Z,2995.0
2018-12-25T06:35:00Z,3251.0
2018-12-25T06:40:00Z,2810.0
2018-12-25T06:45:00Z,2952.0
2018-12-25T06:50:00Z,2533.0
2018-12-25T06:55:00Z,2750.0
2018-12-25T07:00:00Z,3642.0
2018-12-25T07:05:00Z,3771.0
2018-12-25T07:10:00Z,4495.0
2018-12-25T07:15:00Z,3371.0
2018-12-25T07:20:00Z,2461.0
2018-12-25T07:25:00Z,2853.0
2018-12-25T07:30:00Z,2986.0
2018-12-25T07:35:00Z,4026.0
2018-12-25T07:40:00Z,4323.0
2018-12-25T07:45:00Z,3730.0
2018-12-25T07:50:00Z,3062.0
2018-12-25T07:55:00Z,3624.0
2018-12-25T08:00:00Z,14860.0
2018-12-25T08:05:00Z,36606.0
2018-12-25T08:10:00Z,12299.0
2018-12-25T08:15:00Z,2374.0
2018-12-25T08:20:00Z,2092.0
2018-12-25T08:25:00Z,2098.0
2018-12-25T08:30:00Z,2337.0
2018-12-25T08:35:00Z,1816.0
2018-12-25T08:40:00Z,1474.0
2018-12-25T08:45:00Z,3345.0
2018-12-25T08:50:00Z,2567.0
2018-12-25T08:55:00Z,4359.0
2018-12-25T09:00:00Z,5422.0
2018-12-25T09:05:00Z,1663.0
2018-12-25T09:10:00Z,7020.0
2018-12-25T09:15:00Z,9194.0
2018-12-25T09:20:00Z,1501.0
2018-12-25T09:25:00Z,1395.0
2018-12-25T09:30:00Z,1386.0
2018-12-25T09:35:00Z,1732.0
2018-12-25T09:40:00Z,1469.0
2018-12-25T09:45:00Z,1623.0
2018-12-25T09:50:00Z,1362.0
2018-12-25T09:55:00Z,1559.0
2018-12-25T10:00:00Z,2774.0
2018-12-25T10:05:00Z,3517.0
2018-12-25T10:10:00Z,1992.0
2018-12-25T10:15:00Z,2247.0
2018-12-25T10:20:00Z,1066.0
2018-12-25T10:25:00Z,1666.0
2018-12-25T10:30:00Z,1117.0
2018-12-25T10:35:00Z,1508.0
2018-12-25T10:40:00Z,1211.0
2018-12-25T10:45:00Z,875.0
2018-12-25T10:50:00Z,772.0
2018-12-25T10:55:00Z,895.0
2018-12-25T11:00:00Z,1198.0
2018-12-25T11:05:00Z,1656.0
2018-12-25T11:10:00Z,1479.0
2018-12-25T11:15:00Z,2387.0
2018-12-25T11:20:00Z,1138.0
2018-12-25T11:25:00Z,1581.0
2018-12-25T11:30:00Z,1779.0
2018-12-25T11:35:00Z,1069.0
2018-12-25T11:40:00Z,1180.0
2018-12-25T11:45:00Z,1612.0
2018-12-25T11:50:00Z,885.0
2018-12-25T11:55:00Z,2271.0
2018-12-25T12:00:00Z,20383.0
2018-12-25T12:05:00Z,32711.0
2018-12-25T12:10:00Z,17812.0
2018-12-25T12:15:00Z,2702.0
2018-12-25T12:20:00Z,1476.0
2018-12-25T12:25:00Z,1259.0
2018-12-25T12:30:00Z,1964.0
2018-12-25T12:35:00Z,2064.0
2018-12-25T12:40:00Z,1309.0
2018-12-25T12:45:00Z,1086.0
2018-12-25T12:50:00Z,1398.0
2018-12-25T12:55:00Z,1701.0
2018-12-25T13:00:00Z,1186.0
2018-12-25T13:05:00Z,1533.0
2018-12-25T13:10:00Z,1411.0
2018-12-25T13:15:00Z,2674.0
2018-12-25T13:20:00Z,1545.0
2018-12-25T13:25:00Z,1261.0
2018-12-25T13:30:00Z,2749.0
2018-12-25T13:35:00Z,2054.0
2018-12-25T13:40:00Z,1597.0
2018-12-25T13:45:00Z,1765.0
2018-12-25T13:50:00Z,1919.0
2018-12-25T13:55:00Z,1230.0
2018-12-25T14:00:00Z,1713.0
2018-12-25T14:05:00Z,3188.0
2018-12-25T14:10:00Z,1590.0
2018-12-25T14:15:00Z,1881.0
2018-12-25T14:20:00Z,1739.0
2018-12-25T14:25:00Z,1341.0
2018-12-25T14:30:00Z,1445.0
2018-12-25T14:35:00Z,2217.0
2018-12-25T14:40:00Z,1665.0
2018-12-25T14:45:00Z,2105.0
2018-12-25T14:50:00Z,1908.0
2018-12-25T14:55:00Z,1880.0
2018-12-25T15:00:00Z,1391.0
2018-12-25T15:05:00Z,1501.0
2018-12-25T15:10:00Z,1473.0
2018-12-25T15:15:00Z,2322.0
2018-12-25T15:20:00Z,1066.0
2018-12-25T15:25:00Z,1160.0
2018-12-25T15:30:00Z,2283.0
2018-12-25T15:35:00Z,1641.0
2018-12-25T15:40:00Z,1173.0
2018-12-25T15:45:00Z,1651.0
2018-12-25T15:50:00Z,1218.0
2018-12-25T15:55:00Z,1359.0
2018-12-25T16:00:00Z,16035.0
2018-12-25T16:05:00Z,39369.0
2018-12-25T16:10:00Z,8041.0
2018-12-25T16:15:00Z,3498.0
2018-12-25T16:20:00Z,2811.0
2018-12-25T16:25:00Z,1380.0
2018-12-25T16:30:00Z,1075.0
2018-12-25T16:35:00Z,2050.0
2018-12-25T16:40:00Z,1536.0
2018-12-25T16:45:00Z,1678.0
2018-12-25T16:50:00Z,1537.0
2018-12-25T16:55:00Z,1806.0
2018-12-25T17:00:00Z,2532.0
2018-12-25T17:05:00Z,2171.0
2018-12-25T17:10:00Z,1161.0
2018-12-25T17:15:00Z,1259.0
2018-12-25T17:20:00Z,1748.0
2018-12-25T17:25:00Z,1227.0
2018-12-25T17:30:00Z,1325.0
2018-12-25T17:35:00Z,1690.0
2018-12-25T17:40:00Z,1726.0
2018-12-25T17:45:00Z,1321.0
2018-12-25T17:50:00Z,1061.0
2018-12-25T17:55:00Z,1652.0
2018-12-25T18:00:00Z,2222.0
2018-12-25T18:05:00Z,2464.0
2018-12-25T18:10:00Z,2445.0
2018-12-25T18:15:00Z,2524.0
2018-12-25T18:20:00Z,1626.0
2018-12-25T18:25:00Z,1759.0
2018-12-25T18:30:00Z,1690.0
2018-12-25T18:35:00Z,4382.0
2018-12-25T18:40:00Z,1269.0
2018-12-25T18:45:00Z,1420.0
2018-12-25T18:50:00Z,1560.0
2018-12-25T18:55:00Z,2057.0
2018-12-25T19:00:00Z,2237.0
2018-12-25T19:05:00Z,2804.0
2018-12-25T19:10:00Z,2130.0
2018-12-25T19:15:00Z,2255.0
2018-12-25T19:20:00Z,2993.0
2018-12-25T19:25:00Z,1610.0
2018-12-25T19:30:00Z,2554.0
2018-12-25T19:35:00Z,2749.0
2018-12-25T19:40:00Z,1581.0
2018-12-25T19:45:00Z,1693.0
2018-12-25T19:50:00Z,2209.0
2018-12-25T19:55:00Z,2490.0
2018-12-25T20:00:00Z,31268.0
2018-12-25T20:05:00Z,38069.0
2018-12-25T20:10:00Z,11392.0
2018-12-25T20:15:00Z,1624.0
2018-12-25T20:20:00Z,3572.0
2018-12-25T20:25:00Z,1488.0
2018-12-25T20:30:00Z,1588.0
2018-12-25T20:35:00Z,1933.0
2018-12-25T20:40:00Z,1619.0
2018-12-25T20:45:00Z,1540.0
2018-12-25T20:50:00Z,1692.0
2018-12-25T20:55:00Z,1757.0
2018-12-25T21:00:00Z,1243.0
2018-12-25T21:05:00Z,2354.0
2018-12-25T21:10:00Z,1767.0
2018-12-25T21:15:00Z,1351.0
2018-12-25T21:20:00Z,3684.0
2018-12-25T21:25:00Z,1885.0
2018-12-25T21:30:00Z,1609.0
2018-12-25T21:35:00Z,1692.0
2018-12-25T21:40:00Z,1653.0
2018-12-25T21:45:00Z,1020.0
2018-12-25T21:50:00Z,2099.0
2018-12-25T21:55:00Z,1497.0
2018-12-25T22:00:00Z,5397.0
2018-12-25T22:05:00Z,10342.0
2018-12-25T22:10:00Z,3143.0
2018-12-25T22:15:00Z,1952.0
2018-12-25T22:20:00Z,2495.0
2018-12-25T22:25:00Z,1017.0
2018-12-25T22:30:00Z,1378.0
2018-12-25T22:35:00Z,2565.0
2018-12-25T22:40:00Z,2105.0
2018-12-25T22:45:00Z,1958.0
2018-12-25T22:50:00Z,1936.0
2018-12-25T22:55:00Z,1453.0
2018-12-25T23:00:00Z,1683.0
2018-12-25T23:05:00Z,1904.0
2018-12-25T23:10:00Z,1807.0
2018-12-25T23:15:00Z,2237.0
2018-12-25T23:20:00Z,2416.0
2018-12-25T23:25:00Z,1292.0
2018-12-25T23:30:00Z,1860.0
2018-12-25T23:35:00Z,2311.0
2018-12-25T23:40:00Z,1607.0
2018-12-25T23:45:00Z,1573.0
2018-12-25T23:50:00Z,1706.0
2018-12-25T23:55:00Z,1838.0
2018-12-26T00:00:00Z,14010.0
2018-12-26T00:05:00Z,27011.0
2018-12-26T00:10:00Z,23959.0
2018-12-26T00:15:00Z,4781.0
2018-12-26T00:20:00Z,3435.0
2018-12-26T00:25:00Z,2309.0
2018-12-26T00:30:00Z,1182.0
2018-12-26T00:35:00Z,2353.0
2018-12-26T00:40:00Z,1600.0
2018-12-26T00:45:00Z,1473.0
2018-12-26T00:50:00Z,1933.0
2018-12-26T00:55:00Z,1133.0
2018-12-26T01:00:00Z,2044.0
2018-12-26T01:05:00Z,3008.0
2018-12-26T01:10:00Z,2029.0
2018-12-26T01:15:00Z,2248.0
2018-12-26T01:20:00Z,2877.0
2018-12-26T01:25:00Z,2619.0
2018-12-26T01:30:00Z,1889.0
2018-12-26T01:35:00Z,2009.0
2018-12-26T01:40:00Z,1787.0
2018-12-26T01:45:00Z,2418.0
2018-12-26T01:50:00Z,2414.0
2018-12-26T01:55:00Z,2177.0
2018-12-26T02:00:00Z,2302.0
2018-12-26T02:05:00Z,3750.0
2018-12-26T02:10:00Z,2803.0
2018-12-26T02:15:00Z,1985.0
2018-12-26T02:20:00Z,2691.0
2018-12-26T02:25:00Z,2016.0
2018-12-26T02:30:00Z,3151.0
2018-12-26T02:35:00Z,3080.0
2018-12-26T02:40:00Z,2443.0
2018-12-26T02:45:00Z,1396.0
2018-12-26T02:50:00Z,2644.0
2018-12-26T02:55:00Z,2506.0
2018-12-26T03:00:00Z,1813.0
2018-12-26T03:05:00Z,2972.0
2018-12-26T03:10:00Z,2700.0
2018-12-26T03:15:00Z,2504.0
2018-12-26T03:20:00Z,3041.0
2018-12-26T03:25:00Z,2115.0
2018-12-26T03:30:00Z,1895.0
2018-12-26T03:35:00Z,2488.0
2018-12-26T03:40:00Z,2170.0
2018-12-26T03:45:00Z,2989.0
2018-12-26T03:50:00Z,2757.0
2018-12-26T03:55:00Z,5454.0
2018-12-26T04:00:00Z,15626.0
2018-12-26T04:05:00Z,38262.0
2018-12-26T04:10:00Z,25080.0
2018-12-26T04:15:00Z,3770.0
2018-12-26T04:20:00Z,3716.0
2018-12-26T04:25:00Z,2556.0
2018-12-26T04:30:00Z,3527.0
2018-12-26T04:35:00Z,3791.0
2018-12-26T04:40:00Z,3599.0
2018-12-26T04:45:00Z,3113.0
2018-12-26T04:50:00Z,3435.0
2018-12-26T04:55:00Z,4233.0
2018-12-26T05:00:00Z,3450.0
2018-12-26T05:05:00Z,5105.0
2018-12-26T05:10:00Z,3635.0
2018-12-26T05:15:00Z,4053.0
2018-12-26T05:20:00Z,3792.0
2018-12-26T05:25:00Z,4013.0
2018-12-26T05:30:00Z,4023.0
2018-12-26T05:35:00Z,3264.0
2018-12-26T05:40:00Z,4370.0
2018-12-26T05:45:00Z,4574.0
2018-12-26T05:50:00Z,3325.0
2018-12-26T05:55:00Z,4239.0
2018-12-26T06:00:00Z,3793.0
2018-12-26T06:05:00Z,4943.0
2018-12-26T06:10:00Z,4488.0
2018-12-26T06:15:00Z,5000.0
2018-12-26T06:20:00Z,4612.0
2018-12-26T06:25:00Z,4341.0
2018-12-26T06:30:00Z,3470.0
2018-12-26T06:35:00Z,4046.0
2018-12-26T06:40:00Z,3138.0
2018-12-26T06:45:00Z,3611.0
2018-12-26T06:50:00Z,3389.0
2018-12-26T06:55:00Z,2884.0
2018-12-26T07:00:00Z,3454.0
2018-12-26T07:05:00Z,3300.0
2018-12-26T07:10:00Z,4526.0
2018-12-26T07:15:00Z,4066.0
2018-12-26T07:20:00Z,2909.0
2018-12-26T07:25:00Z,3379.0
2018-12-26T07:30:00Z,2940.0
2018-12-26T07:35:00Z,3970.0
2018-12-26T07:40:00Z,4473.0
2018-12-26T07:45:00Z,5079.0
2018-12-26T07:50:00Z,4605.0
2018-12-26T07:55:00Z,4239.0
2018-12-26T08:00:00Z,18465.0
2018-12-26T08:05:00Z,34295.0
2018-12-26T08:10:00Z,16063.0
2018-12-26T08:15:00Z,5746.0
2018-12-26T08:20:00Z,3601.0
2018-12-26T08:25:00Z,3784.0
2018-12-26T08:30:00Z,5359.0
2018-12-26T08:35:00Z,3483.0
2018-12-26T08:40:00Z,3286.0
2018-12-26T08:45:00Z,2563.0
2018-12-26T08:50:00Z,3197.0
2018-12-26T08:55:00Z,3769.0
2018-12-26T09:00:00Z,3463.0
2018-12-26T09:05:00Z,3738.0
2018-12-26T09:10:00Z,3127.0
2018-12-26T09:15:00Z,3813.0
2018-12-26T09:20:00Z,2541.0
2018-12-26T09:25:00Z,2218.0
2018-12-26T09:30:00Z,2906.0
2018-12-26T09:35:00Z,3664.0
2018-12-26T09:40:00Z,5236.0
2018-12-26T09:45:00Z,4849.0
2018-12-26T09:50:00Z,6740.0
2018-12-26T09:55:00Z,5988.0
2018-12-26T10:00:00Z,5690.0
2018-12-26T10:05:00Z,3293.0
2018-12-26T10:10:00Z,3790.0
2018-12-26T10:15:00Z,4082.0
2018-12-26T10:20:00Z,3491.0
2018-12-26T10:25:00Z,3144.0
2018-12-26T10:30:00Z,3141.0
2018-12-26T10:35:00Z,3766.0
2018-12-26T10:40:00Z,2728.0
2018-12-26T10:45:00Z,2986.0
2018-12-26T10:50:00Z,2819.0
2018-12-26T10:55:00Z,3684.0
2018-12-26T11:00:00Z,4394.0
2018-12-26T11:05:00Z,2954.0
2018-12-26T11:10:00Z,3872.0
2018-12-26T11:15:00Z,4784.0
2018-12-26T11:20:00Z,3776.0
2018-12-26T11:25:00Z,3808.0
2018-12-26T11:30:00Z,4934.0
2018-12-26T11:35:00Z,4603.0
2018-12-26T11:40:00Z,6722.0
2018-12-26T11:45:00Z,6374.0
2018-12-26T11:50:00Z,5637.0
2018-12-26T11:55:00Z,4074.0
2018-12-26T12:00:00Z,25249.0
2018-12-26T12:05:00Z,46235.0
2018-12-26T12:10:00Z,12200.0
2018-12-26T12:15:00Z,6366.0
2018-12-26T12:20:00Z,5979.0
2018-12-26T12:25:00Z,6779.0
2018-12-26T12:30:00Z,4844.0
2018-12-26T12:35:00Z,4541.0
2018-12-26T12:40:00Z,4119.0
2018-12-26T12:45:00Z,3767.0
2018-12-26T12:50:00Z,4407.0
2018-12-26T12:55:00Z,5004.0
2018-12-26T13:00:00Z,6454.0
2018-12-26T13:05:00Z,6804.0
2018-12-26T13:10:00Z,7221.0
2018-12-26T13:15:00Z,8047.0
2018-12-26T13:20:00Z,8350.0
2018-12-26T13:25:00Z,6622.0
2018-12-26T13:30:00Z,5667.0
2018-12-26T13:35:00Z,7440.0
2018-12-26T13:40:00Z,8991.0
2018-12-26T13:45:00Z,9504.0
2018-12-26T13:50:00Z,7913.0
2018-12-26T13:55:00Z,8385.0
2018-12-26T14:00:00Z,8187.0
2018-12-26T14:05:00Z,8809.0
2018-12-26T14:10:00Z,11147.0
2018-12-26T14:15:00Z,10808.0
2018-12-26T14:20:00Z,10087.0
2018-12-26T14:25:00Z,10934.0
2018-12-26T14:30:00Z,9122.0
2018-12-26T14:35:00Z,9807.0
2018-12-26T14:40:00Z,9163.0
2018-12-26T14:45:00Z,11053.0
2018-12-26T14:50:00Z,11975.0
2018-12-26T14:55:00Z,11898.0
2018-12-26T15:00:00Z,9271.0
2018-12-26T15:05:00Z,10709.0
2018-12-26T15:10:00Z,12383.0
2018-12-26T15:15:00Z,14334.0
2018-12-26T15:20:00Z,15553.0
2018-12-26T15:25:00Z,12261.0
2018-12-26T15:30:00Z,10712.0
2018-12-26T15:35:00Z,9932.0
2018-12-26T15:40:00Z,12384.0
2018-12-26T15:45:00Z,12095.0
2018-12-26T15:50:00Z,11078.0
2018-12-26T15:55:00Z,12660.0
2018-12-26T16:00:00Z,26752.0
2018-12-26T16:05:00Z,48184.0
2018-12-26T16:10:00Z,17473.0
2018-12-26T16:15:00Z,15572.0
2018-12-26T16:20:00Z,16347.0
2018-12-26T16:25:00Z,14498.0
2018-12-26T16:30:00Z,13937.0
2018-12-26T16:35:00Z,15272.0
2018-12-26T16:40:00Z,15401.0
2018-12-26T16:45:00Z,15774.0
2018-12-26T16:50:00Z,14717.0
2018-12-26T16:55:00Z,16374.0
2018-12-26T17:00:00Z,15213.0
2018-12-26T17:05:00Z,17853.0
2018-12-26T17:10:00Z,16326.0
2018-12-26T17:15:00Z,14305.0
2018-12-26T17:20:00Z,17105.0
2018-12-26T17:25:00Z,17280.0
2018-12-26T17:30:00Z,13899.0
2018-12-26T17:35:00Z,17502.0
2018-12-26T17:40:00Z,19350.0
2018-12-26T17:45:00Z,16795.0
2018-12-26T17:50:00Z,17781.0
2018-12-26T17:55:00Z,18916.0
2018-12-26T18:00:00Z,18351.0
2018-12-26T18:05:00Z,19756.0
2018-12-26T18:10:00Z,18771.0
2018-12-26T18:15:00Z,18175.0
2018-12-26T18:20:00Z,20974.0
2018-12-26T18:25:00Z,19384.0
2018-12-26T18:30:00Z,20714.0
2018-12-26T18:35:00Z,21632.0
2018-12-26T18:40:00Z,22194.0
2018-12-26T18:45:00Z,21587.0
2018-12-26T18:50:00Z,23497.0
2018-12-26T18:55:00Z,24397.0
2018-12-26T19:00:00Z,24360.0
2018-12-26T19:05:00Z,21442.0
2018-12-26T19:10:00Z,20279.0
2018-12-26T19:15:00Z,19569.0
2018-12-26T19:20:00Z,21940.0
2018-12-26T19:25:00Z,20049.0
2018-12-26T19:30:00Z,20788.0
2018-12-26T19:35:00Z,21873.0
2018-12-26T19:40:00Z,21323.0
2018-12-26T19:45:00Z,20341.0
2018-12-26T19:50:00Z,20555.0
2018-12-26T19:55:00Z,19345.0
2018-12-26T20:00:00Z,34676.0
2018-12-26T20:05:00Z,57616.0
2018-12-26T20:10:00Z,28864.0
2018-12-26T20:15:00Z,26589.0
2018-12-26T20:20:00Z,19616.0
2018-12-26T20:25:00Z,19047.0
2018-12-26T20:30:00Z,17183.0
2018-12-26T20:35:00Z,18865.0
2018-12-26T20:40:00Z,17048.0
2018-12-26T20:45:00Z,15583.0
2018-12-26T20:50:00Z,15600.0
2018-12-26T20:55:00Z,18825.0
2018-12-26T21:00:00Z,17780.0
2018-12-26T21:05:00Z,16719.0
2018-12-26T21:10:00Z,16640.0
2018-12-26T21:15:00Z,15903.0
2018-12-26T21:20:00Z,18742.0
2018-12-26T21:25:00Z,17963.0
2018-12-26T21:30:00Z,16689.0
2018-12-26T21:35:00Z,17345.0
2018-12-26T21:40:00Z,16911.0
2018-12-26T21:45:00Z,14857.0
2018-12-26T21:50:00Z,16018.0
2018-12-26T21:55:00Z,17632.0
2018-12-26T22:00:00Z,20739.0
2018-12-26T22:05:00Z,38419.0
2018-12-26T22:10:00Z,21935.0
2018-12-26T22:15:00Z,16848.0
2018-12-26T22:20:00Z,18538.0
2018-12-26T22:25:00Z,18503.0
2018-12-26T22:30:00Z,16940.0
2018-12-26T22:35:00Z,13602.0
2018-12-26T22:40:00Z,14766.0
2018-12-26T22:45:00Z,13399.0
2018-12-26T22:50:00Z,14610.0
2018-12-26T22:55:00Z,15580.0
2018-12-26T23:00:00Z,16534.0
2018-12-26T23:05:00Z,15771.0
2018-12-26T23:10:00Z,17280.0
2018-12-26T23:15:00Z,14063.0
2018-12-26T23:20:00Z,16299.0
2018-12-26T23:25:00Z,16783.0
2018-12-26T23:30:00Z,17147.0
2018-12-26T23:35:00Z,15680.0
2018-12-26T23:40:00Z,19096.0
2018-12-26T23:45:00Z,18629.0
2018-12-26T23:50:00Z,17382.0
2018-12-26T23:55:00Z,18188.0
2018-12-27T00:00:00Z,39373.0
2018-12-27T00:05:00Z,40567.0
2018-12-27T00:10:00Z,20151.0
2018-12-27T00:15:00Z,13144.0
2018-12-27T00:20:00Z,12712.0
2018-12-27T00:25:00Z,13407.0
2018-12-27T00:30:00Z,12448.0
2018-12-27T00:35:00Z,10718.0
2018-12-27T00:40:00Z,9724.0
2018-12-27T00:45:00Z,9927.0
2018-12-27T00:50:00Z,8782.0
2018-12-27T00:55:00Z,8041.0
2018-12-27T01:00:00Z,7504.0
2018-12-27T01:05:00Z,8869.0
2018-12-27T01:10:00Z,9119.0
2018-12-27T01:15:00Z,8366.0
2018-12-27T01:20:00Z,8744.0
2018-12-27T01:25:00Z,7862.0
2018-12-27T01:30:00Z,7721.0
2018-12-27T01:35:00Z,7239.0
2018-12-27T01:40:00Z,8355.0
2018-12-27T01:45:00Z,9493.0
2018-12-27T01:50:00Z,8787.0
2018-12-27T01:55:00Z,8208.0
2018-12-27T02:00:00Z,8564.0
2018-12-27T02:05:00Z,5832.0
2018-12-27T02:10:00Z,6271.0
2018-12-27T02:15:00Z,6068.0
2018-12-27T02:20:00Z,6641.0
2018-12-27T02:25:00Z,6321.0
2018-12-27T02:30:00Z,5366.0
2018-12-27T02:35:00Z,5988.0
2018-12-27T02:40:00Z,5450.0
2018-12-27T02:45:00Z,4662.0
2018-12-27T02:50:00Z,4205.0
2018-12-27T02:55:00Z,4462.0
2018-12-27T03:00:00Z,4597.0
2018-12-27T03:05:00Z,4348.0
2018-12-27T03:10:00Z,5723.0
2018-12-27T03:15:00Z,4030.0
2018-12-27T03:20:00Z,4831.0
2018-12-27T03:25:00Z,4446.0
2018-12-27T03:30:00Z,4921.0
2018-12-27T03:35:00Z,5399.0
2018-12-27T03:40:00Z,6610.0
2018-12-27T03:45:00Z,7212.0
2018-12-27T03:50:00Z,9714.0
2018-12-27T03:55:00Z,8996.0
2018-12-27T04:00:00Z,26408.0
2018-12-27T04:05:00Z,50480.0
2018-12-27T04:10:00Z,21063.0
2018-12-27T04:15:00Z,10032.0
2018-12-27T04:20:00Z,6299.0
2018-12-27T04:25:00Z,6812.0
2018-12-27T04:30:00Z,7264.0
2018-12-27T04:35:00Z,6923.0
2018-12-27T04:40:00Z,7322.0
2018-12-27T04:45:00Z,7138.0
2018-12-27T04:50:00Z,8730.0
2018-12-27T04:55:00Z,9591.0
2018-12-27T05:00:00Z,9053.0
2018-12-27T05:05:00Z,6879.0
2018-12-27T05:10:00Z,7848.0
2018-12-27T05:15:00Z,5385.0
2018-12-27T05:20:00Z,4944.0
2018-12-27T05:25:00Z,4380.0
2018-12-27T05:30:00Z,5650.0
2018-12-27T05:35:00Z,6147.0
2018-12-27T05:40:00Z,6554.0
2018-12-27T05:45:00Z,7299.0
2018-12-27T05:50:00Z,7221.0
2018-12-27T05:55:00Z,6359.0
2018-12-27T06:00:00Z,6813.0
2018-12-27T06:05:00Z,6443.0
2018-12-27T06:10:00Z,5237.0
2018-12-27T06:15:00Z,4443.0
2018-12-27T06:20:00Z,4943.0
2018-12-27T06:25:00Z,5251.0
2018-12-27T06:30:00Z,5769.0
2018-12-27T06:35:00Z,4620.0
2018-12-27T06:40:00Z,4094.0
2018-12-27T06:45:00Z,4595.0
2018-12-27T06:50:00Z,5683.0
2018-12-27T06:55:00Z,5192.0
2018-12-27T07:00:00Z,3858.0
2018-12-27T07:05:00Z,3825.0
2018-12-27T07:10:00Z,5198.0
2018-12-27T07:15:00Z,5979.0
2018-12-27T07:20:00Z,3947.0
2018-12-27T07:25:00Z,3419.0
2018-12-27T07:30:00Z,4818.0
2018-12-27T07:35:00Z,4404.0
2018-12-27T07:40:00Z,6031.0
2018-12-27T07:45:00Z,6591.0
2018-12-27T07:50:00Z,5841.0
2018-12-27T07:55:00Z,5971.0
2018-12-27T08:00:00Z,16040.0
2018-12-27T08:05:00Z,36434.0
2018-12-27T08:10:00Z,13371.0
2018-12-27T08:15:00Z,6459.0
2018-12-27T08:20:00Z,4529.0
2018-12-27T08:25:00Z,4320.0
2018-12-27T08:30:00Z,4558.0
2018-12-27T08:35:00Z,5586.0
2018-12-27T08:40:00Z,3153.0
2018-12-27T08:45:00Z,4428.0
2018-12-27T08:50:00Z,3959.0
2018-12-27T08:55:00Z,3969.0
2018-12-27T09:00:00Z,3654.0
2018-12-27T09:05:00Z,4188.0
2018-12-27T09:10:00Z,3325.0
2018-12-27T09:15:00Z,3542.0
2018-12-27T09:20:00Z,3785.0
2018-12-27T09:25:00Z,3613.0
2018-12-27T09:30:00Z,4030.0
2018-12-27T09:35:00Z,4665.0
2018-12-27T09:40:00Z,5765.0
2018-12-27T09:45:00Z,6793.0
2018-12-27T09:50:00Z,5393.0
2018-12-27T09:55:00Z,4655.0
2018-12-27T10:00:00Z,4075.0
2018-12-27T10:05:00Z,4397.0
2018-12-27T10:10:00Z,4297.0
2018-12-27T10:15:00Z,4272.0
2018-12-27T10:20:00Z,4490.0
2018-12-27T10:25:00Z,3661.0
2018-12-27T10:30:00Z,3368.0
2018-12-27T10:35:00Z,3475.0
2018-12-27T10:40:00Z,2563.0
2018-12-27T10:45:00Z,3462.0
2018-12-27T10:50:00Z,3262.0
2018-12-27T10:55:00Z,3453.0
2018-12-27T11:00:00Z,4022.0
2018-12-27T11:05:00Z,3896.0
2018-12-27T11:10:00Z,3090.0
2018-12-27T11:15:00Z,5145.0
2018-12-27T11:20:00Z,4471.0
2018-12-27T11:25:00Z,4365.0
2018-12-27T11:30:00Z,4243.0
2018-12-27T11:35:00Z,5089.0
2018-12-27T11:40:00Z,5781.0
2018-12-27T11:45:00Z,8207.0
2018-12-27T11:50:00Z,7265.0
2018-12-27T11:55:00Z,5460.0
2018-12-27T12:00:00Z,13917.0
2018-12-27T12:05:00Z,30833.0
2018-12-27T12:10:00Z,34972.0
2018-12-27T12:15:00Z,6784.0
2018-12-27T12:20:00Z,5106.0
2018-12-27T12:25:00Z,4244.0
2018-12-27T12:30:00Z,7229.0
2018-12-27T12:35:00Z,5311.0
2018-12-27T12:40:00Z,4583.0
2018-12-27T12:45:00Z,4077.0
2018-12-27T12:50:00Z,6112.0
2018-12-27T12:55:00Z,6071.0
2018-12-27T13:00:00Z,6075.0
2018-12-27T13:05:00Z,7103.0
2018-12-27T13:10:00Z,6776.0
2018-12-27T13:15:00Z,7038.0
2018-12-27T13:20:00Z,7618.0
2018-12-27T13:25:00Z,5698.0
2018-12-27T13:30:00Z,5364.0
2018-12-27T13:35:00Z,6459.0
2018-12-27T13:40:00Z,8520.0
2018-12-27T13:45:00Z,10024.0
2018-12-27T13:50:00Z,9843.0
2018-12-27T13:55:00Z,8484.0
2018-12-27T14:00:00Z,7485.0
2018-12-27T14:05:00Z,9703.0
2018-12-27T14:10:00Z,7043.0
2018-12-27T14:15:00Z,8231.0
2018-12-27T14:20:00Z,8623.0
2018-12-27T14:25:00Z,7601.0
2018-12-27T14:30:00Z,7632.0
2018-12-27T14:35:00Z,9580.0
2018-12-27T14:40:00Z,9195.0
2018-12-27T14:45:00Z,7984.0
2018-12-27T14:50:00Z,7499.0
2018-12-27T14:55:00Z,10390.0
2018-12-27T15:00:00Z,9939.0
2018-12-27T15:05:00Z,11679.0
2018-12-27T15:10:00Z,11772.0
2018-12-27T15:15:00Z,10973.0
2018-12-27T15:20:00Z,12181.0
2018-12-27T15:25:00Z,9045.0
2018-12-27T15:30:00Z,9860.0
2018-12-27T15:35:00Z,13146.0
2018-12-27T15:40:00Z,12868.0
2018-12-27T15:45:00Z,13036.0
2018-12-27T15:50:00Z,12452.0
2018-12-27T15:55:00Z,12079.0
2018-12-27T16:00:00Z,23650.0
2018-12-27T16:05:00Z,40207.0
2018-12-27T16:10:00Z,29381.0
2018-12-27T16:15:00Z,16395.0
2018-12-27T16:20:00Z,14786.0
2018-12-27T16:25:00Z,12520.0
2018-12-27T16:30:00Z,15281.0
2018-12-27T16:35:00Z,14483.0
2018-12-27T16:40:00Z,15802.0
2018-12-27T16:45:00Z,14237.0
2018-12-27T16:50:00Z,14871.0
2018-12-27T16:55:00Z,15893.0
2018-12-27T17:00:00Z,16299.0
2018-12-27T17:05:00Z,18293.0
2018-12-27T17:10:00Z,17486.0
2018-12-27T17:15:00Z,17162.0
2018-12-27T17:20:00Z,16661.0
2018-12-27T17:25:00Z,17010.0
2018-12-27T17:30:00Z,18915.0
2018-12-27T17:35:00Z,18929.0
2018-12-27T17:40:00Z,18978.0
2018-12-27T17:45:00Z,17559.0
2018-12-27T17:50:00Z,18470.0
2018-12-27T17:55:00Z,18678.0
2018-12-27T18:00:00Z,20720.0
2018-12-27T18:05:00Z,22423.0
2018-12-27T18:10:00Z,19557.0
2018-12-27T18:15:00Z,19498.0
2018-12-27T18:20:00Z,21514.0
2018-12-27T18:25:00Z,21194.0
2018-12-27T18:30:00Z,21224.0
2018-12-27T18:35:00Z,23752.0
2018-12-27T18:40:00Z,20865.0
2018-12-27T18:45:00Z,22362.0
2018-12-27T18:50:00Z,20817.0
2018-12-27T18:55:00Z,20247.0
2018-12-27T19:00:00Z,22862.0
2018-12-27T19:05:00Z,25062.0
2018-12-27T19:10:00Z,22151.0
2018-12-27T19:15:00Z,20912.0
2018-12-27T19:20:00Z,22330.0
2018-12-27T19:25:00Z,21571.0
2018-12-27T19:30:00Z,20430.0
2018-12-27T19:35:00Z,22037.0
2018-12-27T19:40:00Z,23668.0
2018-12-27T19:45:00Z,20765.0
2018-12-27T19:50:00Z,19764.0
2018-12-27T19:55:00Z,24811.0
2018-12-27T20:00:00Z,36746.0
2018-12-27T20:05:00Z,55831.0
2018-12-27T20:10:00Z,37741.0
2018-12-27T20:15:00Z,19775.0
2018-12-27T20:20:00Z,20692.0
2018-12-27T20:25:00Z,19580.0
2018-12-27T20:30:00Z,18982.0
2018-12-27T20:35:00Z,21467.0
2018-12-27T20:40:00Z,19578.0
2018-12-27T20:45:00Z,20602.0
2018-12-27T20:50:00Z,20211.0
2018-12-27T20:55:00Z,16842.0
2018-12-27T21:00:00Z,16967.0
2018-12-27T21:05:00Z,17466.0
2018-12-27T21:10:00Z,19928.0
2018-12-27T21:15:00Z,18430.0
2018-12-27T21:20:00Z,20972.0
2018-12-27T21:25:00Z,21948.0
2018-12-27T21:30:00Z,19392.0
2018-12-27T21:35:00Z,17971.0
2018-12-27T21:40:00Z,21981.0
2018-12-27T21:45:00Z,21111.0
2018-12-27T21:50:00Z,18295.0
2018-12-27T21:55:00Z,19510.0
2018-12-27T22:00:00Z,25772.0
2018-12-27T22:05:00Z,38063.0
2018-12-27T22:10:00Z,25086.0
2018-12-27T22:15:00Z,20804.0
2018-12-27T22:20:00Z,16237.0
2018-12-27T22:25:00Z,16020.0
2018-12-27T22:30:00Z,20010.0
2018-12-27T22:35:00Z,16937.0
2018-12-27T22:40:00Z,17687.0
2018-12-27T22:45:00Z,15963.0
2018-12-27T22:50:00Z,25528.0
2018-12-27T22:55:00Z,52988.0
2018-12-27T23:00:00Z,54483.0
2018-12-27T23:05:00Z,20900.0
2018-12-27T23:10:00Z,22916.0
2018-12-27T23:15:00Z,26972.0
2018-12-27T23:20:00Z,39595.0
2018-12-27T23:25:00Z,57077.0
2018-12-27T23:30:00Z,29246.0
2018-12-27T23:35:00Z,31835.0
2018-12-27T23:40:00Z,35823.0
2018-12-27T23:45:00Z,25360.0
2018-12-27T23:50:00Z,20627.0
2018-12-27T23:55:00Z,18550.0
2018-12-28T00:00:00Z,33612.0
2018-12-28T00:05:00Z,37928.0
2018-12-28T00:10:00Z,26267.0
2018-12-28T00:15:00Z,16608.0
2018-12-28T00:20:00Z,13987.0
2018-12-28T00:25:00Z,22716.0
2018-12-28T00:30:00Z,32605.0
2018-12-28T00:35:00Z,27932.0
2018-12-28T00:40:00Z,16558.0
2018-12-28T00:45:00Z,11519.0
2018-12-28T00:50:00Z,11919.0
2018-12-28T00:55:00Z,11180.0
2018-12-28T01:00:00Z,9500.0
2018-12-28T01:05:00Z,9958.0
2018-12-28T01:10:00Z,11603.0
2018-12-28T01:15:00Z,9471.0
2018-12-28T01:20:00Z,9070.0
2018-12-28T01:25:00Z,9752.0
2018-12-28T01:30:00Z,8795.0
2018-12-28T01:35:00Z,8762.0
2018-12-28T01:40:00Z,10619.0
2018-12-28T01:45:00Z,9844.0
2018-12-28T01:50:00Z,10899.0
2018-12-28T01:55:00Z,13599.0
2018-12-28T02:00:00Z,22819.0
2018-12-28T02:05:00Z,29777.0
2018-12-28T02:10:00Z,15082.0
2018-12-28T02:15:00Z,9989.0
2018-12-28T02:20:00Z,9048.0
2018-12-28T02:25:00Z,6341.0
2018-12-28T02:30:00Z,6199.0
2018-12-28T02:35:00Z,7270.0
2018-12-28T02:40:00Z,11437.0
2018-12-28T02:45:00Z,29726.0
2018-12-28T02:50:00Z,15263.0
2018-12-28T02:55:00Z,7423.0
2018-12-28T03:00:00Z,6149.0
2018-12-28T03:05:00Z,7380.0
2018-12-28T03:10:00Z,5430.0
2018-12-28T03:15:00Z,8372.0
2018-12-28T03:20:00Z,5951.0
2018-12-28T03:25:00Z,7588.0
2018-12-28T03:30:00Z,6133.0
2018-12-28T03:35:00Z,5798.0
2018-12-28T03:40:00Z,5954.0
2018-12-28T03:45:00Z,6690.0
2018-12-28T03:50:00Z,7036.0
2018-12-28T03:55:00Z,7437.0
2018-12-28T04:00:00Z,27719.0
2018-12-28T04:05:00Z,26072.0
2018-12-28T04:10:00Z,27469.0
2018-12-28T04:15:00Z,8339.0
2018-12-28T04:20:00Z,4868.0
2018-12-28T04:25:00Z,3650.0
2018-12-28T04:30:00Z,5297.0
2018-12-28T04:35:00Z,6111.0
2018-12-28T04:40:00Z,7677.0
2018-12-28T04:45:00Z,15333.0
2018-12-28T04:50:00Z,33145.0
2018-12-28T04:55:00Z,11455.0
2018-12-28T05:00:00Z,6575.0
2018-12-28T05:05:00Z,5590.0
2018-12-28T05:10:00Z,5587.0
2018-12-28T05:15:00Z,5465.0
2018-12-28T05:20:00Z,5910.0
2018-12-28T05:25:00Z,5589.0
2018-12-28T05:30:00Z,5523.0
2018-12-28T05:35:00Z,5003.0
2018-12-28T05:40:00Z,5294.0
2018-12-28T05:45:00Z,5510.0
2018-12-28T05:50:00Z,6587.0
2018-12-28T05:55:00Z,5945.0
2018-12-28T06:00:00Z,5145.0
2018-12-28T06:05:00Z,11224.0
2018-12-28T06:10:00Z,15725.0
2018-12-28T06:15:00Z,13791.0
2018-12-28T06:20:00Z,12705.0
2018-12-28T06:25:00Z,10363.0
2018-12-28T06:30:00Z,7156.0
2018-12-28T06:35:00Z,4075.0
2018-12-28T06:40:00Z,3365.0
2018-12-28T06:45:00Z,4976.0
2018-12-28T06:50:00Z,4618.0
2018-12-28T06:55:00Z,4912.0
2018-12-28T07:00:00Z,5188.0
2018-12-28T07:05:00Z,4547.0
2018-12-28T07:10:00Z,3816.0
2018-12-28T07:15:00Z,4854.0
2018-12-28T07:20:00Z,3823.0
2018-12-28T07:25:00Z,9419.0
2018-12-28T07:30:00Z,11714.0
2018-12-28T07:35:00Z,13965.0
2018-12-28T07:40:00Z,8265.0
2018-12-28T07:45:00Z,5935.0
2018-12-28T07:50:00Z,4613.0
2018-12-28T07:55:00Z,5951.0
2018-12-28T08:00:00Z,9018.0
2018-12-28T08:05:00Z,21051.0
2018-12-28T08:10:00Z,27772.0
2018-12-28T08:15:00Z,19195.0
2018-12-28T08:20:00Z,4286.0
2018-12-28T08:25:00Z,4215.0
2018-12-28T08:30:00Z,4920.0
2018-12-28T08:35:00Z,3260.0
2018-12-28T08:40:00Z,3611.0
2018-12-28T08:45:00Z,3515.0
2018-12-28T08:50:00Z,3110.0
2018-12-28T08:55:00Z,5249.0
2018-12-28T09:00:00Z,6115.0
2018-12-28T09:05:00Z,6000.0
2018-12-28T09:10:00Z,4813.0
2018-12-28T09:15:00Z,4383.0
2018-12-28T09:20:00Z,4419.0
2018-12-28T09:25:00Z,3593.0
2018-12-28T09:30:00Z,5978.0
2018-12-28T09:35:00Z,5345.0
2018-12-28T09:40:00Z,4359.0
2018-12-28T09:45:00Z,3917.0
2018-12-28T09:50:00Z,4452.0
2018-12-28T09:55:00Z,4314.0
2018-12-28T10:00:00Z,4156.0
2018-12-28T10:05:00Z,3810.0
2018-12-28T10:10:00Z,3735.0
2018-12-28T10:15:00Z,4508.0
2018-12-28T10:20:00Z,5064.0
2018-12-28T10:25:00Z,4978.0
2018-12-28T10:30:00Z,4556.0
2018-12-28T10:35:00Z,5386.0
2018-12-28T10:40:00Z,4730.0
2018-12-28T10:45:00Z,5175.0
2018-12-28T10:50:00Z,5027.0
2018-12-28T10:55:00Z,3485.0
2018-12-28T11:00:00Z,3619.0
2018-12-28T11:05:00Z,5017.0
2018-12-28T11:10:00Z,4260.0
2018-12-28T11:15:00Z,4940.0
2018-12-28T11:20:00Z,4831.0
2018-12-28T11:25:00Z,5090.0
2018-12-28T11:30:00Z,4644.0
2018-12-28T11:35:00Z,4848.0
2018-12-28T11:40:00Z,3765.0
2018-12-28T11:45:00Z,4705.0
2018-12-28T11:50:00Z,5289.0
2018-12-28T11:55:00Z,12204.0
2018-12-28T12:00:00Z,31146.0
2018-12-28T12:05:00Z,53723.0
2018-12-28T12:10:00Z,15110.0
2018-12-28T12:15:00Z,6145.0
2018-12-28T12:20:00Z,5627.0
2018-12-28T12:25:00Z,3817.0
2018-12-28T12:30:00Z,3928.0
2018-12-28T12:35:00Z,4965.0
2018-12-28T12:40:00Z,5730.0
2018-12-28T12:45:00Z,6468.0
2018-12-28T12:50:00Z,5901.0
2018-12-28T12:55:00Z,10581.0
2018-12-28T13:00:00Z,10247.0
2018-12-28T13:05:00Z,8747.0
2018-12-28T13:10:00Z,6766.0
2018-12-28T13:15:00Z,8372.0
2018-12-28T13:20:00Z,6956.0
2018-12-28T13:25:00Z,7111.0
2018-12-28T13:30:00Z,6523.0
2018-12-28T13:35:00Z,6642.0
2018-12-28T13:40:00Z,7077.0
2018-12-28T13:45:00Z,7727.0
2018-12-28T13:50:00Z,6685.0
2018-12-28T13:55:00Z,8510.0
2018-12-28T14:00:00Z,10549.0
2018-12-28T14:05:00Z,9304.0
2018-12-28T14:10:00Z,7311.0
2018-12-28T14:15:00Z,8538.0
2018-12-28T14:20:00Z,8021.0
2018-12-28T14:25:00Z,7876.0
2018-12-28T14:30:00Z,7499.0
2018-12-28T14:35:00Z,10752.0
2018-12-28T14:40:00Z,14190.0
2018-12-28T14:45:00Z,10232.0
2018-12-28T14:50:00Z,7189.0
2018-12-28T14:55:00Z,8487.0
2018-12-28T15:00:00Z,8365.0
2018-12-28T15:05:00Z,9063.0
2018-12-28T15:10:00Z,8645.0
2018-12-28T15:15:00Z,9982.0
2018-12-28T15:20:00Z,8433.0
2018-12-28T15:25:00Z,8562.0
2018-12-28T15:30:00Z,11730.0
2018-12-28T15:35:00Z,11434.0
2018-12-28T15:40:00Z,13549.0
2018-12-28T15:45:00Z,19075.0
2018-12-28T15:50:00Z,10957.0
2018-12-28T15:55:00Z,11888.0
2018-12-28T16:00:00Z,25565.0
2018-12-28T16:05:00Z,46124.0
2018-12-28T16:10:00Z,19571.0
2018-12-28T16:15:00Z,15695.0
2018-12-28T16:20:00Z,14401.0
2018-12-28T16:25:00Z,12010.0
2018-12-28T16:30:00Z,11940.0
2018-12-28T16:35:00Z,10903.0
2018-12-28T16:40:00Z,13828.0
2018-12-28T16:45:00Z,13185.0
2018-12-28T16:50:00Z,16109.0
2018-12-28T16:55:00Z,16832.0
2018-12-28T17:00:00Z,16461.0
2018-12-28T17:05:00Z,14257.0
2018-12-28T17:10:00Z,15103.0
2018-12-28T17:15:00Z,17207.0
2018-12-28T17:20:00Z,30390.0
2018-12-28T17:25:00Z,31231.0
2018-12-28T17:30:00Z,23770.0
2018-12-28T17:35:00Z,20714.0
2018-12-28T17:40:00Z,21044.0
2018-12-28T17:45:00Z,19803.0
2018-12-28T17:50:00Z,17271.0
2018-12-28T17:55:00Z,17309.0
2018-12-28T18:00:00Z,29703.0
2018-12-28T18:05:00Z,22672.0
2018-12-28T18:10:00Z,20948.0
2018-12-28T18:15:00Z,17935.0
2018-12-28T18:20:00Z,15959.0
2018-12-28T18:25:00Z,33865.0
2018-12-28T18:30:00Z,35008.0
2018-12-28T18:35:00Z,21252.0
2018-12-28T18:40:00Z,19039.0
2018-12-28T18:45:00Z,19796.0
2018-12-28T18:50:00Z,19608.0
2018-12-28T18:55:00Z,20894.0
2018-12-28T19:00:00Z,21518.0
2018-12-28T19:05:00Z,19655.0
2018-12-28T19:10:00Z,20319.0
2018-12-28T19:15:00Z,22664.0
2018-12-28T19:20:00Z,19286.0
2018-12-28T19:25:00Z,21193.0
2018-12-28T19:30:00Z,22361.0
2018-12-28T19:35:00Z,21206.0
2018-12-28T19:40:00Z,20799.0
2018-12-28T19:45:00Z,20966.0
2018-12-28T19:50:00Z,18795.0
2018-12-28T19:55:00Z,21184.0
2018-12-28T20:00:00Z,41242.0
2018-12-28T20:05:00Z,42280.0
2018-12-28T20:10:00Z,36265.0
2018-12-28T20:15:00Z,20135.0
2018-12-28T20:20:00Z,17696.0
2018-12-28T20:25:00Z,19261.0
2018-12-28T20:30:00Z,17858.0
2018-12-28T20:35:00Z,17966.0
2018-12-28T20:40:00Z,22678.0
2018-12-28T20:45:00Z,21113.0
2018-12-28T20:50:00Z,20119.0
2018-12-28T20:55:00Z,19661.0
2018-12-28T21:00:00Z,17776.0
2018-12-28T21:05:00Z,15329.0
2018-12-28T21:10:00Z,16152.0
2018-12-28T21:15:00Z,14946.0
2018-12-28T21:20:00Z,17244.0
2018-12-28T21:25:00Z,21156.0
2018-12-28T21:30:00Z,29501.0
2018-12-28T21:35:00Z,42532.0
2018-12-28T21:40:00Z,18314.0
2018-12-28T21:45:00Z,17480.0
2018-12-28T21:50:00Z,17763.0
2018-12-28T21:55:00Z,16596.0
2018-12-28T22:00:00Z,22068.0
2018-12-28T22:05:00Z,30448.0
2018-12-28T22:10:00Z,21928.0
2018-12-28T22:15:00Z,20473.0
2018-12-28T22:20:00Z,17035.0
2018-12-28T22:25:00Z,17484.0
2018-12-28T22:30:00Z,17473.0
2018-12-28T22:35:00Z,18663.0
2018-12-28T22:40:00Z,18711.0
2018-12-28T22:45:00Z,16835.0
2018-12-28T22:50:00Z,17886.0
2018-12-28T22:55:00Z,15335.0
2018-12-28T23:00:00Z,18506.0
2018-12-28T23:05:00Z,14513.0
2018-12-28T23:10:00Z,13784.0
2018-12-28T23:15:00Z,13927.0
2018-12-28T23:20:00Z,13807.0
2018-12-28T23:25:00Z,16965.0
2018-12-28T23:30:00Z,23897.0
2018-12-28T23:35:00Z,13220.0
2018-12-28T23:40:00Z,14441.0
2018-12-28T23:45:00Z,16420.0
2018-12-28T23:50:00Z,16656.0
2018-12-28T23:55:00Z,13753.0
2018-12-29T00:00:00Z,29937.0
2018-12-29T00:05:00Z,48973.0
2018-12-29T00:10:00Z,21537.0
2018-12-29T00:15:00Z,9859.0
2018-12-29T00:20:00Z,9628.0
2018-12-29T00:25:00Z,9652.0
2018-12-29T00:30:00Z,11585.0
2018-12-29T00:35:00Z,13679.0
2018-12-29T00:40:00Z,15793.0
2018-12-29T00:45:00Z,10038.0
2018-12-29T00:50:00Z,9565.0
2018-12-29T00:55:00Z,8823.0
2018-12-29T01:00:00Z,7408.0
2018-12-29T01:05:00Z,8217.0
2018-12-29T01:10:00Z,8195.0
2018-12-29T01:15:00Z,10304.0
2018-12-29T01:20:00Z,7616.0
2018-12-29T01:25:00Z,7136.0
2018-12-29T01:30:00Z,6626.0
2018-12-29T01:35:00Z,5283.0
2018-12-29T01:40:00Z,4882.0
2018-12-29T01:45:00Z,6369.0
2018-12-29T01:50:00Z,11021.0
2018-12-29T01:55:00Z,36229.0
2018-12-29T02:00:00Z,32975.0
2018-12-29T02:05:00Z,7348.0
2018-12-29T02:10:00Z,4941.0
2018-12-29T02:15:00Z,4652.0
2018-12-29T02:20:00Z,4317.0
2018-12-29T02:25:00Z,7003.0
2018-12-29T02:30:00Z,8784.0
2018-12-29T02:35:00Z,9163.0
2018-12-29T02:40:00Z,4792.0
2018-12-29T02:45:00Z,5440.0
2018-12-29T02:50:00Z,4322.0
2018-12-29T02:55:00Z,3265.0
2018-12-29T03:00:00Z,4144.0
2018-12-29T03:05:00Z,2883.0
2018-12-29T03:10:00Z,3828.0
2018-12-29T03:15:00Z,5195.0
2018-12-29T03:20:00Z,4064.0
2018-12-29T03:25:00Z,5553.0
2018-12-29T03:30:00Z,12549.0
2018-12-29T03:35:00Z,5286.0
2018-12-29T03:40:00Z,2910.0
2018-12-29T03:45:00Z,4374.0
2018-12-29T03:50:00Z,6939.0
2018-12-29T03:55:00Z,5089.0
2018-12-29T04:00:00Z,26332.0
2018-12-29T04:05:00Z,46861.0
2018-12-29T04:10:00Z,20630.0
2018-12-29T04:15:00Z,23591.0
2018-12-29T04:20:00Z,8376.0
2018-12-29T04:25:00Z,22978.0
2018-12-29T04:30:00Z,29654.0
2018-12-29T04:35:00Z,23646.0
2018-12-29T04:40:00Z,10387.0
2018-12-29T04:45:00Z,3722.0
2018-12-29T04:50:00Z,3116.0
2018-12-29T04:55:00Z,3645.0
2018-12-29T05:00:00Z,4097.0
2018-12-29T05:05:00Z,3249.0
2018-12-29T05:10:00Z,2474.0
2018-12-29T05:15:00Z,3990.0
2018-12-29T05:20:00Z,5180.0
2018-12-29T05:25:00Z,4311.0
2018-12-29T05:30:00Z,3384.0
2018-12-29T05:35:00Z,3805.0
2018-12-29T05:40:00Z,3345.0
2018-12-29T05:45:00Z,3916.0
2018-12-29T05:50:00Z,4958.0
2018-12-29T05:55:00Z,6686.0
2018-12-29T06:00:00Z,3531.0
2018-12-29T06:05:00Z,2257.0
2018-12-29T06:10:00Z,3477.0
2018-12-29T06:15:00Z,6674.0
2018-12-29T06:20:00Z,5359.0
2018-12-29T06:25:00Z,2026.0
2018-12-29T06:30:00Z,2469.0
2018-12-29T06:35:00Z,1857.0
2018-12-29T06:40:00Z,1951.0
2018-12-29T06:45:00Z,1699.0
2018-12-29T06:50:00Z,1903.0
2018-12-29T06:55:00Z,3829.0
2018-12-29T07:00:00Z,13007.0
2018-12-29T07:05:00Z,6163.0
2018-12-29T07:10:00Z,3087.0
2018-12-29T07:15:00Z,3735.0
2018-12-29T07:20:00Z,2345.0
2018-12-29T07:25:00Z,1706.0
2018-12-29T07:30:00Z,2771.0
2018-12-29T07:35:00Z,2074.0
2018-12-29T07:40:00Z,2624.0
2018-12-29T07:45:00Z,2474.0
2018-12-29T07:50:00Z,2615.0
2018-12-29T07:55:00Z,3083.0
2018-12-29T08:00:00Z,20476.0
2018-12-29T08:05:00Z,38890.0
2018-12-29T08:10:00Z,9258.0
2018-12-29T08:15:00Z,2804.0
2018-12-29T08:20:00Z,2508.0
2018-12-29T08:25:00Z,2232.0
2018-12-29T08:30:00Z,2997.0
2018-12-29T08:35:00Z,5417.0
2018-12-29T08:40:00Z,10181.0
2018-12-29T08:45:00Z,3795.0
2018-12-29T08:50:00Z,2358.0
2018-12-29T08:55:00Z,3177.0
2018-12-29T09:00:00Z,3441.0
2018-12-29T09:05:00Z,1969.0
2018-12-29T09:10:00Z,3062.0
2018-12-29T09:15:00Z,4168.0
2018-12-29T09:20:00Z,5000.0
2018-12-29T09:25:00Z,3394.0
2018-12-29T09:30:00Z,3066.0
2018-12-29T09:35:00Z,2354.0
2018-12-29T09:40:00Z,1751.0
2018-12-29T09:45:00Z,2814.0
2018-12-29T09:50:00Z,2417.0
2018-12-29T09:55:00Z,1884.0
2018-12-29T10:00:00Z,1976.0
2018-12-29T10:05:00Z,2243.0
2018-12-29T10:10:00Z,2577.0
2018-12-29T10:15:00Z,2426.0
2018-12-29T10:20:00Z,3756.0
2018-12-29T10:25:00Z,2222.0
2018-12-29T10:30:00Z,2469.0
2018-12-29T10:35:00Z,2664.0
2018-12-29T10:40:00Z,2900.0
2018-12-29T10:45:00Z,3476.0
2018-12-29T10:50:00Z,4413.0
2018-12-29T10:55:00Z,2659.0
2018-12-29T11:00:00Z,1645.0
2018-12-29T11:05:00Z,3018.0
2018-12-29T11:10:00Z,1716.0
2018-12-29T11:15:00Z,2751.0
2018-12-29T11:20:00Z,2584.0
2018-12-29T11:25:00Z,2549.0
2018-12-29T11:30:00Z,2473.0
2018-12-29T11:35:00Z,2347.0
2018-12-29T11:40:00Z,2491.0
2018-12-29T11:45:00Z,2040.0
2018-12-29T11:50:00Z,2786.0
2018-12-29T11:55:00Z,3414.0
2018-12-29T12:00:00Z,21893.0
2018-12-29T12:05:00Z,47657.0
2018-12-29T12:10:00Z,13493.0
2018-12-29T12:15:00Z,4400.0
2018-12-29T12:20:00Z,3266.0
2018-12-29T12:25:00Z,2134.0
2018-12-29T12:30:00Z,1914.0
2018-12-29T12:35:00Z,2814.0
2018-12-29T12:40:00Z,2932.0
2018-12-29T12:45:00Z,1999.0
2018-12-29T12:50:00Z,2514.0
2018-12-29T12:55:00Z,3730.0
2018-12-29T13:00:00Z,2799.0
2018-12-29T13:05:00Z,3755.0
2018-12-29T13:10:00Z,2333.0
2018-12-29T13:15:00Z,4007.0
2018-12-29T13:20:00Z,4624.0
2018-12-29T13:25:00Z,4335.0
2018-12-29T13:30:00Z,3265.0
2018-12-29T13:35:00Z,3502.0
2018-12-29T13:40:00Z,4317.0
2018-12-29T13:45:00Z,4301.0
2018-12-29T13:50:00Z,3298.0
2018-12-29T13:55:00Z,1860.0
2018-12-29T14:00:00Z,3349.0
2018-12-29T14:05:00Z,3245.0
2018-12-29T14:10:00Z,3340.0
2018-12-29T14:15:00Z,3718.0
2018-12-29T14:20:00Z,5104.0
2018-12-29T14:25:00Z,4312.0
2018-12-29T14:30:00Z,4398.0
2018-12-29T14:35:00Z,3481.0
2018-12-29T14:40:00Z,3508.0
2018-12-29T14:45:00Z,3657.0
2018-12-29T14:50:00Z,4206.0
2018-12-29T14:55:00Z,3771.0
2018-12-29T15:00:00Z,3345.0
2018-12-29T15:05:00Z,4870.0
2018-12-29T15:10:00Z,6540.0
2018-12-29T15:15:00Z,5749.0
2018-12-29T15:20:00Z,4231.0
2018-12-29T15:25:00Z,2618.0
2018-12-29T15:30:00Z,3546.0
2018-12-29T15:35:00Z,3578.0
2018-12-29T15:40:00Z,3308.0
2018-12-29T15:45:00Z,3465.0
2018-12-29T15:50:00Z,3190.0
2018-12-29T15:55:00Z,3877.0
2018-12-29T16:00:00Z,24165.0
2018-12-29T16:05:00Z,40560.0
2018-12-29T16:10:00Z,12799.0
2018-12-29T16:15:00Z,5775.0
2018-12-29T16:20:00Z,5385.0
2018-12-29T16:25:00Z,4312.0
2018-12-29T16:30:00Z,4444.0
2018-12-29T16:35:00Z,5683.0
2018-12-29T16:40:00Z,6071.0
2018-12-29T16:45:00Z,4400.0
2018-12-29T16:50:00Z,3860.0
2018-12-29T16:55:00Z,4731.0
2018-12-29T17:00:00Z,4761.0
2018-12-29T17:05:00Z,4985.0
2018-12-29T17:10:00Z,5067.0
2018-12-29T17:15:00Z,4365.0
2018-12-29T17:20:00Z,3485.0
2018-12-29T17:25:00Z,3646.0
2018-12-29T17:30:00Z,3792.0
2018-12-29T17:35:00Z,4282.0
2018-12-29T17:40:00Z,4822.0
2018-12-29T17:45:00Z,2719.0
2018-12-29T17:50:00Z,3136.0
2018-12-29T17:55:00Z,3283.0
2018-12-29T18:00:00Z,3437.0
2018-12-29T18:05:00Z,4848.0
2018-12-29T18:10:00Z,3770.0
2018-12-29T18:15:00Z,4271.0
2018-12-29T18:20:00Z,3427.0
2018-12-29T18:25:00Z,4292.0
2018-12-29T18:30:00Z,3488.0
2018-12-29T18:35:00Z,4021.0
2018-12-29T18:40:00Z,3843.0
2018-12-29T18:45:00Z,3758.0
2018-12-29T18:50:00Z,3340.0
2018-12-29T18:55:00Z,4164.0
2018-12-29T19:00:00Z,4693.0
2018-12-29T19:05:00Z,3706.0
2018-12-29T19:10:00Z,4627.0
2018-12-29T19:15:00Z,4651.0
2018-12-29T19:20:00Z,3358.0
2018-12-29T19:25:00Z,5697.0
2018-12-29T19:30:00Z,4987.0
2018-12-29T19:35:00Z,3268.0
2018-12-29T19:40:00Z,4790.0
2018-12-29T19:45:00Z,3643.0
2018-12-29T19:50:00Z,2448.0
2018-12-29T19:55:00Z,4565.0
2018-12-29T20:00:00Z,22223.0
2018-12-29T20:05:00Z,48805.0
2018-12-29T20:10:00Z,12378.0
2018-12-29T20:15:00Z,4287.0
2018-12-29T20:20:00Z,3139.0
2018-12-29T20:25:00Z,3536.0
2018-12-29T20:30:00Z,3333.0
2018-12-29T20:35:00Z,3526.0
2018-12-29T20:40:00Z,3153.0
2018-12-29T20:45:00Z,2212.0
2018-12-29T20:50:00Z,2957.0
2018-12-29T20:55:00Z,2000.0
2018-12-29T21:00:00Z,3126.0
2018-12-29T21:05:00Z,3512.0
2018-12-29T21:10:00Z,3775.0
2018-12-29T21:15:00Z,3602.0
2018-12-29T21:20:00Z,3633.0
2018-12-29T21:25:00Z,2989.0
2018-12-29T21:30:00Z,2791.0
2018-12-29T21:35:00Z,3380.0
2018-12-29T21:40:00Z,2817.0
2018-12-29T21:45:00Z,3370.0
2018-12-29T21:50:00Z,2806.0
2018-12-29T21:55:00Z,3326.0
2018-12-29T22:00:00Z,8166.0
2018-12-29T22:05:00Z,11973.0
2018-12-29T22:10:00Z,4892.0
2018-12-29T22:15:00Z,4470.0
2018-12-29T22:20:00Z,2976.0
2018-12-29T22:25:00Z,3048.0
2018-12-29T22:30:00Z,3427.0
2018-12-29T22:35:00Z,3851.0
2018-12-29T22:40:00Z,3267.0
2018-12-29T22:45:00Z,5155.0
2018-12-29T22:50:00Z,3668.0
2018-12-29T22:55:00Z,3023.0
2018-12-29T23:00:00Z,3457.0
2018-12-29T23:05:00Z,3494.0
2018-12-29T23:10:00Z,4549.0
2018-12-29T23:15:00Z,5397.0
2018-12-29T23:20:00Z,3800.0
2018-12-29T23:25:00Z,2639.0
2018-12-29T23:30:00Z,3856.0
2018-12-29T23:35:00Z,3389.0
2018-12-29T23:40:00Z,2566.0
2018-12-29T23:45:00Z,3390.0
2018-12-29T23:50:00Z,4103.0
2018-12-29T23:55:00Z,3497.0
2018-12-30T00:00:00Z,16102.0
2018-12-30T00:05:00Z,28671.0
2018-12-30T00:10:00Z,30160.0
2018-12-30T00:15:00Z,4887.0
2018-12-30T00:20:00Z,4426.0
2018-12-30T00:25:00Z,3393.0
2018-12-30T00:30:00Z,3837.0
2018-12-30T00:35:00Z,3554.0
2018-12-30T00:40:00Z,3361.0
2018-12-30T00:45:00Z,2868.0
2018-12-30T00:50:00Z,3744.0
2018-12-30T00:55:00Z,2986.0
2018-12-30T01:00:00Z,3402.0
2018-12-30T01:05:00Z,3204.0
2018-12-30T01:10:00Z,3360.0
2018-12-30T01:15:00Z,3454.0
2018-12-30T01:20:00Z,3199.0
2018-12-30T01:25:00Z,2465.0
2018-12-30T01:30:00Z,3218.0
2018-12-30T01:35:00Z,2454.0
2018-12-30T01:40:00Z,2645.0
2018-12-30T01:45:00Z,2292.0
2018-12-30T01:50:00Z,2386.0
2018-12-30T01:55:00Z,1853.0
2018-12-30T02:00:00Z,2612.0
2018-12-30T02:05:00Z,3149.0
2018-12-30T02:10:00Z,2936.0
2018-12-30T02:15:00Z,2547.0
2018-12-30T02:20:00Z,3100.0
2018-12-30T02:25:00Z,2251.0
2018-12-30T02:30:00Z,3581.0
2018-12-30T02:35:00Z,2420.0
2018-12-30T02:40:00Z,2235.0
2018-12-30T02:45:00Z,2512.0
2018-12-30T02:50:00Z,2581.0
2018-12-30T02:55:00Z,2865.0
2018-12-30T03:00:00Z,2247.0
2018-12-30T03:05:00Z,3073.0
2018-12-30T03:10:00Z,2149.0
2018-12-30T03:15:00Z,2214.0
2018-12-30T03:20:00Z,2462.0
2018-12-30T03:25:00Z,1516.0
2018-12-30T03:30:00Z,2106.0
2018-12-30T03:35:00Z,2326.0
2018-12-30T03:40:00Z,2039.0
2018-12-30T03:45:00Z,1699.0
2018-12-30T03:50:00Z,2072.0
2018-12-30T03:55:00Z,3509.0
2018-12-30T04:00:00Z,29083.0
2018-12-30T04:05:00Z,50461.0
2018-12-30T04:10:00Z,13831.0
2018-12-30T04:15:00Z,3631.0
2018-12-30T04:20:00Z,3800.0
2018-12-30T04:25:00Z,2237.0
2018-12-30T04:30:00Z,3085.0
2018-12-30T04:35:00Z,3803.0
2018-12-30T04:40:00Z,2620.0
2018-12-30T04:45:00Z,3050.0
2018-12-30T04:50:00Z,2526.0
2018-12-30T04:55:00Z,3127.0
2018-12-30T05:00:00Z,2465.0
2018-12-30T05:05:00Z,1559.0
2018-12-30T05:10:00Z,2096.0
2018-12-30T05:15:00Z,1858.0
2018-12-30T05:20:00Z,1343.0
2018-12-30T05:25:00Z,1294.0
2018-12-30T05:30:00Z,912.0
2018-12-30T05:35:00Z,2063.0
2018-12-30T05:40:00Z,1958.0
2018-12-30T05:45:00Z,1554.0
2018-12-30T05:50:00Z,1816.0
2018-12-30T05:55:00Z,1334.0
2018-12-30T06:00:00Z,1918.0
2018-12-30T06:05:00Z,1788.0
2018-12-30T06:10:00Z,1606.0
2018-12-30T06:15:00Z,1545.0
2018-12-30T06:20:00Z,1945.0
2018-12-30T06:25:00Z,1657.0
2018-12-30T06:30:00Z,2064.0
2018-12-30T06:35:00Z,1470.0
2018-12-30T06:40:00Z,1121.0
2018-12-30T06:45:00Z,1368.0
2018-12-30T06:50:00Z,1106.0
2018-12-30T06:55:00Z,1091.0
2018-12-30T07:00:00Z,931.0
2018-12-30T07:05:00Z,6631.0
2018-12-30T07:10:00Z,2113.0
2018-12-30T07:15:00Z,1332.0
2018-12-30T07:20:00Z,2689.0
2018-12-30T07:25:00Z,1170.0
2018-12-30T07:30:00Z,1607.0
2018-12-30T07:35:00Z,3614.0
2018-12-30T07:40:00Z,1546.0
2018-12-30T07:45:00Z,1126.0
2018-12-30T07:50:00Z,5206.0
2018-12-30T07:55:00Z,2092.0
2018-12-30T08:00:00Z,13903.0
2018-12-30T08:05:00Z,36948.0
2018-12-30T08:10:00Z,19011.0
2018-12-30T08:15:00Z,4809.0
2018-12-30T08:20:00Z,2063.0
2018-12-30T08:25:00Z,1970.0
2018-12-30T08:30:00Z,2858.0
2018-12-30T08:35:00Z,2504.0
2018-12-30T08:40:00Z,1591.0
2018-12-30T08:45:00Z,1024.0
2018-12-30T08:50:00Z,1239.0
2018-12-30T08:55:00Z,1353.0
2018-12-30T09:00:00Z,1301.0
2018-12-30T09:05:00Z,1386.0
2018-12-30T09:10:00Z,1417.0
2018-12-30T09:15:00Z,1864.0
2018-12-30T09:20:00Z,998.0
2018-12-30T09:25:00Z,1310.0
2018-12-30T09:30:00Z,1052.0
2018-12-30T09:35:00Z,1514.0
2018-12-30T09:40:00Z,1038.0
2018-12-30T09:45:00Z,781.0
2018-12-30T09:50:00Z,402.0
2018-12-30T09:55:00Z,979.0
2018-12-30T10:00:00Z,2002.0
2018-12-30T10:05:00Z,1619.0
2018-12-30T10:10:00Z,1386.0
2018-12-30T10:15:00Z,1533.0
2018-12-30T10:20:00Z,1816.0
2018-12-30T10:25:00Z,1490.0
2018-12-30T10:30:00Z,1314.0
2018-12-30T10:35:00Z,926.0
2018-12-30T10:40:00Z,1233.0
2018-12-30T10:45:00Z,1096.0
2018-12-30T10:50:00Z,525.0
2018-12-30T10:55:00Z,690.0
2018-12-30T11:00:00Z,537.0
2018-12-30T11:05:00Z,1754.0
2018-12-30T11:10:00Z,1532.0
2018-12-30T11:15:00Z,1431.0
2018-12-30T11:20:00Z,912.0
2018-12-30T11:25:00Z,942.0
2018-12-30T11:30:00Z,1018.0
2018-12-30T11:35:00Z,1008.0
2018-12-30T11:40:00Z,3584.0
2018-12-30T11:45:00Z,1928.0
2018-12-30T11:50:00Z,1526.0
2018-12-30T11:55:00Z,1878.0
2018-12-30T12:00:00Z,21674.0
2018-12-30T12:05:00Z,50603.0
2018-12-30T12:10:00Z,10304.0
2018-12-30T12:15:00Z,1881.0
2018-12-30T12:20:00Z,1741.0
2018-12-30T12:25:00Z,2319.0
2018-12-30T12:30:00Z,1862.0
2018-12-30T12:35:00Z,1673.0
2018-12-30T12:40:00Z,1140.0
2018-12-30T12:45:00Z,1032.0
2018-12-30T12:50:00Z,1046.0
2018-12-30T12:55:00Z,1884.0
2018-12-30T13:00:00Z,1558.0
2018-12-30T13:05:00Z,1314.0
2018-12-30T13:10:00Z,2107.0
2018-12-30T13:15:00Z,1832.0
2018-12-30T13:20:00Z,1989.0
2018-12-30T13:25:00Z,1461.0
2018-12-30T13:30:00Z,1621.0
2018-12-30T13:35:00Z,1643.0
2018-12-30T13:40:00Z,1631.0
2018-12-30T13:45:00Z,1998.0
2018-12-30T13:50:00Z,2306.0
2018-12-30T13:55:00Z,1335.0
2018-12-30T14:00:00Z,1615.0
2018-12-30T14:05:00Z,2843.0
2018-12-30T14:10:00Z,2354.0
2018-12-30T14:15:00Z,3276.0
2018-12-30T14:20:00Z,2512.0
2018-12-30T14:25:00Z,1639.0
2018-12-30T14:30:00Z,2248.0
2018-12-30T14:35:00Z,2244.0
2018-12-30T14:40:00Z,4074.0
2018-12-30T14:45:00Z,3697.0
2018-12-30T14:50:00Z,2238.0
2018-12-30T14:55:00Z,2478.0
2018-12-30T15:00:00Z,3136.0
2018-12-30T15:05:00Z,4547.0
2018-12-30T15:10:00Z,3540.0
2018-12-30T15:15:00Z,2200.0
2018-12-30T15:20:00Z,1915.0
2018-12-30T15:25:00Z,2928.0
2018-12-30T15:30:00Z,2166.0
2018-12-30T15:35:00Z,2009.0
2018-12-30T15:40:00Z,3542.0
2018-12-30T15:45:00Z,3088.0
2018-12-30T15:50:00Z,2597.0
2018-12-30T15:55:00Z,2834.0
2018-12-30T16:00:00Z,18522.0
2018-12-30T16:05:00Z,38780.0
2018-12-30T16:10:00Z,19163.0
2018-12-30T16:15:00Z,13080.0
2018-12-30T16:20:00Z,3584.0
2018-12-30T16:25:00Z,2955.0
2018-12-30T16:30:00Z,2997.0
2018-12-30T16:35:00Z,3760.0
2018-12-30T16:40:00Z,3122.0
2018-12-30T16:45:00Z,2499.0
2018-12-30T16:50:00Z,2522.0
2018-12-30T16:55:00Z,3153.0
2018-12-30T17:00:00Z,4607.0
2018-12-30T17:05:00Z,4409.0
2018-12-30T17:10:00Z,4534.0
2018-12-30T17:15:00Z,3294.0
2018-12-30T17:20:00Z,2929.0
2018-12-30T17:25:00Z,2592.0
2018-12-30T17:30:00Z,2810.0
2018-12-30T17:35:00Z,3447.0
2018-12-30T17:40:00Z,3109.0
2018-12-30T17:45:00Z,2831.0
2018-12-30T17:50:00Z,3476.0
2018-12-30T17:55:00Z,2697.0
2018-12-30T18:00:00Z,3571.0
2018-12-30T18:05:00Z,3802.0
2018-12-30T18:10:00Z,3372.0
2018-12-30T18:15:00Z,3409.0
2018-12-30T18:20:00Z,4350.0
2018-12-30T18:25:00Z,3674.0
2018-12-30T18:30:00Z,2809.0
2018-12-30T18:35:00Z,2748.0
2018-12-30T18:40:00Z,2095.0
2018-12-30T18:45:00Z,2633.0
2018-12-30T18:50:00Z,2576.0
2018-12-30T18:55:00Z,2611.0
2018-12-30T19:00:00Z,4038.0
2018-12-30T19:05:00Z,4194.0
2018-12-30T19:10:00Z,3731.0
2018-12-30T19:15:00Z,3381.0
2018-12-30T19:20:00Z,1821.0
2018-12-30T19:25:00Z,2454.0
2018-12-30T19:30:00Z,3667.0
2018-12-30T19:35:00Z,4188.0
2018-12-30T19:40:00Z,2692.0
2018-12-30T19:45:00Z,2342.0
2018-12-30T19:50:00Z,2081.0
2018-12-30T19:55:00Z,2496.0
2018-12-30T20:00:00Z,22649.0
2018-12-30T20:05:00Z,49030.0
2018-12-30T20:10:00Z,9400.0
2018-12-30T20:15:00Z,3274.0
2018-12-30T20:20:00Z,3057.0
2018-12-30T20:25:00Z,3164.0
2018-12-30T20:30:00Z,3751.0
2018-12-30T20:35:00Z,3625.0
2018-12-30T20:40:00Z,3156.0
2018-12-30T20:45:00Z,2991.0
2018-12-30T20:50:00Z,2370.0
2018-12-30T20:55:00Z,2996.0
2018-12-30T21:00:00Z,3442.0
2018-12-30T21:05:00Z,3076.0
2018-12-30T21:10:00Z,2346.0
2018-12-30T21:15:00Z,3339.0
2018-12-30T21:20:00Z,2974.0
2018-12-30T21:25:00Z,2848.0
2018-12-30T21:30:00Z,3071.0
2018-12-30T21:35:00Z,3452.0
2018-12-30T21:40:00Z,3185.0
2018-12-30T21:45:00Z,2768.0
2018-12-30T21:50:00Z,3345.0
2018-12-30T21:55:00Z,4099.0
2018-12-30T22:00:00Z,6673.0
2018-12-30T22:05:00Z,10156.0
2018-12-30T22:10:00Z,5280.0
2018-12-30T22:15:00Z,3677.0
2018-12-30T22:20:00Z,3270.0
2018-12-30T22:25:00Z,3109.0
2018-12-30T22:30:00Z,2800.0
2018-12-30T22:35:00Z,4327.0
2018-12-30T22:40:00Z,2963.0
2018-12-30T22:45:00Z,2089.0
2018-12-30T22:50:00Z,2386.0
2018-12-30T22:55:00Z,3001.0
2018-12-30T23:00:00Z,2863.0
2018-12-30T23:05:00Z,4394.0
2018-12-30T23:10:00Z,4097.0
2018-12-30T23:15:00Z,3480.0
2018-12-30T23:20:00Z,3500.0
2018-12-30T23:25:00Z,2691.0
2018-12-30T23:30:00Z,2864.0
2018-12-30T23:35:00Z,3434.0
2018-12-30T23:40:00Z,3110.0
2018-12-30T23:45:00Z,3054.0
2018-12-30T23:50:00Z,2388.0
2018-12-30T23:55:00Z,2689.0
2018-12-31T00:00:00Z,15682.0
2018-12-31T00:05:00Z,32712.0
2018-12-31T00:10:00Z,25459.0
2018-12-31T00:15:00Z,5172.0
2018-12-31T00:20:00Z,4518.0
2018-12-31T00:25:00Z,3012.0
2018-12-31T00:30:00Z,2762.0
2018-12-31T00:35:00Z,3185.0
2018-12-31T00:40:00Z,2709.0
2018-12-31T00:45:00Z,2567.0
2018-12-31T00:50:00Z,2890.0
2018-12-31T00:55:00Z,2755.0
2018-12-31T01:00:00Z,2722.0
2018-12-31T01:05:00Z,3588.0
2018-12-31T01:10:00Z,2125.0
2018-12-31T01:15:00Z,3192.0
2018-12-31T01:20:00Z,2947.0
2018-12-31T01:25:00Z,2752.0
2018-12-31T01:30:00Z,2987.0
2018-12-31T01:35:00Z,3029.0
2018-12-31T01:40:00Z,2195.0
2018-12-31T01:45:00Z,2643.0
2018-12-31T01:50:00Z,2509.0
2018-12-31T01:55:00Z,2401.0
2018-12-31T02:00:00Z,3449.0
2018-12-31T02:05:00Z,4078.0
2018-12-31T02:10:00Z,3862.0
2018-12-31T02:15:00Z,3500.0
2018-12-31T02:20:00Z,3278.0
2018-12-31T02:25:00Z,3065.0
2018-12-31T02:30:00Z,3349.0
2018-12-31T02:35:00Z,3967.0
2018-12-31T02:40:00Z,2775.0
2018-12-31T02:45:00Z,3476.0
2018-12-31T02:50:00Z,2408.0
2018-12-31T02:55:00Z,2305.0
2018-12-31T03:00:00Z,2136.0
2018-12-31T03:05:00Z,3509.0
2018-12-31T03:10:00Z,2571.0
2018-12-31T03:15:00Z,3324.0
2018-12-31T03:20:00Z,4291.0
2018-12-31T03:25:00Z,3286.0
2018-12-31T03:30:00Z,4642.0
2018-12-31T03:35:00Z,3470.0
2018-12-31T03:40:00Z,3404.0
2018-12-31T03:45:00Z,2659.0
2018-12-31T03:50:00Z,5004.0
2018-12-31T03:55:00Z,3789.0
2018-12-31T04:00:00Z,21803.0
2018-12-31T04:05:00Z,43225.0
2018-12-31T04:10:00Z,23209.0
2018-12-31T04:15:00Z,4748.0
2018-12-31T04:20:00Z,4757.0
2018-12-31T04:25:00Z,3717.0
2018-12-31T04:30:00Z,2654.0
2018-12-31T04:35:00Z,4215.0
2018-12-31T04:40:00Z,3182.0
2018-12-31T04:45:00Z,2968.0
2018-12-31T04:50:00Z,3552.0
2018-12-31T04:55:00Z,3615.0
2018-12-31T05:00:00Z,3241.0
2018-12-31T05:05:00Z,5589.0
2018-12-31T05:10:00Z,4271.0
2018-12-31T05:15:00Z,4658.0
2018-12-31T05:20:00Z,4306.0
2018-12-31T05:25:00Z,4585.0
2018-12-31T05:30:00Z,3947.0
2018-12-31T05:35:00Z,3917.0
2018-12-31T05:40:00Z,5388.0
2018-12-31T05:45:00Z,5578.0
2018-12-31T05:50:00Z,4072.0
2018-12-31T05:55:00Z,5154.0
2018-12-31T06:00:00Z,4159.0
2018-12-31T06:05:00Z,4299.0
2018-12-31T06:10:00Z,5945.0
2018-12-31T06:15:00Z,5476.0
2018-12-31T06:20:00Z,4364.0
2018-12-31T06:25:00Z,4498.0
2018-12-31T06:30:00Z,3225.0
2018-12-31T06:35:00Z,3894.0
2018-12-31T06:40:00Z,3391.0
2018-12-31T06:45:00Z,3567.0
2018-12-31T06:50:00Z,3728.0
2018-12-31T06:55:00Z,3792.0
2018-12-31T07:00:00Z,3324.0
2018-12-31T07:05:00Z,5157.0
2018-12-31T07:10:00Z,4605.0
2018-12-31T07:15:00Z,3084.0
2018-12-31T07:20:00Z,3337.0
2018-12-31T07:25:00Z,4094.0
2018-12-31T07:30:00Z,4025.0
2018-12-31T07:35:00Z,3509.0
2018-12-31T07:40:00Z,3140.0
2018-12-31T07:45:00Z,4333.0
2018-12-31T07:50:00Z,3947.0
2018-12-31T07:55:00Z,3892.0
2018-12-31T08:00:00Z,12656.0
2018-12-31T08:05:00Z,35658.0
2018-12-31T08:10:00Z,24578.0
2018-12-31T08:15:00Z,3959.0
2018-12-31T08:20:00Z,5053.0
2018-12-31T08:25:00Z,4561.0
2018-12-31T08:30:00Z,4118.0
2018-12-31T08:35:00Z,4608.0
2018-12-31T08:40:00Z,3091.0
2018-12-31T08:45:00Z,3482.0
2018-12-31T08:50:00Z,3270.0
2018-12-31T08:55:00Z,4858.0
2018-12-31T09:00:00Z,2509.0
2018-12-31T09:05:00Z,3391.0
2018-12-31T09:10:00Z,3184.0
2018-12-31T09:15:00Z,3505.0
2018-12-31T09:20:00Z,4257.0
2018-12-31T09:25:00Z,3861.0
2018-12-31T09:30:00Z,3724.0
2018-12-31T09:35:00Z,3439.0
2018-12-31T09:40:00Z,5396.0
2018-12-31T09:45:00Z,4318.0
2018-12-31T09:50:00Z,3169.0
2018-12-31T09:55:00Z,3340.0
2018-12-31T10:00:00Z,3140.0
2018-12-31T10:05:00Z,3244.0
2018-12-31T10:10:00Z,4227.0
2018-12-31T10:15:00Z,3847.0
2018-12-31T10:20:00Z,4643.0
2018-12-31T10:25:00Z,4233.0
2018-12-31T10:30:00Z,3434.0
2018-12-31T10:35:00Z,3566.0
2018-12-31T10:40:00Z,3612.0
2018-12-31T10:45:00Z,2704.0
2018-12-31T10:50:00Z,2956.0
2018-12-31T10:55:00Z,3052.0
2018-12-31T11:00:00Z,3493.0
2018-12-31T11:05:00Z,3106.0
2018-12-31T11:10:00Z,5694.0
2018-12-31T11:15:00Z,3527.0
2018-12-31T11:20:00Z,2581.0
2018-12-31T11:25:00Z,2648.0
2018-12-31T11:30:00Z,3052.0
2018-12-31T11:35:00Z,2783.0
2018-12-31T11:40:00Z,2369.0
2018-12-31T11:45:00Z,2697.0
2018-12-31T11:50:00Z,2253.0
2018-12-31T11:55:00Z,3086.0
2018-12-31T12:00:00Z,17648.0
2018-12-31T12:05:00Z,45478.0
2018-12-31T12:10:00Z,19423.0
2018-12-31T12:15:00Z,4132.0
2018-12-31T12:20:00Z,3427.0
2018-12-31T12:25:00Z,3737.0
2018-12-31T12:30:00Z,3154.0
2018-12-31T12:35:00Z,3748.0
2018-12-31T12:40:00Z,2809.0
2018-12-31T12:45:00Z,3577.0
2018-12-31T12:50:00Z,3205.0
2018-12-31T12:55:00Z,2888.0
2018-12-31T13:00:00Z,3041.0
2018-12-31T13:05:00Z,4228.0
2018-12-31T13:10:00Z,4887.0
2018-12-31T13:15:00Z,5251.0
2018-12-31T13:20:00Z,6085.0
2018-12-31T13:25:00Z,4657.0
2018-12-31T13:30:00Z,5249.0
2018-12-31T13:35:00Z,4943.0
2018-12-31T13:40:00Z,5245.0
2018-12-31T13:45:00Z,5238.0
2018-12-31T13:50:00Z,5316.0
2018-12-31T13:55:00Z,5600.0
2018-12-31T14:00:00Z,5267.0
2018-12-31T14:05:00Z,7074.0
2018-12-31T14:10:00Z,7077.0
2018-12-31T14:15:00Z,5773.0
2018-12-31T14:20:00Z,8181.0
2018-12-31T14:25:00Z,5989.0
2018-12-31T14:30:00Z,7623.0
2018-12-31T14:35:00Z,6804.0
2018-12-31T14:40:00Z,6974.0
2018-12-31T14:45:00Z,7907.0
2018-12-31T14:50:00Z,8867.0
2018-12-31T14:55:00Z,8899.0
2018-12-31T15:00:00Z,8421.0
2018-12-31T15:05:00Z,8622.0
2018-12-31T15:10:00Z,9132.0
2018-12-31T15:15:00Z,8689.0
2018-12-31T15:20:00Z,9155.0
2018-12-31T15:25:00Z,8466.0
2018-12-31T15:30:00Z,7974.0
2018-12-31T15:35:00Z,7486.0
2018-12-31T15:40:00Z,9559.0
2018-12-31T15:45:00Z,8271.0
2018-12-31T15:50:00Z,9032.0
2018-12-31T15:55:00Z,10980.0
2018-12-31T16:00:00Z,38123.0
2018-12-31T16:05:00Z,38877.0
2018-12-31T16:10:00Z,18059.0
2018-12-31T16:15:00Z,11840.0
2018-12-31T16:20:00Z,11466.0
2018-12-31T16:25:00Z,11307.0
2018-12-31T16:30:00Z,13441.0
2018-12-31T16:35:00Z,14222.0
2018-12-31T16:40:00Z,12739.0
2018-12-31T16:45:00Z,12251.0
2018-12-31T16:50:00Z,12737.0
2018-12-31T16:55:00Z,13490.0
2018-12-31T17:00:00Z,15228.0
2018-12-31T17:05:00Z,14871.0
2018-12-31T17:10:00Z,13845.0
2018-12-31T17:15:00Z,14360.0
2018-12-31T17:20:00Z,14943.0
2018-12-31T17:25:00Z,15611.0
2018-12-31T17:30:00Z,14501.0
2018-12-31T17:35:00Z,14996.0
2018-12-31T17:40:00Z,13984.0
2018-12-31T17:45:00Z,13870.0
2018-12-31T17:50:00Z,16213.0
2018-12-31T17:55:00Z,14895.0
2018-12-31T18:00:00Z,14076.0
2018-12-31T18:05:00Z,16074.0
2018-12-31T18:10:00Z,16022.0
2018-12-31T18:15:00Z,14962.0
2018-12-31T18:20:00Z,16173.0
2018-12-31T18:25:00Z,15991.0
2018-12-31T18:30:00Z,18441.0
2018-12-31T18:35:00Z,15419.0
2018-12-31T18:40:00Z,15956.0
2018-12-31T18:45:00Z,17636.0
2018-12-31T18:50:00Z,13510.0
2018-12-31T18:55:00Z,15196.0
2018-12-31T19:00:00Z,16954.0
2018-12-31T19:05:00Z,16890.0
2018-12-31T19:10:00Z,13988.0
2018-12-31T19:15:00Z,16969.0
2018-12-31T19:20:00Z,16591.0
2018-12-31T19:25:00Z,17475.0
2018-12-31T19:30:00Z,16653.0
2018-12-31T19:35:00Z,15979.0
2018-12-31T19:40:00Z,16789.0
2018-12-31T19:45:00Z,15845.0
2018-12-31T19:50:00Z,15830.0
2018-12-31T19:55:00Z,15931.0
2018-12-31T20:00:00Z,39835.0
2018-12-31T20:05:00Z,53740.0
2018-12-31T20:10:00Z,23048.0
2018-12-31T20:15:00Z,15303.0
2018-12-31T20:20:00Z,13066.0
2018-12-31T20:25:00Z,10632.0
2018-12-31T20:30:00Z,12376.0
2018-12-31T20:35:00Z,12599.0
2018-12-31T20:40:00Z,11527.0
2018-12-31T20:45:00Z,12300.0
2018-12-31T20:50:00Z,12139.0
2018-12-31T20:55:00Z,11666.0
2018-12-31T21:00:00Z,11484.0
2018-12-31T21:05:00Z,12615.0
2018-12-31T21:10:00Z,11610.0
2018-12-31T21:15:00Z,12122.0
2018-12-31T21:20:00Z,10338.0
2018-12-31T21:25:00Z,12182.0
2018-12-31T21:30:00Z,12707.0
2018-12-31T21:35:00Z,14226.0
2018-12-31T21:40:00Z,10874.0
2018-12-31T21:45:00Z,11135.0
2018-12-31T21:50:00Z,10897.0
2018-12-31T21:55:00Z,10165.0
2018-12-31T22:00:00Z,14360.0
2018-12-31T22:05:00Z,25410.0
2018-12-31T22:10:00Z,14421.0
2018-12-31T22:15:00Z,13369.0
2018-12-31T22:20:00Z,10445.0
2018-12-31T22:25:00Z,11236.0
2018-12-31T22:30:00Z,10544.0
2018-12-31T22:35:00Z,11160.0
2018-12-31T22:40:00Z,10103.0
2018-12-31T22:45:00Z,10842.0
2018-12-31T22:50:00Z,10011.0
2018-12-31T22:55:00Z,10323.0
2018-12-31T23:00:00Z,12636.0
2018-12-31T23:05:00Z,10644.0
2018-12-31T23:10:00Z,10201.0
2018-12-31T23:15:00Z,12674.0
2018-12-31T23:20:00Z,11580.0
2018-12-31T23:25:00Z,8980.0
2018-12-31T23:30:00Z,8975.0
2018-12-31T23:35:00Z,9673.0
2018-12-31T23:40:00Z,10257.0
2018-12-31T23:45:00Z,7995.0
2018-12-31T23:50:00Z,9768.0
2018-12-31T23:55:00Z,8863.0
2019-01-01T00:00:00Z,27095.0
2019-01-01T00:05:00Z,31736.0
2019-01-01T00:10:00Z,27638.0
2019-01-01T00:15:00Z,8599.0
2019-01-01T00:20:00Z,7819.0
2019-01-01T00:25:00Z,5792.0
2019-01-01T00:30:00Z,5291.0
2019-01-01T00:35:00Z,5663.0
2019-01-01T00:40:00Z,5386.0
2019-01-01T00:45:00Z,6613.0
2019-01-01T00:50:00Z,5973.0
2019-01-01T00:55:00Z,4960.0
2019-01-01T01:00:00Z,5160.0
2019-01-01T01:05:00Z,6211.0
2019-01-01T01:10:00Z,6072.0
2019-01-01T01:15:00Z,4458.0
2019-01-01T01:20:00Z,5142.0
2019-01-01T01:25:00Z,4132.0
2019-01-01T01:30:00Z,4846.0
2019-01-01T01:35:00Z,4292.0
2019-01-01T01:40:00Z,3994.0
2019-01-01T01:45:00Z,4624.0
2019-01-01T01:50:00Z,2928.0
2019-01-01T01:55:00Z,2984.0
2019-01-01T02:00:00Z,2998.0
2019-01-01T02:05:00Z,4771.0
2019-01-01T02:10:00Z,3313.0
2019-01-01T02:15:00Z,3108.0
2019-01-01T02:20:00Z,3262.0
2019-01-01T02:25:00Z,3629.0
2019-01-01T02:30:00Z,3498.0
2019-01-01T02:35:00Z,3574.0
2019-01-01T02:40:00Z,3064.0
2019-01-01T02:45:00Z,3188.0
2019-01-01T02:50:00Z,2836.0
2019-01-01T02:55:00Z,4430.0
2019-01-01T03:00:00Z,3504.0
2019-01-01T03:05:00Z,2745.0
2019-01-01T03:10:00Z,3133.0
2019-01-01T03:15:00Z,2540.0
2019-01-01T03:20:00Z,1927.0
2019-01-01T03:25:00Z,2271.0
2019-01-01T03:30:00Z,2201.0
2019-01-01T03:35:00Z,3009.0
2019-01-01T03:40:00Z,2518.0
2019-01-01T03:45:00Z,1921.0
2019-01-01T03:50:00Z,2546.0
2019-01-01T03:55:00Z,2369.0
2019-01-01T04:00:00Z,13462.0
2019-01-01T04:05:00Z,40340.0
2019-01-01T04:10:00Z,26981.0
2019-01-01T04:15:00Z,3165.0
2019-01-01T04:20:00Z,2060.0
2019-01-01T04:25:00Z,2160.0
2019-01-01T04:30:00Z,1335.0
2019-01-01T04:35:00Z,2098.0
2019-01-01T04:40:00Z,1573.0
2019-01-01T04:45:00Z,1861.0
2019-01-01T04:50:00Z,1782.0
2019-01-01T04:55:00Z,2227.0
2019-01-01T05:00:00Z,3053.0
2019-01-01T05:05:00Z,2779.0
2019-01-01T05:10:00Z,1769.0
2019-01-01T05:15:00Z,2153.0
2019-01-01T05:20:00Z,2725.0
2019-01-01T05:25:00Z,2203.0
2019-01-01T05:30:00Z,2023.0
2019-01-01T05:35:00Z,2572.0
2019-01-01T05:40:00Z,2351.0
2019-01-01T05:45:00Z,1883.0
2019-01-01T05:50:00Z,1536.0
2019-01-01T05:55:00Z,2918.0
2019-01-01T06:00:00Z,2923.0
2019-01-01T06:05:00Z,2343.0
2019-01-01T06:10:00Z,1693.0
2019-01-01T06:15:00Z,1317.0
2019-01-01T06:20:00Z,2063.0
2019-01-01T06:25:00Z,2041.0
2019-01-01T06:30:00Z,2254.0
2019-01-01T06:35:00Z,3016.0
2019-01-01T06:40:00Z,2002.0
2019-01-01T06:45:00Z,1798.0
2019-01-01T06:50:00Z,1830.0
2019-01-01T06:55:00Z,2085.0
2019-01-01T07:00:00Z,2179.0
2019-01-01T07:05:00Z,2522.0
2019-01-01T07:10:00Z,2260.0
2019-01-01T07:15:00Z,1778.0
2019-01-01T07:20:00Z,1787.0
2019-01-01T07:25:00Z,2037.0
2019-01-01T07:30:00Z,2165.0
2019-01-01T07:35:00Z,1621.0
2019-01-01T07:40:00Z,1782.0
2019-01-01T07:45:00Z,1251.0
2019-01-01T07:50:00Z,1326.0
2019-01-01T07:55:00Z,2436.0
2019-01-01T08:00:00Z,24247.0
2019-01-01T08:05:00Z,32410.0
2019-01-01T08:10:00Z,9550.0
2019-01-01T08:15:00Z,3760.0
2019-01-01T08:20:00Z,2698.0
2019-01-01T08:25:00Z,2330.0
2019-01-01T08:30:00Z,1798.0
2019-01-01T08:35:00Z,1560.0
2019-01-01T08:40:00Z,1387.0
2019-01-01T08:45:00Z,1555.0
2019-01-01T08:50:00Z,1290.0
2019-01-01T08:55:00Z,1493.0
2019-01-01T09:00:00Z,1690.0
2019-01-01T09:05:00Z,2183.0
2019-01-01T09:10:00Z,1650.0
2019-01-01T09:15:00Z,1715.0
2019-01-01T09:20:00Z,1642.0
2019-01-01T09:25:00Z,1840.0
2019-01-01T09:30:00Z,1278.0
2019-01-01T09:35:00Z,2042.0
2019-01-01T09:40:00Z,1100.0
2019-01-01T09:45:00Z,1337.0
2019-01-01T09:50:00Z,740.0
2019-01-01T09:55:00Z,1383.0
2019-01-01T10:00:00Z,1895.0
2019-01-01T10:05:00Z,1597.0
2019-01-01T10:10:00Z,1916.0
2019-01-01T10:15:00Z,1774.0
2019-01-01T10:20:00Z,1155.0
2019-01-01T10:25:00Z,792.0
2019-01-01T10:30:00Z,2148.0
2019-01-01T10:35:00Z,1969.0
2019-01-01T10:40:00Z,1726.0
2019-01-01T10:45:00Z,996.0
2019-01-01T10:50:00Z,1003.0
2019-01-01T10:55:00Z,1163.0
2019-01-01T11:00:00Z,1918.0
2019-01-01T11:05:00Z,1921.0
2019-01-01T11:10:00Z,1358.0
2019-01-01T11:15:00Z,1156.0
2019-01-01T11:20:00Z,1345.0
2019-01-01T11:25:00Z,990.0
2019-01-01T11:30:00Z,1207.0
2019-01-01T11:35:00Z,1452.0
2019-01-01T11:40:00Z,2087.0
2019-01-01T11:45:00Z,1613.0
2019-01-01T11:50:00Z,1046.0
2019-01-01T11:55:00Z,2664.0
2019-01-01T12:00:00Z,25721.0
2019-01-01T12:05:00Z,44104.0
2019-01-01T12:10:00Z,8126.0
2019-01-01T12:15:00Z,2292.0
2019-01-01T12:20:00Z,1686.0
2019-01-01T12:25:00Z,2314.0
2019-01-01T12:30:00Z,2745.0
2019-01-01T12:35:00Z,1247.0
2019-01-01T12:40:00Z,1445.0
2019-01-01T12:45:00Z,2093.0
2019-01-01T12:50:00Z,1392.0
2019-01-01T12:55:00Z,1190.0
2019-01-01T13:00:00Z,3012.0
2019-01-01T13:05:00Z,2470.0
2019-01-01T13:10:00Z,2582.0
2019-01-01T13:15:00Z,3037.0
2019-01-01T13:20:00Z,2830.0
2019-01-01T13:25:00Z,2420.0
2019-01-01T13:30:00Z,6308.0
2019-01-01T13:35:00Z,4168.0
2019-01-01T13:40:00Z,2151.0
2019-01-01T13:45:00Z,2012.0
2019-01-01T13:50:00Z,1844.0
2019-01-01T13:55:00Z,1823.0
2019-01-01T14:00:00Z,7032.0
2019-01-01T14:05:00Z,3855.0
2019-01-01T14:10:00Z,3705.0
2019-01-01T14:15:00Z,6026.0
2019-01-01T14:20:00Z,4104.0
2019-01-01T14:25:00Z,2704.0
2019-01-01T14:30:00Z,3290.0
2019-01-01T14:35:00Z,2408.0
2019-01-01T14:40:00Z,2255.0
2019-01-01T14:45:00Z,3624.0
2019-01-01T14:50:00Z,2382.0
2019-01-01T14:55:00Z,1682.0
2019-01-01T15:00:00Z,4246.0
2019-01-01T15:05:00Z,2878.0
2019-01-01T15:10:00Z,2936.0
2019-01-01T15:15:00Z,3337.0
2019-01-01T15:20:00Z,3115.0
2019-01-01T15:25:00Z,2277.0
2019-01-01T15:30:00Z,3631.0
2019-01-01T15:35:00Z,2468.0
2019-01-01T15:40:00Z,3011.0
2019-01-01T15:45:00Z,3175.0
2019-01-01T15:50:00Z,2706.0
2019-01-01T15:55:00Z,3532.0
2019-01-01T16:00:00Z,19591.0
2019-01-01T16:05:00Z,44246.0
2019-01-01T16:10:00Z,9763.0
2019-01-01T16:15:00Z,4310.0
2019-01-01T16:20:00Z,3936.0
2019-01-01T16:25:00Z,3956.0
2019-01-01T16:30:00Z,5475.0
2019-01-01T16:35:00Z,3888.0
2019-01-01T16:40:00Z,4106.0
2019-01-01T16:45:00Z,3595.0
2019-01-01T16:50:00Z,3081.0
2019-01-01T16:55:00Z,2774.0
2019-01-01T17:00:00Z,2907.0
2019-01-01T17:05:00Z,3792.0
2019-01-01T17:10:00Z,4400.0
2019-01-01T17:15:00Z,5234.0
2019-01-01T17:20:00Z,6378.0
2019-01-01T17:25:00Z,4125.0
2019-01-01T17:30:00Z,3899.0
2019-01-01T17:35:00Z,4375.0
2019-01-01T17:40:00Z,4512.0
2019-01-01T17:45:00Z,5207.0
2019-01-01T17:50:00Z,7202.0
2019-01-01T17:55:00Z,3597.0
2019-01-01T18:00:00Z,4272.0
2019-01-01T18:05:00Z,5218.0
2019-01-01T18:10:00Z,4614.0
2019-01-01T18:15:00Z,4849.0
2019-01-01T18:20:00Z,5066.0
2019-01-01T18:25:00Z,3291.0
2019-01-01T18:30:00Z,4899.0
2019-01-01T18:35:00Z,4861.0
2019-01-01T18:40:00Z,3712.0
2019-01-01T18:45:00Z,4768.0
2019-01-01T18:50:00Z,6086.0
2019-01-01T18:55:00Z,3654.0
2019-01-01T19:00:00Z,4694.0
2019-01-01T19:05:00Z,5977.0
2019-01-01T19:10:00Z,4386.0
2019-01-01T19:15:00Z,3732.0
2019-01-01T19:20:00Z,7654.0
2019-01-01T19:25:00Z,3377.0
2019-01-01T19:30:00Z,4468.0
2019-01-01T19:35:00Z,7414.0
2019-01-01T19:40:00Z,5168.0
2019-01-01T19:45:00Z,3079.0
2019-01-01T19:50:00Z,3332.0
2019-01-01T19:55:00Z,6039.0
2019-01-01T20:00:00Z,26540.0
2019-01-01T20:05:00Z,46078.0
2019-01-01T20:10:00Z,14668.0
2019-01-01T20:15:00Z,4408.0
2019-01-01T20:20:00Z,4814.0
2019-01-01T20:25:00Z,3567.0
2019-01-01T20:30:00Z,4144.0
2019-01-01T20:35:00Z,5142.0
2019-01-01T20:40:00Z,4596.0
2019-01-01T20:45:00Z,3939.0
2019-01-01T20:50:00Z,4133.0
2019-01-01T20:55:00Z,3231.0
2019-01-01T21:00:00Z,3595.0
2019-01-01T21:05:00Z,6320.0
2019-01-01T21:10:00Z,5066.0
2019-01-01T21:15:00Z,4171.0
2019-01-01T21:20:00Z,5289.0
2019-01-01T21:25:00Z,3760.0
2019-01-01T21:30:00Z,3587.0
2019-01-01T21:35:00Z,6035.0
2019-01-01T21:40:00Z,3370.0
2019-01-01T21:45:00Z,3423.0
2019-01-01T21:50:00Z,2485.0
2019-01-01T21:55:00Z,3249.0
2019-01-01T22:00:00Z,7094.0
2019-01-01T22:05:00Z,12986.0
2019-01-01T22:10:00Z,7791.0
2019-01-01T22:15:00Z,4778.0
2019-01-01T22:20:00Z,4528.0
2019-01-01T22:25:00Z,5500.0
2019-01-01T22:30:00Z,4017.0
2019-01-01T22:35:00Z,4219.0
2019-01-01T22:40:00Z,3298.0
2019-01-01T22:45:00Z,2888.0
2019-01-01T22:50:00Z,3705.0
2019-01-01T22:55:00Z,4275.0
2019-01-01T23:00:00Z,3933.0
2019-01-01T23:05:00Z,4122.0
2019-01-01T23:10:00Z,4007.0
2019-01-01T23:15:00Z,3706.0
2019-01-01T23:20:00Z,3707.0
2019-01-01T23:25:00Z,4442.0
2019-01-01T23:30:00Z,5133.0
2019-01-01T23:35:00Z,5141.0
2019-01-01T23:40:00Z,3764.0
2019-01-01T23:45:00Z,3865.0
2019-01-01T23:50:00Z,4136.0
2019-01-01T23:55:00Z,3983.0
2019-01-02T00:00:00Z,16322.0
2019-01-02T00:05:00Z,26587.0
2019-01-02T00:10:00Z,26972.0
2019-01-02T00:15:00Z,5488.0
2019-01-02T00:20:00Z,3657.0
2019-01-02T00:25:00Z,4807.0
2019-01-02T00:30:00Z,3837.0
2019-01-02T00:35:00Z,3502.0
2019-01-02T00:40:00Z,3739.0
2019-01-02T00:45:00Z,3471.0
2019-01-02T00:50:00Z,3689.0
2019-01-02T00:55:00Z,4843.0
2019-01-02T01:00:00Z,4771.0
2019-01-02T01:05:00Z,4704.0
2019-01-02T01:10:00Z,4170.0
2019-01-02T01:15:00Z,4311.0
2019-01-02T01:20:00Z,3482.0
2019-01-02T01:25:00Z,3034.0
2019-01-02T01:30:00Z,4331.0
2019-01-02T01:35:00Z,4349.0
2019-01-02T01:40:00Z,3635.0
2019-01-02T01:45:00Z,2976.0
2019-01-02T01:50:00Z,3870.0
2019-01-02T01:55:00Z,3222.0
2019-01-02T02:00:00Z,3854.0
2019-01-02T02:05:00Z,4130.0
2019-01-02T02:10:00Z,4671.0
2019-01-02T02:15:00Z,3665.0
2019-01-02T02:20:00Z,3828.0
2019-01-02T02:25:00Z,3381.0
2019-01-02T02:30:00Z,3951.0
2019-01-02T02:35:00Z,4260.0
2019-01-02T02:40:00Z,4186.0
2019-01-02T02:45:00Z,4265.0
2019-01-02T02:50:00Z,4253.0
2019-01-02T02:55:00Z,5506.0
2019-01-02T03:00:00Z,4172.0
2019-01-02T03:05:00Z,4492.0
2019-01-02T03:10:00Z,4566.0
2019-01-02T03:15:00Z,4572.0
2019-01-02T03:20:00Z,5052.0
2019-01-02T03:25:00Z,4346.0
2019-01-02T03:30:00Z,5649.0
2019-01-02T03:35:00Z,4399.0
2019-01-02T03:40:00Z,3861.0
2019-01-02T03:45:00Z,3844.0
2019-01-02T03:50:00Z,4416.0
2019-01-02T03:55:00Z,3916.0
2019-01-02T04:00:00Z,27195.0
2019-01-02T04:05:00Z,39934.0
2019-01-02T04:10:00Z,20535.0
2019-01-02T04:15:00Z,6366.0
2019-01-02T04:20:00Z,4627.0
2019-01-02T04:25:00Z,4051.0
2019-01-02T04:30:00Z,4299.0
2019-01-02T04:35:00Z,7090.0
2019-01-02T04:40:00Z,5121.0
2019-01-02T04:45:00Z,4949.0
2019-01-02T04:50:00Z,4669.0
2019-01-02T04:55:00Z,5788.0
2019-01-02T05:00:00Z,6025.0
2019-01-02T05:05:00Z,5662.0
2019-01-02T05:10:00Z,6068.0
2019-01-02T05:15:00Z,6803.0
2019-01-02T05:20:00Z,5793.0
2019-01-02T05:25:00Z,5689.0
2019-01-02T05:30:00Z,6088.0
2019-01-02T05:35:00Z,7017.0
2019-01-02T05:40:00Z,7609.0
2019-01-02T05:45:00Z,6276.0
2019-01-02T05:50:00Z,6681.0
2019-01-02T05:55:00Z,6596.0
2019-01-02T06:00:00Z,6699.0
2019-01-02T06:05:00Z,6097.0
2019-01-02T06:10:00Z,7162.0
2019-01-02T06:15:00Z,5914.0
2019-01-02T06:20:00Z,6875.0
2019-01-02T06:25:00Z,6117.0
2019-01-02T06:30:00Z,7155.0
2019-01-02T06:35:00Z,5324.0
2019-01-02T06:40:00Z,4286.0
2019-01-02T06:45:00Z,6259.0
2019-01-02T06:50:00Z,5731.0
2019-01-02T06:55:00Z,6598.0
2019-01-02T07:00:00Z,7278.0
2019-01-02T07:05:00Z,5296.0
2019-01-02T07:10:00Z,5142.0
2019-01-02T07:15:00Z,5810.0
2019-01-02T07:20:00Z,5550.0
2019-01-02T07:25:00Z,5860.0
2019-01-02T07:30:00Z,6090.0
2019-01-02T07:35:00Z,5505.0
2019-01-02T07:40:00Z,5705.0
2019-01-02T07:45:00Z,5330.0
2019-01-02T07:50:00Z,4887.0
2019-01-02T07:55:00Z,4759.0
2019-01-02T08:00:00Z,20749.0
2019-01-02T08:05:00Z,30613.0
2019-01-02T08:10:00Z,25220.0
2019-01-02T08:15:00Z,7477.0
2019-01-02T08:20:00Z,6114.0
2019-01-02T08:25:00Z,4367.0
2019-01-02T08:30:00Z,5801.0
2019-01-02T08:35:00Z,6687.0
2019-01-02T08:40:00Z,5464.0
2019-01-02T08:45:00Z,5446.0
2019-01-02T08:50:00Z,4721.0
2019-01-02T08:55:00Z,5130.0
2019-01-02T09:00:00Z,5219.0
2019-01-02T09:05:00Z,5476.0
2019-01-02T09:10:00Z,5602.0
2019-01-02T09:15:00Z,6251.0
2019-01-02T09:20:00Z,5599.0
2019-01-02T09:25:00Z,5506.0
2019-01-02T09:30:00Z,7799.0
2019-01-02T09:35:00Z,6191.0
2019-01-02T09:40:00Z,4954.0
2019-01-02T09:45:00Z,6204.0
2019-01-02T09:50:00Z,5790.0
2019-01-02T09:55:00Z,7252.0
2019-01-02T10:00:00Z,5528.0
2019-01-02T10:05:00Z,5415.0
2019-01-02T10:10:00Z,5753.0
2019-01-02T10:15:00Z,6796.0
2019-01-02T10:20:00Z,5619.0
2019-01-02T10:25:00Z,6633.0
2019-01-02T10:30:00Z,5435.0
2019-01-02T10:35:00Z,7021.0
2019-01-02T10:40:00Z,6187.0
2019-01-02T10:45:00Z,4764.0
2019-01-02T10:50:00Z,5261.0
2019-01-02T10:55:00Z,5321.0
2019-01-02T11:00:00Z,5608.0
2019-01-02T11:05:00Z,6030.0
2019-01-02T11:10:00Z,7127.0
2019-01-02T11:15:00Z,5790.0
2019-01-02T11:20:00Z,5138.0
2019-01-02T11:25:00Z,5913.0
2019-01-02T11:30:00Z,6491.0
2019-01-02T11:35:00Z,5510.0
2019-01-02T11:40:00Z,4758.0
2019-01-02T11:45:00Z,5593.0
2019-01-02T11:50:00Z,5973.0
2019-01-02T11:55:00Z,7294.0
2019-01-02T12:00:00Z,23966.0
2019-01-02T12:05:00Z,48032.0
2019-01-02T12:10:00Z,16749.0
2019-01-02T12:15:00Z,6585.0
2019-01-02T12:20:00Z,7274.0
2019-01-02T12:25:00Z,5198.0
2019-01-02T12:30:00Z,6998.0
2019-01-02T12:35:00Z,9588.0
2019-01-02T12:40:00Z,8806.0
2019-01-02T12:45:00Z,7178.0
2019-01-02T12:50:00Z,8388.0
2019-01-02T12:55:00Z,7435.0
2019-01-02T13:00:00Z,8899.0
2019-01-02T13:05:00Z,8492.0
2019-01-02T13:10:00Z,8757.0
2019-01-02T13:15:00Z,8520.0
2019-01-02T13:20:00Z,9970.0
2019-01-02T13:25:00Z,8134.0
2019-01-02T13:30:00Z,9805.0
2019-01-02T13:35:00Z,9706.0
2019-01-02T13:40:00Z,9236.0
2019-01-02T13:45:00Z,9491.0
2019-01-02T13:50:00Z,13646.0
2019-01-02T13:55:00Z,12258.0
2019-01-02T14:00:00Z,11290.0
2019-01-02T14:05:00Z,11324.0
2019-01-02T14:10:00Z,13778.0
2019-01-02T14:15:00Z,14920.0
2019-01-02T14:20:00Z,16038.0
2019-01-02T14:25:00Z,12270.0
2019-01-02T14:30:00Z,14145.0
2019-01-02T14:35:00Z,13675.0
2019-01-02T14:40:00Z,16231.0
2019-01-02T14:45:00Z,16038.0
2019-01-02T14:50:00Z,15636.0
2019-01-02T14:55:00Z,14751.0
2019-01-02T15:00:00Z,16432.0
2019-01-02T15:05:00Z,15528.0
2019-01-02T15:10:00Z,18132.0
2019-01-02T15:15:00Z,15807.0
2019-01-02T15:20:00Z,16630.0
2019-01-02T15:25:00Z,15324.0
2019-01-02T15:30:00Z,19747.0
2019-01-02T15:35:00Z,17987.0
2019-01-02T15:40:00Z,20319.0
2019-01-02T15:45:00Z,19204.0
2019-01-02T15:50:00Z,20936.0
2019-01-02T15:55:00Z,23277.0
2019-01-02T16:00:00Z,35689.0
2019-01-02T16:05:00Z,50543.0
2019-01-02T16:10:00Z,40764.0
2019-01-02T16:15:00Z,27771.0
2019-01-02T16:20:00Z,26893.0
2019-01-02T16:25:00Z,27683.0
2019-01-02T16:30:00Z,30052.0
2019-01-02T16:35:00Z,31182.0
2019-01-02T16:40:00Z,31188.0
2019-01-02T16:45:00Z,33663.0
2019-01-02T16:50:00Z,37412.0
2019-01-02T16:55:00Z,39416.0
2019-01-02T17:00:00Z,37627.0
2019-01-02T17:05:00Z,37859.0
2019-01-02T17:10:00Z,40615.0
2019-01-02T17:15:00Z,42185.0
2019-01-02T17:20:00Z,39090.0
2019-01-02T17:25:00Z,41318.0
2019-01-02T17:30:00Z,46811.0
2019-01-02T17:35:00Z,55584.0
2019-01-02T17:40:00Z,55621.0
2019-01-02T17:45:00Z,70515.0
2019-01-02T17:50:00Z,65471.0
2019-01-02T17:55:00Z,68617.0
2019-01-02T18:00:00Z,62359.0
2019-01-02T18:05:00Z,57678.0
2019-01-02T18:10:00Z,60847.0
2019-01-02T18:15:00Z,60427.0
2019-01-02T18:20:00Z,50624.0
2019-01-02T18:25:00Z,53326.0
2019-01-02T18:30:00Z,65683.0
2019-01-02T18:35:00Z,60950.0
2019-01-02T18:40:00Z,61575.0
2019-01-02T18:45:00Z,63358.0
2019-01-02T18:50:00Z,58581.0
2019-01-02T18:55:00Z,61455.0
2019-01-02T19:00:00Z,60338.0
2019-01-02T19:05:00Z,63955.0
2019-01-02T19:10:00Z,57634.0
2019-01-02T19:15:00Z,55618.0
2019-01-02T19:20:00Z,54580.0
2019-01-02T19:25:00Z,61560.0
2019-01-02T19:30:00Z,57665.0
2019-01-02T19:35:00Z,51130.0
2019-01-02T19:40:00Z,49542.0
2019-01-02T19:45:00Z,54181.0
2019-01-02T19:50:00Z,54561.0
2019-01-02T19:55:00Z,61374.0
2019-01-02T20:00:00Z,89661.0
2019-01-02T20:05:00Z,93315.0
2019-01-02T20:10:00Z,53230.0
2019-01-02T20:15:00Z,62882.0
2019-01-02T20:20:00Z,47541.0
2019-01-02T20:25:00Z,58452.0
2019-01-02T20:30:00Z,62274.0
2019-01-02T20:35:00Z,62559.0
2019-01-02T20:40:00Z,50950.0
2019-01-02T20:45:00Z,51367.0
2019-01-02T20:50:00Z,47625.0
2019-01-02T20:55:00Z,48565.0
2019-01-02T21:00:00Z,54376.0
2019-01-02T21:05:00Z,46972.0
2019-01-02T21:10:00Z,50811.0
2019-01-02T21:15:00Z,47399.0
2019-01-02T21:20:00Z,52454.0
2019-01-02T21:25:00Z,44923.0
2019-01-02T21:30:00Z,61073.0
2019-01-02T21:35:00Z,55453.0
2019-01-02T21:40:00Z,52554.0
2019-01-02T21:45:00Z,57154.0
2019-01-02T21:50:00Z,59407.0
2019-01-02T21:55:00Z,59897.0
2019-01-02T22:00:00Z,61208.0
2019-01-02T22:05:00Z,80647.0
2019-01-02T22:10:00Z,72981.0
2019-01-02T22:15:00Z,59379.0
2019-01-02T22:20:00Z,51876.0
2019-01-02T22:25:00Z,50318.0
2019-01-02T22:30:00Z,48090.0
2019-01-02T22:35:00Z,50483.0
2019-01-02T22:40:00Z,44416.0
2019-01-02T22:45:00Z,60071.0
2019-01-02T22:50:00Z,48879.0
2019-01-02T22:55:00Z,44848.0
2019-01-02T23:00:00Z,41982.0
2019-01-02T23:05:00Z,45975.0
2019-01-02T23:10:00Z,44909.0
2019-01-02T23:15:00Z,45332.0
2019-01-02T23:20:00Z,45153.0
2019-01-02T23:25:00Z,46819.0
2019-01-02T23:30:00Z,42641.0
2019-01-02T23:35:00Z,43388.0
2019-01-02T23:40:00Z,41458.0
2019-01-02T23:45:00Z,44982.0
2019-01-02T23:50:00Z,41688.0
2019-01-02T23:55:00Z,43792.0
2019-01-03T00:00:00Z,53083.0
2019-01-03T00:05:00Z,66427.0
2019-01-03T00:10:00Z,46492.0
2019-01-03T00:15:00Z,37287.0
2019-01-03T00:20:00Z,37787.0
2019-01-03T00:25:00Z,34074.0
2019-01-03T00:30:00Z,38812.0
2019-01-03T00:35:00Z,53624.0
2019-01-03T00:40:00Z,47181.0
2019-01-03T00:45:00Z,36385.0
2019-01-03T00:50:00Z,30537.0
2019-01-03T00:55:00Z,31479.0
2019-01-03T01:00:00Z,31934.0
2019-01-03T01:05:00Z,28697.0
2019-01-03T01:10:00Z,27105.0
2019-01-03T01:15:00Z,22645.0
2019-01-03T01:20:00Z,22580.0
2019-01-03T01:25:00Z,23487.0
2019-01-03T01:30:00Z,22907.0
2019-01-03T01:35:00Z,20261.0
2019-01-03T01:40:00Z,19472.0
2019-01-03T01:45:00Z,16512.0
2019-01-03T01:50:00Z,18183.0
2019-01-03T01:55:00Z,17655.0
2019-01-03T02:00:00Z,15908.0
2019-01-03T02:05:00Z,15907.0
2019-01-03T02:10:00Z,15206.0
2019-01-03T02:15:00Z,19080.0
2019-01-03T02:20:00Z,17829.0
2019-01-03T02:25:00Z,18700.0
2019-01-03T02:30:00Z,28004.0
2019-01-03T02:35:00Z,16756.0
2019-01-03T02:40:00Z,13791.0
2019-01-03T02:45:00Z,13416.0
2019-01-03T02:50:00Z,16968.0
2019-01-03T02:55:00Z,18580.0
2019-01-03T03:00:00Z,14824.0
2019-01-03T03:05:00Z,17704.0
2019-01-03T03:10:00Z,14598.0
2019-01-03T03:15:00Z,21339.0
2019-01-03T03:20:00Z,20834.0
2019-01-03T03:25:00Z,12802.0
2019-01-03T03:30:00Z,13465.0
2019-01-03T03:35:00Z,11862.0
2019-01-03T03:40:00Z,13276.0
2019-01-03T03:45:00Z,14128.0
2019-01-03T03:50:00Z,21106.0
2019-01-03T03:55:00Z,32338.0
2019-01-03T04:00:00Z,46028.0
2019-01-03T04:05:00Z,53275.0
2019-01-03T04:10:00Z,19636.0
2019-01-03T04:15:00Z,13159.0
2019-01-03T04:20:00Z,13812.0
2019-01-03T04:25:00Z,18243.0
2019-01-03T04:30:00Z,12106.0
2019-01-03T04:35:00Z,9366.0
2019-01-03T04:40:00Z,10159.0
2019-01-03T04:45:00Z,11496.0
2019-01-03T04:50:00Z,11738.0
2019-01-03T04:55:00Z,13068.0
2019-01-03T05:00:00Z,12039.0
2019-01-03T05:05:00Z,14253.0
2019-01-03T05:10:00Z,11934.0
2019-01-03T05:15:00Z,11344.0
2019-01-03T05:20:00Z,10574.0
2019-01-03T05:25:00Z,10060.0
2019-01-03T05:30:00Z,10391.0
2019-01-03T05:35:00Z,10338.0
2019-01-03T05:40:00Z,12944.0
2019-01-03T05:45:00Z,11381.0
2019-01-03T05:50:00Z,10643.0
2019-01-03T05:55:00Z,11734.0
2019-01-03T06:00:00Z,12056.0
2019-01-03T06:05:00Z,12014.0
2019-01-03T06:10:00Z,11717.0
2019-01-03T06:15:00Z,13184.0
2019-01-03T06:20:00Z,12405.0
2019-01-03T06:25:00Z,14123.0
2019-01-03T06:30:00Z,13839.0
2019-01-03T06:35:00Z,10831.0
2019-01-03T06:40:00Z,11184.0
2019-01-03T06:45:00Z,9039.0
2019-01-03T06:50:00Z,8992.0
2019-01-03T06:55:00Z,11685.0
2019-01-03T07:00:00Z,11744.0
2019-01-03T07:05:00Z,9546.0
2019-01-03T07:10:00Z,9761.0
2019-01-03T07:15:00Z,9886.0
2019-01-03T07:20:00Z,9589.0
2019-01-03T07:25:00Z,8263.0
2019-01-03T07:30:00Z,7260.0
2019-01-03T07:35:00Z,6905.0
2019-01-03T07:40:00Z,5563.0
2019-01-03T07:45:00Z,8553.0
2019-01-03T07:50:00Z,7981.0
2019-01-03T07:55:00Z,9436.0
2019-01-03T08:00:00Z,25900.0
2019-01-03T08:05:00Z,41773.0
2019-01-03T08:10:00Z,9461.0
2019-01-03T08:15:00Z,6465.0
2019-01-03T08:20:00Z,8560.0
2019-01-03T08:25:00Z,7246.0
2019-01-03T08:30:00Z,12240.0
2019-01-03T08:35:00Z,12174.0
2019-01-03T08:40:00Z,6698.0
2019-01-03T08:45:00Z,6000.0
2019-01-03T08:50:00Z,6738.0
2019-01-03T08:55:00Z,6114.0
2019-01-03T09:00:00Z,8833.0
2019-01-03T09:05:00Z,19642.0
2019-01-03T09:10:00Z,31644.0
2019-01-03T09:15:00Z,10866.0
2019-01-03T09:20:00Z,8063.0
2019-01-03T09:25:00Z,7886.0
2019-01-03T09:30:00Z,10224.0
2019-01-03T09:35:00Z,8116.0
2019-01-03T09:40:00Z,8183.0
2019-01-03T09:45:00Z,8274.0
2019-01-03T09:50:00Z,6327.0
2019-01-03T09:55:00Z,7529.0
2019-01-03T10:00:00Z,6713.0
2019-01-03T10:05:00Z,8359.0
2019-01-03T10:10:00Z,8709.0
2019-01-03T10:15:00Z,7039.0
2019-01-03T10:20:00Z,7210.0
2019-01-03T10:25:00Z,6034.0
2019-01-03T10:30:00Z,6192.0
2019-01-03T10:35:00Z,7291.0
2019-01-03T10:40:00Z,7062.0
2019-01-03T10:45:00Z,6415.0
2019-01-03T10:50:00Z,6741.0
2019-01-03T10:55:00Z,6276.0
2019-01-03T11:00:00Z,6894.0
2019-01-03T11:05:00Z,6515.0
2019-01-03T11:10:00Z,6702.0
2019-01-03T11:15:00Z,6734.0
2019-01-03T11:20:00Z,18990.0
2019-01-03T11:25:00Z,23141.0
2019-01-03T11:30:00Z,8384.0
2019-01-03T11:35:00Z,7875.0
2019-01-03T11:40:00Z,8157.0
2019-01-03T11:45:00Z,8838.0
2019-01-03T11:50:00Z,12646.0
2019-01-03T11:55:00Z,7787.0
2019-01-03T12:00:00Z,21699.0
2019-01-03T12:05:00Z,41301.0
2019-01-03T12:10:00Z,27255.0
2019-01-03T12:15:00Z,7101.0
2019-01-03T12:20:00Z,6863.0
2019-01-03T12:25:00Z,8188.0
2019-01-03T12:30:00Z,9030.0
2019-01-03T12:35:00Z,7861.0
2019-01-03T12:40:00Z,8239.0
2019-01-03T12:45:00Z,6975.0
2019-01-03T12:50:00Z,8427.0
2019-01-03T12:55:00Z,10786.0
2019-01-03T13:00:00Z,8438.0
2019-01-03T13:05:00Z,9795.0
2019-01-03T13:10:00Z,9006.0
2019-01-03T13:15:00Z,9518.0
2019-01-03T13:20:00Z,9126.0
2019-01-03T13:25:00Z,12308.0
2019-01-03T13:30:00Z,11662.0
2019-01-03T13:35:00Z,10966.0
2019-01-03T13:40:00Z,10553.0
2019-01-03T13:45:00Z,10085.0
2019-01-03T13:50:00Z,11786.0
2019-01-03T13:55:00Z,11013.0
2019-01-03T14:00:00Z,12077.0
2019-01-03T14:05:00Z,11576.0
2019-01-03T14:10:00Z,13939.0
2019-01-03T14:15:00Z,15100.0
2019-01-03T14:20:00Z,14946.0
2019-01-03T14:25:00Z,15751.0
2019-01-03T14:30:00Z,13441.0
2019-01-03T14:35:00Z,15449.0
2019-01-03T14:40:00Z,15710.0
2019-01-03T14:45:00Z,15271.0
2019-01-03T14:50:00Z,18729.0
2019-01-03T14:55:00Z,19772.0
2019-01-03T15:00:00Z,18022.0
2019-01-03T15:05:00Z,23686.0
2019-01-03T15:10:00Z,20415.0
2019-01-03T15:15:00Z,19328.0
2019-01-03T15:20:00Z,21533.0
2019-01-03T15:25:00Z,22420.0
2019-01-03T15:30:00Z,39367.0
2019-01-03T15:35:00Z,35329.0
2019-01-03T15:40:00Z,26027.0
2019-01-03T15:45:00Z,23108.0
2019-01-03T15:50:00Z,29670.0
2019-01-03T15:55:00Z,30869.0
2019-01-03T16:00:00Z,35169.0
2019-01-03T16:05:00Z,45538.0
2019-01-03T16:10:00Z,34244.0
2019-01-03T16:15:00Z,28540.0
2019-01-03T16:20:00Z,30927.0
2019-01-03T16:25:00Z,31159.0
2019-01-03T16:30:00Z,34300.0
2019-01-03T16:35:00Z,34895.0
2019-01-03T16:40:00Z,34879.0
2019-01-03T16:45:00Z,35017.0
2019-01-03T16:50:00Z,32729.0
2019-01-03T16:55:00Z,42272.0
2019-01-03T17:00:00Z,40216.0
2019-01-03T17:05:00Z,35767.0
2019-01-03T17:10:00Z,34360.0
2019-01-03T17:15:00Z,39449.0
2019-01-03T17:20:00Z,42271.0
2019-01-03T17:25:00Z,40833.0
2019-01-03T17:30:00Z,46918.0
2019-01-03T17:35:00Z,43963.0
2019-01-03T17:40:00Z,44701.0
2019-01-03T17:45:00Z,48513.0
2019-01-03T17:50:00Z,49578.0
2019-01-03T17:55:00Z,50617.0
2019-01-03T18:00:00Z,45738.0
2019-01-03T18:05:00Z,48119.0
2019-01-03T18:10:00Z,50689.0
2019-01-03T18:15:00Z,43768.0
2019-01-03T18:20:00Z,46000.0
2019-01-03T18:25:00Z,48262.0
2019-01-03T18:30:00Z,54074.0
2019-01-03T18:35:00Z,53460.0
2019-01-03T18:40:00Z,55107.0
2019-01-03T18:45:00Z,51081.0
2019-01-03T18:50:00Z,55351.0
2019-01-03T18:55:00Z,56560.0
2019-01-03T19:00:00Z,55132.0
2019-01-03T19:05:00Z,55858.0
2019-01-03T19:10:00Z,51485.0
2019-01-03T19:15:00Z,50936.0
2019-01-03T19:20:00Z,51386.0
2019-01-03T19:25:00Z,49461.0
2019-01-03T19:30:00Z,50863.0
2019-01-03T19:35:00Z,51356.0
2019-01-03T19:40:00Z,53035.0
2019-01-03T19:45:00Z,55470.0
2019-01-03T19:50:00Z,49507.0
2019-01-03T19:55:00Z,53352.0
2019-01-03T20:00:00Z,49135.0
2019-01-03T20:05:00Z,49291.0
2019-01-03T20:10:00Z,45527.0
2019-01-03T20:15:00Z,46723.0
2019-01-03T20:20:00Z,45880.0
2019-01-03T20:25:00Z,39282.0
2019-01-03T20:30:00Z,45456.0
2019-01-03T20:35:00Z,49420.0
2019-01-03T20:40:00Z,50166.0
2019-01-03T20:45:00Z,51537.0
2019-01-03T20:50:00Z,47976.0
2019-01-03T20:55:00Z,48573.0
2019-01-03T21:00:00Z,48434.0
2019-01-03T21:05:00Z,51118.0
2019-01-03T21:10:00Z,49201.0
2019-01-03T21:15:00Z,44789.0
2019-01-03T21:20:00Z,46230.0
2019-01-03T21:25:00Z,48759.0
2019-01-03T21:30:00Z,47631.0
2019-01-03T21:35:00Z,48344.0
2019-01-03T21:40:00Z,51392.0
2019-01-03T21:45:00Z,51792.0
2019-01-03T21:50:00Z,51540.0
2019-01-03T21:55:00Z,52466.0
2019-01-03T22:00:00Z,61775.0
2019-01-03T22:05:00Z,62818.0
2019-01-03T22:10:00Z,55351.0
2019-01-03T22:15:00Z,53504.0
2019-01-03T22:20:00Z,49930.0
2019-01-03T22:25:00Z,47903.0
2019-01-03T22:30:00Z,52202.0
2019-01-03T22:35:00Z,49396.0
2019-01-03T22:40:00Z,48264.0
2019-01-03T22:45:00Z,51640.0
2019-01-03T22:50:00Z,52915.0
2019-01-03T22:55:00Z,48953.0
2019-01-03T23:00:00Z,50722.0
2019-01-03T23:05:00Z,49250.0
2019-01-03T23:10:00Z,49831.0
2019-01-03T23:15:00Z,47227.0
2019-01-03T23:20:00Z,45267.0
2019-01-03T23:25:00Z,48785.0
2019-01-03T23:30:00Z,46250.0
2019-01-03T23:35:00Z,43449.0
2019-01-03T23:40:00Z,44880.0
2019-01-03T23:45:00Z,48093.0
2019-01-03T23:50:00Z,43415.0
2019-01-03T23:55:00Z,39195.0
2019-01-04T00:00:00Z,43133.0
2019-01-04T00:05:00Z,41695.0
2019-01-04T00:10:00Z,42017.0
2019-01-04T00:15:00Z,43504.0
2019-01-04T00:20:00Z,43342.0
2019-01-04T00:25:00Z,40238.0
2019-01-04T00:30:00Z,44899.0
2019-01-04T00:35:00Z,41167.0
2019-01-04T00:40:00Z,32505.0
2019-01-04T00:45:00Z,33110.0
2019-01-04T00:50:00Z,32651.0
2019-01-04T00:55:00Z,31911.0
2019-01-04T01:00:00Z,34474.0
2019-01-04T01:05:00Z,29508.0
2019-01-04T01:10:00Z,30349.0
2019-01-04T01:15:00Z,27814.0
2019-01-04T01:20:00Z,24704.0
2019-01-04T01:25:00Z,23354.0
2019-01-04T01:30:00Z,25630.0
2019-01-04T01:35:00Z,22706.0
2019-01-04T01:40:00Z,22469.0
2019-01-04T01:45:00Z,19551.0
2019-01-04T01:50:00Z,18986.0
2019-01-04T01:55:00Z,18906.0
2019-01-04T02:00:00Z,18551.0
2019-01-04T02:05:00Z,18479.0
2019-01-04T02:10:00Z,19744.0
2019-01-04T02:15:00Z,17946.0
2019-01-04T02:20:00Z,16635.0
2019-01-04T02:25:00Z,15082.0
2019-01-04T02:30:00Z,16089.0
2019-01-04T02:35:00Z,14791.0
2019-01-04T02:40:00Z,17205.0
2019-01-04T02:45:00Z,16824.0
2019-01-04T02:50:00Z,13744.0
2019-01-04T02:55:00Z,12903.0
2019-01-04T03:00:00Z,12596.0
2019-01-04T03:05:00Z,14435.0
2019-01-04T03:10:00Z,13127.0
2019-01-04T03:15:00Z,13258.0
2019-01-04T03:20:00Z,12545.0
2019-01-04T03:25:00Z,12015.0
2019-01-04T03:30:00Z,12634.0
2019-01-04T03:35:00Z,11820.0
2019-01-04T03:40:00Z,11597.0
2019-01-04T03:45:00Z,12208.0
2019-01-04T03:50:00Z,11355.0
2019-01-04T03:55:00Z,12550.0
2019-01-04T04:00:00Z,12785.0
2019-01-04T04:05:00Z,13730.0
2019-01-04T04:10:00Z,12975.0
2019-01-04T04:15:00Z,12462.0
2019-01-04T04:20:00Z,18462.0
2019-01-04T04:25:00Z,17352.0
2019-01-04T04:30:00Z,13292.0
2019-01-04T04:35:00Z,18249.0
2019-01-04T04:40:00Z,14912.0
2019-01-04T04:45:00Z,12158.0
2019-01-04T04:50:00Z,15137.0
2019-01-04T04:55:00Z,18988.0
2019-01-04T05:00:00Z,16801.0
2019-01-04T05:05:00Z,12346.0
2019-01-04T05:10:00Z,17999.0
2019-01-04T05:15:00Z,18326.0
2019-01-04T05:20:00Z,12365.0
2019-01-04T05:25:00Z,11632.0
2019-01-04T05:30:00Z,13217.0
2019-01-04T05:35:00Z,13222.0
2019-01-04T05:40:00Z,11899.0
2019-01-04T05:45:00Z,10713.0
2019-01-04T05:50:00Z,14008.0
2019-01-04T05:55:00Z,13325.0
2019-01-04T06:00:00Z,11431.0
2019-01-04T06:05:00Z,11724.0
2019-01-04T06:10:00Z,12231.0
2019-01-04T06:15:00Z,11157.0
2019-01-04T06:20:00Z,11588.0
2019-01-04T06:25:00Z,9678.0
2019-01-04T06:30:00Z,10113.0
2019-01-04T06:35:00Z,11544.0
2019-01-04T06:40:00Z,10604.0
2019-01-04T06:45:00Z,10292.0
2019-01-04T06:50:00Z,10692.0
2019-01-04T06:55:00Z,9884.0
2019-01-04T07:00:00Z,10741.0
2019-01-04T07:05:00Z,10118.0
2019-01-04T07:10:00Z,7100.0
2019-01-04T07:15:00Z,8415.0
2019-01-04T07:20:00Z,8390.0
2019-01-04T07:25:00Z,7704.0
2019-01-04T07:30:00Z,7453.0
2019-01-04T07:35:00Z,7920.0
2019-01-04T07:40:00Z,7113.0
2019-01-04T07:45:00Z,7166.0
2019-01-04T07:50:00Z,8067.0
2019-01-04T07:55:00Z,5727.0
2019-01-04T08:00:00Z,16755.0
2019-01-04T08:05:00Z,60649.0
2019-01-04T08:10:00Z,77842.0
2019-01-04T08:15:00Z,41908.0
2019-01-04T08:20:00Z,15697.0
2019-01-04T08:25:00Z,12778.0
2019-01-04T08:30:00Z,15922.0
2019-01-04T08:35:00Z,18268.0
2019-01-04T08:40:00Z,10068.0
2019-01-04T08:45:00Z,10724.0
2019-01-04T08:50:00Z,6695.0
2019-01-04T08:55:00Z,6496.0
2019-01-04T09:00:00Z,6836.0
2019-01-04T09:05:00Z,6146.0
2019-01-04T09:10:00Z,7890.0
2019-01-04T09:15:00Z,6258.0
2019-01-04T09:20:00Z,6798.0
2019-01-04T09:25:00Z,7398.0
2019-01-04T09:30:00Z,6463.0
2019-01-04T09:35:00Z,5456.0
2019-01-04T09:40:00Z,6271.0
2019-01-04T09:45:00Z,6924.0
2019-01-04T09:50:00Z,6143.0
2019-01-04T09:55:00Z,5315.0
2019-01-04T10:00:00Z,6490.0
2019-01-04T10:05:00Z,6844.0
2019-01-04T10:10:00Z,7551.0
2019-01-04T10:15:00Z,6439.0
2019-01-04T10:20:00Z,6584.0
2019-01-04T10:25:00Z,6211.0
2019-01-04T10:30:00Z,7064.0
2019-01-04T10:35:00Z,6935.0
2019-01-04T10:40:00Z,7050.0
2019-01-04T10:45:00Z,6530.0
2019-01-04T10:50:00Z,6246.0
2019-01-04T10:55:00Z,5136.0
2019-01-04T11:00:00Z,6028.0
2019-01-04T11:05:00Z,6523.0
2019-01-04T11:10:00Z,6534.0
2019-01-04T11:15:00Z,5135.0
2019-01-04T11:20:00Z,5583.0
2019-01-04T11:25:00Z,6134.0
2019-01-04T11:30:00Z,7407.0
2019-01-04T11:35:00Z,6415.0
2019-01-04T11:40:00Z,6577.0
2019-01-04T11:45:00Z,6815.0
2019-01-04T11:50:00Z,5156.0
2019-01-04T11:55:00Z,6855.0
2019-01-04T12:00:00Z,37908.0
2019-01-04T12:05:00Z,46883.0
2019-01-04T12:10:00Z,9502.0
2019-01-04T12:15:00Z,6428.0
2019-01-04T12:20:00Z,7814.0
2019-01-04T12:25:00Z,7134.0
2019-01-04T12:30:00Z,7320.0
2019-01-04T12:35:00Z,6826.0
2019-01-04T12:40:00Z,8408.0
2019-01-04T12:45:00Z,7547.0
2019-01-04T12:50:00Z,6842.0
2019-01-04T12:55:00Z,7073.0
2019-01-04T13:00:00Z,7970.0
2019-01-04T13:05:00Z,10370.0
2019-01-04T13:10:00Z,10858.0
2019-01-04T13:15:00Z,8527.0
2019-01-04T13:20:00Z,7953.0
2019-01-04T13:25:00Z,7417.0
2019-01-04T13:30:00Z,10300.0
2019-01-04T13:35:00Z,9209.0
2019-01-04T13:40:00Z,8901.0
2019-01-04T13:45:00Z,9407.0
2019-01-04T13:50:00Z,10846.0
2019-01-04T13:55:00Z,10093.0
2019-01-04T14:00:00Z,13176.0
2019-01-04T14:05:00Z,10690.0
2019-01-04T14:10:00Z,12800.0
2019-01-04T14:15:00Z,12942.0
2019-01-04T14:20:00Z,13151.0
2019-01-04T14:25:00Z,14132.0
2019-01-04T14:30:00Z,15374.0
2019-01-04T14:35:00Z,15102.0
2019-01-04T14:40:00Z,16313.0
2019-01-04T14:45:00Z,16677.0
2019-01-04T14:50:00Z,17170.0
2019-01-04T14:55:00Z,18510.0
2019-01-04T15:00:00Z,18121.0
2019-01-04T15:05:00Z,16876.0
2019-01-04T15:10:00Z,17172.0
2019-01-04T15:15:00Z,15883.0
2019-01-04T15:20:00Z,17983.0
2019-01-04T15:25:00Z,18791.0
2019-01-04T15:30:00Z,20669.0
2019-01-04T15:35:00Z,19722.0
2019-01-04T15:40:00Z,19611.0
2019-01-04T15:45:00Z,20286.0
2019-01-04T15:50:00Z,22168.0
2019-01-04T15:55:00Z,26441.0
2019-01-04T16:00:00Z,42159.0
2019-01-04T16:05:00Z,52375.0
2019-01-04T16:10:00Z,29405.0
2019-01-04T16:15:00Z,30681.0
2019-01-04T16:20:00Z,27735.0
2019-01-04T16:25:00Z,28997.0
2019-01-04T16:30:00Z,29410.0
2019-01-04T16:35:00Z,30366.0
2019-01-04T16:40:00Z,31550.0
2019-01-04T16:45:00Z,31822.0
2019-01-04T16:50:00Z,30060.0
2019-01-04T16:55:00Z,37146.0
2019-01-04T17:00:00Z,37924.0
2019-01-04T17:05:00Z,36599.0
2019-01-04T17:10:00Z,38667.0
2019-01-04T17:15:00Z,39688.0
2019-01-04T17:20:00Z,42136.0
2019-01-04T17:25:00Z,43091.0
2019-01-04T17:30:00Z,44497.0
2019-01-04T17:35:00Z,47264.0
2019-01-04T17:40:00Z,44518.0
2019-01-04T17:45:00Z,47519.0
2019-01-04T17:50:00Z,47724.0
2019-01-04T17:55:00Z,46304.0
2019-01-04T18:00:00Z,52024.0
2019-01-04T18:05:00Z,46589.0
2019-01-04T18:10:00Z,49571.0
2019-01-04T18:15:00Z,50324.0
2019-01-04T18:20:00Z,47858.0
2019-01-04T18:25:00Z,48848.0
2019-01-04T18:30:00Z,51391.0
2019-01-04T18:35:00Z,50873.0
2019-01-04T18:40:00Z,52885.0
2019-01-04T18:45:00Z,52702.0
2019-01-04T18:50:00Z,54022.0
2019-01-04T18:55:00Z,55276.0
2019-01-04T19:00:00Z,52775.0
2019-01-04T19:05:00Z,52022.0
2019-01-04T19:10:00Z,50312.0
2019-01-04T19:15:00Z,50192.0
2019-01-04T19:20:00Z,47847.0
2019-01-04T19:25:00Z,48665.0
2019-01-04T19:30:00Z,52633.0
2019-01-04T19:35:00Z,50194.0
2019-01-04T19:40:00Z,52756.0
2019-01-04T19:45:00Z,48866.0
2019-01-04T19:50:00Z,50746.0
2019-01-04T19:55:00Z,51340.0
2019-01-04T20:00:00Z,60490.0
2019-01-04T20:05:00Z,73498.0
2019-01-04T20:10:00Z,61560.0
2019-01-04T20:15:00Z,50599.0
2019-01-04T20:20:00Z,41843.0
2019-01-04T20:25:00Z,41801.0
2019-01-04T20:30:00Z,43770.0
2019-01-04T20:35:00Z,41177.0
2019-01-04T20:40:00Z,41311.0
2019-01-04T20:45:00Z,45444.0
2019-01-04T20:50:00Z,44499.0
2019-01-04T20:55:00Z,45003.0
2019-01-04T21:00:00Z,46183.0
2019-01-04T21:05:00Z,46414.0
2019-01-04T21:10:00Z,45724.0
2019-01-04T21:15:00Z,42429.0
2019-01-04T21:20:00Z,43046.0
2019-01-04T21:25:00Z,47482.0
2019-01-04T21:30:00Z,49911.0
2019-01-04T21:35:00Z,47843.0
2019-01-04T21:40:00Z,47666.0
2019-01-04T21:45:00Z,50441.0
2019-01-04T21:50:00Z,48357.0
2019-01-04T21:55:00Z,45146.0
2019-01-04T22:00:00Z,48825.0
2019-01-04T22:05:00Z,60979.0
2019-01-04T22:10:00Z,53592.0
2019-01-04T22:15:00Z,51650.0
2019-01-04T22:20:00Z,48896.0
2019-01-04T22:25:00Z,48140.0
2019-01-04T22:30:00Z,45378.0
2019-01-04T22:35:00Z,44065.0
2019-01-04T22:40:00Z,46227.0
2019-01-04T22:45:00Z,45281.0
2019-01-04T22:50:00Z,43567.0
2019-01-04T22:55:00Z,42785.0
2019-01-04T23:00:00Z,45579.0
2019-01-04T23:05:00Z,39247.0
2019-01-04T23:10:00Z,41973.0
2019-01-04T23:15:00Z,42955.0
2019-01-04T23:20:00Z,40969.0
2019-01-04T23:25:00Z,40390.0
2019-01-04T23:30:00Z,43099.0
2019-01-04T23:35:00Z,39169.0
2019-01-04T23:40:00Z,39015.0
2019-01-04T23:45:00Z,38824.0
2019-01-04T23:50:00Z,36425.0
2019-01-04T23:55:00Z,39064.0
2019-01-05T00:00:00Z,56989.0
2019-01-05T00:05:00Z,65923.0
2019-01-05T00:10:00Z,43473.0
2019-01-05T00:15:00Z,36719.0
2019-01-05T00:20:00Z,35516.0
2019-01-05T00:25:00Z,34299.0
2019-01-05T00:30:00Z,32540.0
2019-01-05T00:35:00Z,31576.0
2019-01-05T00:40:00Z,29865.0
2019-01-05T00:45:00Z,28091.0
2019-01-05T00:50:00Z,26420.0
2019-01-05T00:55:00Z,25112.0
2019-01-05T01:00:00Z,25538.0
2019-01-05T01:05:00Z,25114.0
2019-01-05T01:10:00Z,23344.0
2019-01-05T01:15:00Z,21133.0
2019-01-05T01:20:00Z,19715.0
2019-01-05T01:25:00Z,19018.0
2019-01-05T01:30:00Z,16910.0
2019-01-05T01:35:00Z,16431.0
2019-01-05T01:40:00Z,16762.0
2019-01-05T01:45:00Z,19306.0
2019-01-05T01:50:00Z,14077.0
2019-01-05T01:55:00Z,13764.0
2019-01-05T02:00:00Z,14816.0
2019-01-05T02:05:00Z,12467.0
2019-01-05T02:10:00Z,12590.0
2019-01-05T02:15:00Z,14401.0
2019-01-05T02:20:00Z,11685.0
2019-01-05T02:25:00Z,10751.0
2019-01-05T02:30:00Z,10942.0
2019-01-05T02:35:00Z,10152.0
2019-01-05T02:40:00Z,9070.0
2019-01-05T02:45:00Z,8947.0
2019-01-05T02:50:00Z,9577.0
2019-01-05T02:55:00Z,9746.0
2019-01-05T03:00:00Z,12256.0
2019-01-05T03:05:00Z,8007.0
2019-01-05T03:10:00Z,7246.0
2019-01-05T03:15:00Z,7499.0
2019-01-05T03:20:00Z,7091.0
2019-01-05T03:25:00Z,6044.0
2019-01-05T03:30:00Z,5609.0
2019-01-05T03:35:00Z,5468.0
2019-01-05T03:40:00Z,6666.0
2019-01-05T03:45:00Z,6789.0
2019-01-05T03:50:00Z,6360.0
2019-01-05T03:55:00Z,6243.0
2019-01-05T04:00:00Z,26355.0
2019-01-05T04:05:00Z,50601.0
2019-01-05T04:10:00Z,11741.0
2019-01-05T04:15:00Z,6325.0
2019-01-05T04:20:00Z,7812.0
2019-01-05T04:25:00Z,7511.0
2019-01-05T04:30:00Z,8268.0
2019-01-05T04:35:00Z,5790.0
2019-01-05T04:40:00Z,5292.0
2019-01-05T04:45:00Z,4807.0
2019-01-05T04:50:00Z,4642.0
2019-01-05T04:55:00Z,5706.0
2019-01-05T05:00:00Z,5001.0
2019-01-05T05:05:00Z,5131.0
2019-01-05T05:10:00Z,6720.0
2019-01-05T05:15:00Z,5135.0
2019-01-05T05:20:00Z,4199.0
2019-01-05T05:25:00Z,4654.0
2019-01-05T05:30:00Z,5619.0
2019-01-05T05:35:00Z,4834.0
2019-01-05T05:40:00Z,4335.0
2019-01-05T05:45:00Z,5042.0
2019-01-05T05:50:00Z,3932.0
2019-01-05T05:55:00Z,2882.0
2019-01-05T06:00:00Z,5364.0
2019-01-05T06:05:00Z,5340.0
2019-01-05T06:10:00Z,4627.0
2019-01-05T06:15:00Z,3937.0
2019-01-05T06:20:00Z,3470.0
2019-01-05T06:25:00Z,3615.0
2019-01-05T06:30:00Z,3886.0
2019-01-05T06:35:00Z,3037.0
2019-01-05T06:40:00Z,4737.0
2019-01-05T06:45:00Z,4414.0
2019-01-05T06:50:00Z,3775.0
2019-01-05T06:55:00Z,4581.0
2019-01-05T07:00:00Z,4066.0
2019-01-05T07:05:00Z,3406.0
2019-01-05T07:10:00Z,3560.0
2019-01-05T07:15:00Z,3525.0
2019-01-05T07:20:00Z,4575.0
2019-01-05T07:25:00Z,2342.0
2019-01-05T07:30:00Z,3033.0
2019-01-05T07:35:00Z,2832.0
2019-01-05T07:40:00Z,4095.0
2019-01-05T07:45:00Z,4701.0
2019-01-05T07:50:00Z,3195.0
2019-01-05T07:55:00Z,2286.0
2019-01-05T08:00:00Z,18826.0
2019-01-05T08:05:00Z,33805.0
2019-01-05T08:10:00Z,13282.0
2019-01-05T08:15:00Z,4271.0
2019-01-05T08:20:00Z,5791.0
2019-01-05T08:25:00Z,3572.0
2019-01-05T08:30:00Z,4110.0
2019-01-05T08:35:00Z,3599.0
2019-01-05T08:40:00Z,3986.0
2019-01-05T08:45:00Z,2303.0
2019-01-05T08:50:00Z,2293.0
2019-01-05T08:55:00Z,3126.0
2019-01-05T09:00:00Z,3261.0
2019-01-05T09:05:00Z,2885.0
2019-01-05T09:10:00Z,2280.0
2019-01-05T09:15:00Z,2973.0
2019-01-05T09:20:00Z,2980.0
2019-01-05T09:25:00Z,1805.0
2019-01-05T09:30:00Z,2089.0
2019-01-05T09:35:00Z,2416.0
2019-01-05T09:40:00Z,2183.0
2019-01-05T09:45:00Z,1688.0
2019-01-05T09:50:00Z,2062.0
2019-01-05T09:55:00Z,1563.0
2019-01-05T10:00:00Z,2960.0
2019-01-05T10:05:00Z,2103.0
2019-01-05T10:10:00Z,2013.0
2019-01-05T10:15:00Z,1815.0
2019-01-05T10:20:00Z,2645.0
2019-01-05T10:25:00Z,2225.0
2019-01-05T10:30:00Z,2135.0
2019-01-05T10:35:00Z,1907.0
2019-01-05T10:40:00Z,2146.0
2019-01-05T10:45:00Z,1763.0
2019-01-05T10:50:00Z,1568.0
2019-01-05T10:55:00Z,1367.0
2019-01-05T11:00:00Z,1388.0
2019-01-05T11:05:00Z,2063.0
2019-01-05T11:10:00Z,1465.0
2019-01-05T11:15:00Z,1747.0
2019-01-05T11:20:00Z,2060.0
2019-01-05T11:25:00Z,1801.0
2019-01-05T11:30:00Z,1832.0
2019-01-05T11:35:00Z,1763.0
2019-01-05T11:40:00Z,2083.0
2019-01-05T11:45:00Z,1637.0
2019-01-05T11:50:00Z,1026.0
2019-01-05T11:55:00Z,1286.0
2019-01-05T12:00:00Z,17799.0
2019-01-05T12:05:00Z,42426.0
2019-01-05T12:10:00Z,16396.0
2019-01-05T12:15:00Z,2490.0
2019-01-05T12:20:00Z,2083.0
2019-01-05T12:25:00Z,4260.0
2019-01-05T12:30:00Z,3230.0
2019-01-05T12:35:00Z,2675.0
2019-01-05T12:40:00Z,2808.0
2019-01-05T12:45:00Z,2082.0
2019-01-05T12:50:00Z,2500.0
2019-01-05T12:55:00Z,2822.0
2019-01-05T13:00:00Z,2494.0
2019-01-05T13:05:00Z,2492.0
2019-01-05T13:10:00Z,2758.0
2019-01-05T13:15:00Z,3266.0
2019-01-05T13:20:00Z,2849.0
2019-01-05T13:25:00Z,2201.0
2019-01-05T13:30:00Z,2782.0
2019-01-05T13:35:00Z,2609.0
2019-01-05T13:40:00Z,2740.0
2019-01-05T13:45:00Z,2549.0
2019-01-05T13:50:00Z,1949.0
2019-01-05T13:55:00Z,1819.0
2019-01-05T14:00:00Z,2814.0
2019-01-05T14:05:00Z,3494.0
2019-01-05T14:10:00Z,3766.0
2019-01-05T14:15:00Z,2730.0
2019-01-05T14:20:00Z,4272.0
2019-01-05T14:25:00Z,3721.0
2019-01-05T14:30:00Z,2732.0
2019-01-05T14:35:00Z,2843.0
2019-01-05T14:40:00Z,2954.0
2019-01-05T14:45:00Z,2184.0
2019-01-05T14:50:00Z,1997.0
2019-01-05T14:55:00Z,2589.0
2019-01-05T15:00:00Z,3030.0
2019-01-05T15:05:00Z,2173.0
2019-01-05T15:10:00Z,4191.0
2019-01-05T15:15:00Z,3193.0
2019-01-05T15:20:00Z,2962.0
2019-01-05T15:25:00Z,2350.0
2019-01-05T15:30:00Z,3306.0
2019-01-05T15:35:00Z,3276.0
2019-01-05T15:40:00Z,3103.0
2019-01-05T15:45:00Z,3495.0
2019-01-05T15:50:00Z,2458.0
2019-01-05T15:55:00Z,2837.0
2019-01-05T16:00:00Z,18343.0
2019-01-05T16:05:00Z,30881.0
2019-01-05T16:10:00Z,14188.0
2019-01-05T16:15:00Z,4549.0
2019-01-05T16:20:00Z,3886.0
2019-01-05T16:25:00Z,5615.0
2019-01-05T16:30:00Z,5189.0
2019-01-05T16:35:00Z,3953.0
2019-01-05T16:40:00Z,4275.0
2019-01-05T16:45:00Z,4197.0
2019-01-05T16:50:00Z,4691.0
2019-01-05T16:55:00Z,2840.0
2019-01-05T17:00:00Z,4392.0
2019-01-05T17:05:00Z,4250.0
2019-01-05T17:10:00Z,3579.0
2019-01-05T17:15:00Z,5016.0
2019-01-05T17:20:00Z,4576.0
2019-01-05T17:25:00Z,4430.0
2019-01-05T17:30:00Z,3800.0
2019-01-05T17:35:00Z,3552.0
2019-01-05T17:40:00Z,3833.0
2019-01-05T17:45:00Z,4002.0
2019-01-05T17:50:00Z,3945.0
2019-01-05T17:55:00Z,3035.0
2019-01-05T18:00:00Z,4058.0
2019-01-05T18:05:00Z,5273.0
2019-01-05T18:10:00Z,4897.0
2019-01-05T18:15:00Z,4392.0
2019-01-05T18:20:00Z,4946.0
2019-01-05T18:25:00Z,4084.0
2019-01-05T18:30:00Z,5204.0
2019-01-05T18:35:00Z,5555.0
2019-01-05T18:40:00Z,6750.0
2019-01-05T18:45:00Z,5682.0
2019-01-05T18:50:00Z,5054.0
2019-01-05T18:55:00Z,3506.0
2019-01-05T19:00:00Z,4761.0
2019-01-05T19:05:00Z,5221.0
2019-01-05T19:10:00Z,5190.0
2019-01-05T19:15:00Z,5910.0
2019-01-05T19:20:00Z,4985.0
2019-01-05T19:25:00Z,3999.0
2019-01-05T19:30:00Z,4150.0
2019-01-05T19:35:00Z,5333.0
2019-01-05T19:40:00Z,5189.0
2019-01-05T19:45:00Z,4354.0
2019-01-05T19:50:00Z,4402.0
2019-01-05T19:55:00Z,5886.0
2019-01-05T20:00:00Z,25631.0
2019-01-05T20:05:00Z,40619.0
2019-01-05T20:10:00Z,34019.0
2019-01-05T20:15:00Z,8775.0
2019-01-05T20:20:00Z,8734.0
2019-01-05T20:25:00Z,8152.0
2019-01-05T20:30:00Z,8201.0
2019-01-05T20:35:00Z,5817.0
2019-01-05T20:40:00Z,4577.0
2019-01-05T20:45:00Z,5187.0
2019-01-05T20:50:00Z,5115.0
2019-01-05T20:55:00Z,4069.0
2019-01-05T21:00:00Z,3832.0
2019-01-05T21:05:00Z,5183.0
2019-01-05T21:10:00Z,5222.0
2019-01-05T21:15:00Z,5349.0
2019-01-05T21:20:00Z,7060.0
2019-01-05T21:25:00Z,3756.0
2019-01-05T21:30:00Z,6195.0
2019-01-05T21:35:00Z,5917.0
2019-01-05T21:40:00Z,4279.0
2019-01-05T21:45:00Z,4658.0
2019-01-05T21:50:00Z,5251.0
2019-01-05T21:55:00Z,3383.0
2019-01-05T22:00:00Z,7086.0
2019-01-05T22:05:00Z,12571.0
2019-01-05T22:10:00Z,7524.0
2019-01-05T22:15:00Z,7054.0
2019-01-05T22:20:00Z,4376.0
2019-01-05T22:25:00Z,6060.0
2019-01-05T22:30:00Z,5028.0
2019-01-05T22:35:00Z,6006.0
2019-01-05T22:40:00Z,4724.0
2019-01-05T22:45:00Z,4674.0
2019-01-05T22:50:00Z,6662.0
2019-01-05T22:55:00Z,6206.0
2019-01-05T23:00:00Z,5017.0
2019-01-05T23:05:00Z,4724.0
2019-01-05T23:10:00Z,5069.0
2019-01-05T23:15:00Z,5253.0
2019-01-05T23:20:00Z,4957.0
2019-01-05T23:25:00Z,4622.0
2019-01-05T23:30:00Z,4530.0
2019-01-05T23:35:00Z,4386.0
2019-01-05T23:40:00Z,4992.0
2019-01-05T23:45:00Z,4770.0
2019-01-05T23:50:00Z,4042.0
2019-01-05T23:55:00Z,4892.0
2019-01-06T00:00:00Z,12277.0
2019-01-06T00:05:00Z,38400.0
2019-01-06T00:10:00Z,25438.0
2019-01-06T00:15:00Z,7860.0
2019-01-06T00:20:00Z,5337.0
2019-01-06T00:25:00Z,5589.0
2019-01-06T00:30:00Z,6674.0
2019-01-06T00:35:00Z,4670.0
2019-01-06T00:40:00Z,4244.0
2019-01-06T00:45:00Z,5638.0
2019-01-06T00:50:00Z,4740.0
2019-01-06T00:55:00Z,3897.0
2019-01-06T01:00:00Z,3941.0
2019-01-06T01:05:00Z,4154.0
2019-01-06T01:10:00Z,4726.0
2019-01-06T01:15:00Z,4056.0
2019-01-06T01:20:00Z,3409.0
2019-01-06T01:25:00Z,3788.0
2019-01-06T01:30:00Z,4512.0
2019-01-06T01:35:00Z,3629.0
2019-01-06T01:40:00Z,3394.0
2019-01-06T01:45:00Z,3316.0
2019-01-06T01:50:00Z,4407.0
2019-01-06T01:55:00Z,3447.0
2019-01-06T02:00:00Z,4428.0
2019-01-06T02:05:00Z,5905.0
2019-01-06T02:10:00Z,3586.0
2019-01-06T02:15:00Z,3346.0
2019-01-06T02:20:00Z,4278.0
2019-01-06T02:25:00Z,3339.0
2019-01-06T02:30:00Z,2865.0
2019-01-06T02:35:00Z,3166.0
2019-01-06T02:40:00Z,3011.0
2019-01-06T02:45:00Z,2838.0
2019-01-06T02:50:00Z,4375.0
2019-01-06T02:55:00Z,2968.0
2019-01-06T03:00:00Z,3233.0
2019-01-06T03:05:00Z,3312.0
2019-01-06T03:10:00Z,3549.0
2019-01-06T03:15:00Z,3520.0
2019-01-06T03:20:00Z,2771.0
2019-01-06T03:25:00Z,3596.0
2019-01-06T03:30:00Z,2375.0
2019-01-06T03:35:00Z,2846.0
2019-01-06T03:40:00Z,3575.0
2019-01-06T03:45:00Z,2508.0
2019-01-06T03:50:00Z,2311.0
2019-01-06T03:55:00Z,4218.0
2019-01-06T04:00:00Z,21790.0
2019-01-06T04:05:00Z,47169.0
2019-01-06T04:10:00Z,13100.0
2019-01-06T04:15:00Z,3743.0
2019-01-06T04:20:00Z,5602.0
2019-01-06T04:25:00Z,5142.0
2019-01-06T04:30:00Z,4231.0
2019-01-06T04:35:00Z,4405.0
2019-01-06T04:40:00Z,3098.0
2019-01-06T04:45:00Z,2849.0
2019-01-06T04:50:00Z,2809.0
2019-01-06T04:55:00Z,2629.0
2019-01-06T05:00:00Z,2675.0
2019-01-06T05:05:00Z,3315.0
2019-01-06T05:10:00Z,4023.0
2019-01-06T05:15:00Z,4852.0
2019-01-06T05:20:00Z,3908.0
2019-01-06T05:25:00Z,3362.0
2019-01-06T05:30:00Z,2865.0
2019-01-06T05:35:00Z,4064.0
2019-01-06T05:40:00Z,3882.0
2019-01-06T05:45:00Z,4313.0
2019-01-06T05:50:00Z,2598.0
2019-01-06T05:55:00Z,3184.0
2019-01-06T06:00:00Z,2887.0
2019-01-06T06:05:00Z,4005.0
2019-01-06T06:10:00Z,3912.0
2019-01-06T06:15:00Z,4023.0
2019-01-06T06:20:00Z,3387.0
2019-01-06T06:25:00Z,3049.0
2019-01-06T06:30:00Z,3004.0
2019-01-06T06:35:00Z,2825.0
2019-01-06T06:40:00Z,3115.0
2019-01-06T06:45:00Z,2648.0
2019-01-06T06:50:00Z,2697.0
2019-01-06T06:55:00Z,2176.0
2019-01-06T07:00:00Z,2515.0
2019-01-06T07:05:00Z,2786.0
2019-01-06T07:10:00Z,2512.0
2019-01-06T07:15:00Z,3172.0
2019-01-06T07:20:00Z,1963.0
2019-01-06T07:25:00Z,2126.0
2019-01-06T07:30:00Z,2659.0
2019-01-06T07:35:00Z,2713.0
2019-01-06T07:40:00Z,2251.0
2019-01-06T07:45:00Z,2335.0
2019-01-06T07:50:00Z,2115.0
2019-01-06T07:55:00Z,1931.0
2019-01-06T08:00:00Z,15499.0
2019-01-06T08:05:00Z,38222.0
2019-01-06T08:10:00Z,9707.0
2019-01-06T08:15:00Z,2678.0
2019-01-06T08:20:00Z,3664.0
2019-01-06T08:25:00Z,3565.0
2019-01-06T08:30:00Z,2889.0
2019-01-06T08:35:00Z,2521.0
2019-01-06T08:40:00Z,2267.0
2019-01-06T08:45:00Z,2950.0
2019-01-06T08:50:00Z,2092.0
2019-01-06T08:55:00Z,1567.0
2019-01-06T09:00:00Z,1998.0
2019-01-06T09:05:00Z,2580.0
2019-01-06T09:10:00Z,3049.0
2019-01-06T09:15:00Z,2939.0
2019-01-06T09:20:00Z,2211.0
2019-01-06T09:25:00Z,1424.0
2019-01-06T09:30:00Z,1454.0
2019-01-06T09:35:00Z,1991.0
2019-01-06T09:40:00Z,2602.0
2019-01-06T09:45:00Z,1997.0
2019-01-06T09:50:00Z,1887.0
2019-01-06T09:55:00Z,1441.0
2019-01-06T10:00:00Z,3188.0
2019-01-06T10:05:00Z,2478.0
2019-01-06T10:10:00Z,2781.0
2019-01-06T10:15:00Z,2529.0
2019-01-06T10:20:00Z,1903.0
2019-01-06T10:25:00Z,1797.0
2019-01-06T10:30:00Z,1605.0
2019-01-06T10:35:00Z,1549.0
2019-01-06T10:40:00Z,1685.0
2019-01-06T10:45:00Z,1891.0
2019-01-06T10:50:00Z,1734.0
2019-01-06T10:55:00Z,1241.0
2019-01-06T11:00:00Z,1096.0
2019-01-06T11:05:00Z,1268.0
2019-01-06T11:10:00Z,1541.0
2019-01-06T11:15:00Z,1475.0
2019-01-06T11:20:00Z,1304.0
2019-01-06T11:25:00Z,1297.0
2019-01-06T11:30:00Z,1975.0
2019-01-06T11:35:00Z,1261.0
2019-01-06T11:40:00Z,1471.0
2019-01-06T11:45:00Z,1376.0
2019-01-06T11:50:00Z,1429.0
2019-01-06T11:55:00Z,2335.0
2019-01-06T12:00:00Z,27798.0
2019-01-06T12:05:00Z,42225.0
2019-01-06T12:10:00Z,11704.0
2019-01-06T12:15:00Z,1893.0
2019-01-06T12:20:00Z,4532.0
2019-01-06T12:25:00Z,3312.0
2019-01-06T12:30:00Z,2942.0
2019-01-06T12:35:00Z,1504.0
2019-01-06T12:40:00Z,2168.0
2019-01-06T12:45:00Z,1517.0
2019-01-06T12:50:00Z,1829.0
2019-01-06T12:55:00Z,1907.0
2019-01-06T13:00:00Z,1706.0
2019-01-06T13:05:00Z,1777.0
2019-01-06T13:10:00Z,1766.0
2019-01-06T13:15:00Z,2672.0
2019-01-06T13:20:00Z,2087.0
2019-01-06T13:25:00Z,2669.0
2019-01-06T13:30:00Z,2332.0
2019-01-06T13:35:00Z,2407.0
2019-01-06T13:40:00Z,2380.0
2019-01-06T13:45:00Z,2559.0
2019-01-06T13:50:00Z,2180.0
2019-01-06T13:55:00Z,1899.0
2019-01-06T14:00:00Z,2379.0
2019-01-06T14:05:00Z,2242.0
2019-01-06T14:10:00Z,3293.0
2019-01-06T14:15:00Z,3610.0
2019-01-06T14:20:00Z,4553.0
2019-01-06T14:25:00Z,2838.0
2019-01-06T14:30:00Z,3653.0
2019-01-06T14:35:00Z,2712.0
2019-01-06T14:40:00Z,3091.0
2019-01-06T14:45:00Z,3337.0
2019-01-06T14:50:00Z,2270.0
2019-01-06T14:55:00Z,2940.0
2019-01-06T15:00:00Z,2534.0
2019-01-06T15:05:00Z,3444.0
2019-01-06T15:10:00Z,3208.0
2019-01-06T15:15:00Z,3033.0
2019-01-06T15:20:00Z,2615.0
2019-01-06T15:25:00Z,2915.0
2019-01-06T15:30:00Z,3081.0
2019-01-06T15:35:00Z,3011.0
2019-01-06T15:40:00Z,2949.0
2019-01-06T15:45:00Z,3307.0
2019-01-06T15:50:00Z,3753.0
2019-01-06T15:55:00Z,3106.0
2019-01-06T16:00:00Z,22929.0
2019-01-06T16:05:00Z,35335.0
2019-01-06T16:10:00Z,8642.0
2019-01-06T16:15:00Z,4118.0
2019-01-06T16:20:00Z,5359.0
2019-01-06T16:25:00Z,4433.0
2019-01-06T16:30:00Z,4269.0
2019-01-06T16:35:00Z,4686.0
2019-01-06T16:40:00Z,4742.0
2019-01-06T16:45:00Z,3057.0
2019-01-06T16:50:00Z,2674.0
2019-01-06T16:55:00Z,5442.0
2019-01-06T17:00:00Z,4743.0
2019-01-06T17:05:00Z,4525.0
2019-01-06T17:10:00Z,5171.0
2019-01-06T17:15:00Z,5668.0
2019-01-06T17:20:00Z,3958.0
2019-01-06T17:25:00Z,4372.0
2019-01-06T17:30:00Z,3580.0
2019-01-06T17:35:00Z,4984.0
2019-01-06T17:40:00Z,4640.0
2019-01-06T17:45:00Z,5016.0
2019-01-06T17:50:00Z,4975.0
2019-01-06T17:55:00Z,4703.0
2019-01-06T18:00:00Z,6061.0
2019-01-06T18:05:00Z,5661.0
2019-01-06T18:10:00Z,6031.0
2019-01-06T18:15:00Z,6110.0
2019-01-06T18:20:00Z,4244.0
2019-01-06T18:25:00Z,5448.0
2019-01-06T18:30:00Z,5966.0
2019-01-06T18:35:00Z,7069.0
2019-01-06T18:40:00Z,4863.0
2019-01-06T18:45:00Z,5437.0
2019-01-06T18:50:00Z,4526.0
2019-01-06T18:55:00Z,3858.0
2019-01-06T19:00:00Z,5291.0
2019-01-06T19:05:00Z,6035.0
2019-01-06T19:10:00Z,6573.0
2019-01-06T19:15:00Z,5972.0
2019-01-06T19:20:00Z,6295.0
2019-01-06T19:25:00Z,6511.0
2019-01-06T19:30:00Z,5948.0
2019-01-06T19:35:00Z,6514.0
2019-01-06T19:40:00Z,6902.0
2019-01-06T19:45:00Z,5022.0
2019-01-06T19:50:00Z,5506.0
2019-01-06T19:55:00Z,6135.0
2019-01-06T20:00:00Z,23548.0
2019-01-06T20:05:00Z,39061.0
2019-01-06T20:10:00Z,30221.0
2019-01-06T20:15:00Z,6739.0
2019-01-06T20:20:00Z,6713.0
2019-01-06T20:25:00Z,6029.0
2019-01-06T20:30:00Z,7057.0
2019-01-06T20:35:00Z,7207.0
2019-01-06T20:40:00Z,6067.0
2019-01-06T20:45:00Z,4968.0
2019-01-06T20:50:00Z,4842.0
2019-01-06T20:55:00Z,4844.0
2019-01-06T21:00:00Z,6057.0
2019-01-06T21:05:00Z,5855.0
2019-01-06T21:10:00Z,6114.0
2019-01-06T21:15:00Z,7748.0
2019-01-06T21:20:00Z,5854.0
2019-01-06T21:25:00Z,6456.0
2019-01-06T21:30:00Z,6544.0
2019-01-06T21:35:00Z,5536.0
2019-01-06T21:40:00Z,5734.0
2019-01-06T21:45:00Z,5338.0
2019-01-06T21:50:00Z,6006.0
2019-01-06T21:55:00Z,6538.0
2019-01-06T22:00:00Z,9722.0
2019-01-06T22:05:00Z,11789.0
2019-01-06T22:10:00Z,10455.0
2019-01-06T22:15:00Z,8038.0
2019-01-06T22:20:00Z,7549.0
2019-01-06T22:25:00Z,7303.0
2019-01-06T22:30:00Z,8693.0
2019-01-06T22:35:00Z,7932.0
2019-01-06T22:40:00Z,8495.0
2019-01-06T22:45:00Z,7276.0
2019-01-06T22:50:00Z,7757.0
2019-01-06T22:55:00Z,8320.0
2019-01-06T23:00:00Z,6533.0
2019-01-06T23:05:00Z,7581.0
2019-01-06T23:10:00Z,8780.0
2019-01-06T23:15:00Z,7336.0
2019-01-06T23:20:00Z,7749.0
2019-01-06T23:25:00Z,6640.0
2019-01-06T23:30:00Z,6556.0
2019-01-06T23:35:00Z,7900.0
2019-01-06T23:40:00Z,5748.0
2019-01-06T23:45:00Z,5933.0
2019-01-06T23:50:00Z,7073.0
2019-01-06T23:55:00Z,7891.0
2019-01-07T00:00:00Z,21367.0
2019-01-07T00:05:00Z,41988.0
2019-01-07T00:10:00Z,17448.0
2019-01-07T00:15:00Z,9821.0
2019-01-07T00:20:00Z,5392.0
2019-01-07T00:25:00Z,8288.0
2019-01-07T00:30:00Z,9064.0
2019-01-07T00:35:00Z,7464.0
2019-01-07T00:40:00Z,7377.0
2019-01-07T00:45:00Z,7184.0
2019-01-07T00:50:00Z,5989.0
2019-01-07T00:55:00Z,6554.0
2019-01-07T01:00:00Z,7434.0
2019-01-07T01:05:00Z,7339.0
2019-01-07T01:10:00Z,8959.0
2019-01-07T01:15:00Z,8617.0
2019-01-07T01:20:00Z,9124.0
2019-01-07T01:25:00Z,8295.0
2019-01-07T01:30:00Z,8403.0
2019-01-07T01:35:00Z,10630.0
2019-01-07T01:40:00Z,9530.0
2019-01-07T01:45:00Z,9351.0
2019-01-07T01:50:00Z,8075.0
2019-01-07T01:55:00Z,6979.0
2019-01-07T02:00:00Z,7821.0
2019-01-07T02:05:00Z,9392.0
2019-01-07T02:10:00Z,9362.0
2019-01-07T02:15:00Z,8603.0
2019-01-07T02:20:00Z,9352.0
2019-01-07T02:25:00Z,8386.0
2019-01-07T02:30:00Z,9382.0
2019-01-07T02:35:00Z,10392.0
2019-01-07T02:40:00Z,8352.0
2019-01-07T02:45:00Z,8057.0
2019-01-07T02:50:00Z,8972.0
2019-01-07T02:55:00Z,7176.0
2019-01-07T03:00:00Z,8015.0
2019-01-07T03:05:00Z,7811.0
2019-01-07T03:10:00Z,9107.0
2019-01-07T03:15:00Z,8605.0
2019-01-07T03:20:00Z,9353.0
2019-01-07T03:25:00Z,8846.0
2019-01-07T03:30:00Z,7658.0
2019-01-07T03:35:00Z,8576.0
2019-01-07T03:40:00Z,9151.0
2019-01-07T03:45:00Z,11495.0
2019-01-07T03:50:00Z,13513.0
2019-01-07T03:55:00Z,12561.0
2019-01-07T04:00:00Z,35696.0
2019-01-07T04:05:00Z,46867.0
2019-01-07T04:10:00Z,24142.0
2019-01-07T04:15:00Z,9134.0
2019-01-07T04:20:00Z,11129.0
2019-01-07T04:25:00Z,10732.0
2019-01-07T04:30:00Z,10672.0
2019-01-07T04:35:00Z,11438.0
2019-01-07T04:40:00Z,11665.0
2019-01-07T04:45:00Z,9359.0
2019-01-07T04:50:00Z,10364.0
2019-01-07T04:55:00Z,10443.0
2019-01-07T05:00:00Z,8919.0
2019-01-07T05:05:00Z,10018.0
2019-01-07T05:10:00Z,10790.0
2019-01-07T05:15:00Z,10954.0
2019-01-07T05:20:00Z,10492.0
2019-01-07T05:25:00Z,10727.0
2019-01-07T05:30:00Z,11147.0
2019-01-07T05:35:00Z,9873.0
2019-01-07T05:40:00Z,10003.0
2019-01-07T05:45:00Z,9475.0
2019-01-07T05:50:00Z,10873.0
2019-01-07T05:55:00Z,11035.0
2019-01-07T06:00:00Z,11378.0
2019-01-07T06:05:00Z,11827.0
2019-01-07T06:10:00Z,10271.0
2019-01-07T06:15:00Z,11223.0
2019-01-07T06:20:00Z,10798.0
2019-01-07T06:25:00Z,11505.0
2019-01-07T06:30:00Z,10037.0
2019-01-07T06:35:00Z,11299.0
2019-01-07T06:40:00Z,10052.0
2019-01-07T06:45:00Z,8688.0
2019-01-07T06:50:00Z,11035.0
2019-01-07T06:55:00Z,8802.0
2019-01-07T07:00:00Z,8277.0
2019-01-07T07:05:00Z,9196.0
2019-01-07T07:10:00Z,9683.0
2019-01-07T07:15:00Z,8814.0
2019-01-07T07:20:00Z,8125.0
2019-01-07T07:25:00Z,8564.0
2019-01-07T07:30:00Z,8696.0
2019-01-07T07:35:00Z,7665.0
2019-01-07T07:40:00Z,6665.0
2019-01-07T07:45:00Z,6778.0
2019-01-07T07:50:00Z,6674.0
2019-01-07T07:55:00Z,7910.0
2019-01-07T08:00:00Z,21126.0
2019-01-07T08:05:00Z,42404.0
2019-01-07T08:10:00Z,13353.0
2019-01-07T08:15:00Z,7033.0
2019-01-07T08:20:00Z,8505.0
2019-01-07T08:25:00Z,11288.0
2019-01-07T08:30:00Z,7909.0
2019-01-07T08:35:00Z,8786.0
2019-01-07T08:40:00Z,7034.0
2019-01-07T08:45:00Z,7900.0
2019-01-07T08:50:00Z,11359.0
2019-01-07T08:55:00Z,9898.0
2019-01-07T09:00:00Z,9044.0
2019-01-07T09:05:00Z,10413.0
2019-01-07T09:10:00Z,9513.0
2019-01-07T09:15:00Z,9961.0
2019-01-07T09:20:00Z,12814.0
2019-01-07T09:25:00Z,9007.0
2019-01-07T09:30:00Z,7849.0
2019-01-07T09:35:00Z,7870.0
2019-01-07T09:40:00Z,7934.0
2019-01-07T09:45:00Z,8592.0
2019-01-07T09:50:00Z,6265.0
2019-01-07T09:55:00Z,8370.0
2019-01-07T10:00:00Z,8865.0
2019-01-07T10:05:00Z,10187.0
2019-01-07T10:10:00Z,6953.0
2019-01-07T10:15:00Z,6724.0
2019-01-07T10:20:00Z,7027.0
2019-01-07T10:25:00Z,7943.0
2019-01-07T10:30:00Z,6891.0
2019-01-07T10:35:00Z,7013.0
2019-01-07T10:40:00Z,7512.0
2019-01-07T10:45:00Z,6746.0
2019-01-07T10:50:00Z,6900.0
2019-01-07T10:55:00Z,8582.0
2019-01-07T11:00:00Z,7248.0
2019-01-07T11:05:00Z,8349.0
2019-01-07T11:10:00Z,9996.0
2019-01-07T11:15:00Z,8642.0
2019-01-07T11:20:00Z,9172.0
2019-01-07T11:25:00Z,7951.0
2019-01-07T11:30:00Z,9743.0
2019-01-07T11:35:00Z,11347.0
2019-01-07T11:40:00Z,13674.0
2019-01-07T11:45:00Z,9081.0
2019-01-07T11:50:00Z,11287.0
2019-01-07T11:55:00Z,10897.0
2019-01-07T12:00:00Z,25319.0
2019-01-07T12:05:00Z,47076.0
2019-01-07T12:10:00Z,19914.0
2019-01-07T12:15:00Z,8608.0
2019-01-07T12:20:00Z,10107.0
2019-01-07T12:25:00Z,8652.0
2019-01-07T12:30:00Z,11755.0
2019-01-07T12:35:00Z,10244.0
2019-01-07T12:40:00Z,8591.0
2019-01-07T12:45:00Z,9802.0
2019-01-07T12:50:00Z,10239.0
2019-01-07T12:55:00Z,10331.0
2019-01-07T13:00:00Z,10922.0
2019-01-07T13:05:00Z,10730.0
2019-01-07T13:10:00Z,12710.0
2019-01-07T13:15:00Z,13259.0
2019-01-07T13:20:00Z,10935.0
2019-01-07T13:25:00Z,13597.0
2019-01-07T13:30:00Z,13797.0
2019-01-07T13:35:00Z,15081.0
2019-01-07T13:40:00Z,16748.0
2019-01-07T13:45:00Z,13255.0
2019-01-07T13:50:00Z,13574.0
2019-01-07T13:55:00Z,15942.0
2019-01-07T14:00:00Z,17526.0
2019-01-07T14:05:00Z,19051.0
2019-01-07T14:10:00Z,19415.0
2019-01-07T14:15:00Z,20686.0
2019-01-07T14:20:00Z,19511.0
2019-01-07T14:25:00Z,20656.0
2019-01-07T14:30:00Z,19238.0
2019-01-07T14:35:00Z,18445.0
2019-01-07T14:40:00Z,19242.0
2019-01-07T14:45:00Z,19159.0
2019-01-07T14:50:00Z,21691.0
2019-01-07T14:55:00Z,20163.0
2019-01-07T15:00:00Z,22650.0
2019-01-07T15:05:00Z,20579.0
2019-01-07T15:10:00Z,22563.0
2019-01-07T15:15:00Z,20218.0
2019-01-07T15:20:00Z,20980.0
2019-01-07T15:25:00Z,24402.0
2019-01-07T15:30:00Z,25826.0
2019-01-07T15:35:00Z,26005.0
2019-01-07T15:40:00Z,27536.0
2019-01-07T15:45:00Z,27955.0
2019-01-07T15:50:00Z,25998.0
2019-01-07T15:55:00Z,29839.0
2019-01-07T16:00:00Z,59209.0
2019-01-07T16:05:00Z,47407.0
2019-01-07T16:10:00Z,31356.0
2019-01-07T16:15:00Z,32934.0
2019-01-07T16:20:00Z,34325.0
2019-01-07T16:25:00Z,36160.0
2019-01-07T16:30:00Z,38831.0
2019-01-07T16:35:00Z,39990.0
2019-01-07T16:40:00Z,38588.0
2019-01-07T16:45:00Z,41393.0
2019-01-07T16:50:00Z,43072.0
2019-01-07T16:55:00Z,45421.0
2019-01-07T17:00:00Z,52401.0
2019-01-07T17:05:00Z,49622.0
2019-01-07T17:10:00Z,48577.0
2019-01-07T17:15:00Z,52456.0
2019-01-07T17:20:00Z,50736.0
2019-01-07T17:25:00Z,49470.0
2019-01-07T17:30:00Z,57458.0
2019-01-07T17:35:00Z,57943.0
2019-01-07T17:40:00Z,56696.0
2019-01-07T17:45:00Z,54423.0
2019-01-07T17:50:00Z,61774.0
2019-01-07T17:55:00Z,58997.0
2019-01-07T18:00:00Z,67707.0
2019-01-07T18:05:00Z,62267.0
2019-01-07T18:10:00Z,62876.0
2019-01-07T18:15:00Z,59472.0
2019-01-07T18:20:00Z,60145.0
2019-01-07T18:25:00Z,66466.0
2019-01-07T18:30:00Z,59463.0
2019-01-07T18:35:00Z,70432.0
2019-01-07T18:40:00Z,69016.0
2019-01-07T18:45:00Z,66928.0
2019-01-07T18:50:00Z,66132.0
2019-01-07T18:55:00Z,74687.0
2019-01-07T19:00:00Z,73660.0
2019-01-07T19:05:00Z,68639.0
2019-01-07T19:10:00Z,64872.0
2019-01-07T19:15:00Z,67105.0
2019-01-07T19:20:00Z,63312.0
2019-01-07T19:25:00Z,61895.0
2019-01-07T19:30:00Z,68474.0
2019-01-07T19:35:00Z,64293.0
2019-01-07T19:40:00Z,67952.0
2019-01-07T19:45:00Z,65256.0
2019-01-07T19:50:00Z,59308.0
2019-01-07T19:55:00Z,58949.0
2019-01-07T20:00:00Z,75190.0
2019-01-07T20:05:00Z,94860.0
2019-01-07T20:10:00Z,65909.0
2019-01-07T20:15:00Z,54406.0
2019-01-07T20:20:00Z,51576.0
2019-01-07T20:25:00Z,59060.0
2019-01-07T20:30:00Z,58209.0
2019-01-07T20:35:00Z,60533.0
2019-01-07T20:40:00Z,58506.0
2019-01-07T20:45:00Z,59825.0
2019-01-07T20:50:00Z,63965.0
2019-01-07T20:55:00Z,69124.0
2019-01-07T21:00:00Z,64979.0
2019-01-07T21:05:00Z,64585.0
2019-01-07T21:10:00Z,59809.0
2019-01-07T21:15:00Z,58346.0
2019-01-07T21:20:00Z,62133.0
2019-01-07T21:25:00Z,64020.0
2019-01-07T21:30:00Z,60794.0
2019-01-07T21:35:00Z,64527.0
2019-01-07T21:40:00Z,65439.0
2019-01-07T21:45:00Z,63097.0
2019-01-07T21:50:00Z,62992.0
2019-01-07T21:55:00Z,65992.0
2019-01-07T22:00:00Z,68237.0
2019-01-07T22:05:00Z,77056.0
2019-01-07T22:10:00Z,71396.0
2019-01-07T22:15:00Z,64158.0
2019-01-07T22:20:00Z,62525.0
2019-01-07T22:25:00Z,63665.0
2019-01-07T22:30:00Z,69080.0
2019-01-07T22:35:00Z,70303.0
2019-01-07T22:40:00Z,64077.0
2019-01-07T22:45:00Z,64421.0
2019-01-07T22:50:00Z,62298.0
2019-01-07T22:55:00Z,62494.0
2019-01-07T23:00:00Z,60326.0
2019-01-07T23:05:00Z,66323.0
2019-01-07T23:10:00Z,64366.0
2019-01-07T23:15:00Z,63619.0
2019-01-07T23:20:00Z,65013.0
2019-01-07T23:25:00Z,64184.0
2019-01-07T23:30:00Z,64153.0
2019-01-07T23:35:00Z,64145.0
2019-01-07T23:40:00Z,62242.0
2019-01-07T23:45:00Z,61897.0
2019-01-07T23:50:00Z,65155.0
2019-01-07T23:55:00Z,65549.0
2019-01-08T00:00:00Z,85828.0
2019-01-08T00:05:00Z,85979.0
2019-01-08T00:10:00Z,63948.0
2019-01-08T00:15:00Z,59741.0
2019-01-08T00:20:00Z,62263.0
2019-01-08T00:25:00Z,58608.0
2019-01-08T00:30:00Z,60469.0
2019-01-08T00:35:00Z,54352.0
2019-01-08T00:40:00Z,57434.0
2019-01-08T00:45:00Z,49131.0
2019-01-08T00:50:00Z,51770.0
2019-01-08T00:55:00Z,44520.0
2019-01-08T01:00:00Z,47524.0
2019-01-08T01:05:00Z,45661.0
2019-01-08T01:10:00Z,44915.0
2019-01-08T01:15:00Z,44066.0
2019-01-08T01:20:00Z,43102.0
2019-01-08T01:25:00Z,40324.0
2019-01-08T01:30:00Z,38029.0
2019-01-08T01:35:00Z,37106.0
2019-01-08T01:40:00Z,32065.0
2019-01-08T01:45:00Z,33437.0
2019-01-08T01:50:00Z,28821.0
2019-01-08T01:55:00Z,31192.0
2019-01-08T02:00:00Z,30027.0
2019-01-08T02:05:00Z,25535.0
2019-01-08T02:10:00Z,29496.0
2019-01-08T02:15:00Z,27575.0
2019-01-08T02:20:00Z,25033.0
2019-01-08T02:25:00Z,21347.0
2019-01-08T02:30:00Z,23586.0
2019-01-08T02:35:00Z,24711.0
2019-01-08T02:40:00Z,18961.0
2019-01-08T02:45:00Z,19380.0
2019-01-08T02:50:00Z,19495.0
2019-01-08T02:55:00Z,19734.0
2019-01-08T03:00:00Z,19006.0
2019-01-08T03:05:00Z,17366.0
2019-01-08T03:10:00Z,20555.0
2019-01-08T03:15:00Z,18155.0
2019-01-08T03:20:00Z,17495.0
2019-01-08T03:25:00Z,19686.0
2019-01-08T03:30:00Z,17409.0
2019-01-08T03:35:00Z,15973.0
2019-01-08T03:40:00Z,17192.0
2019-01-08T03:45:00Z,18642.0
2019-01-08T03:50:00Z,18131.0
2019-01-08T03:55:00Z,16472.0
2019-01-08T04:00:00Z,33100.0
2019-01-08T04:05:00Z,50708.0
2019-01-08T04:10:00Z,35913.0
2019-01-08T04:15:00Z,18850.0
2019-01-08T04:20:00Z,16657.0
2019-01-08T04:25:00Z,20041.0
2019-01-08T04:30:00Z,19023.0
2019-01-08T04:35:00Z,17647.0
2019-01-08T04:40:00Z,16439.0
2019-01-08T04:45:00Z,16484.0
2019-01-08T04:50:00Z,17722.0
2019-01-08T04:55:00Z,14984.0
2019-01-08T05:00:00Z,19672.0
2019-01-08T05:05:00Z,18396.0
2019-01-08T05:10:00Z,18267.0
2019-01-08T05:15:00Z,16134.0
2019-01-08T05:20:00Z,18349.0
2019-01-08T05:25:00Z,17241.0
2019-01-08T05:30:00Z,18578.0
2019-01-08T05:35:00Z,17667.0
2019-01-08T05:40:00Z,18930.0
2019-01-08T05:45:00Z,18904.0
2019-01-08T05:50:00Z,17936.0
2019-01-08T05:55:00Z,19631.0
2019-01-08T06:00:00Z,22926.0
2019-01-08T06:05:00Z,18797.0
2019-01-08T06:10:00Z,15539.0
2019-01-08T06:15:00Z,16925.0
2019-01-08T06:20:00Z,17314.0
2019-01-08T06:25:00Z,16321.0
2019-01-08T06:30:00Z,18749.0
2019-01-08T06:35:00Z,16127.0
2019-01-08T06:40:00Z,17220.0
2019-01-08T06:45:00Z,17927.0
2019-01-08T06:50:00Z,12958.0
2019-01-08T06:55:00Z,15819.0
2019-01-08T07:00:00Z,16417.0
2019-01-08T07:05:00Z,15491.0
2019-01-08T07:10:00Z,13864.0
2019-01-08T07:15:00Z,13954.0
2019-01-08T07:20:00Z,15512.0
2019-01-08T07:25:00Z,12686.0
2019-01-08T07:30:00Z,11738.0
2019-01-08T07:35:00Z,10998.0
2019-01-08T07:40:00Z,12649.0
2019-01-08T07:45:00Z,12782.0
2019-01-08T07:50:00Z,11594.0
2019-01-08T07:55:00Z,14896.0
2019-01-08T08:00:00Z,34936.0
2019-01-08T08:05:00Z,46685.0
2019-01-08T08:10:00Z,18837.0
2019-01-08T08:15:00Z,12656.0
2019-01-08T08:20:00Z,12133.0
2019-01-08T08:25:00Z,9760.0
2019-01-08T08:30:00Z,11416.0
2019-01-08T08:35:00Z,9684.0
2019-01-08T08:40:00Z,10172.0
2019-01-08T08:45:00Z,9226.0
2019-01-08T08:50:00Z,8481.0
2019-01-08T08:55:00Z,11774.0
2019-01-08T09:00:00Z,10197.0
2019-01-08T09:05:00Z,8623.0
2019-01-08T09:10:00Z,9323.0
2019-01-08T09:15:00Z,8841.0
2019-01-08T09:20:00Z,10451.0
2019-01-08T09:25:00Z,9868.0
2019-01-08T09:30:00Z,8288.0
2019-01-08T09:35:00Z,10491.0
2019-01-08T09:40:00Z,10338.0
2019-01-08T09:45:00Z,9586.0
2019-01-08T09:50:00Z,10112.0
2019-01-08T09:55:00Z,10175.0
2019-01-08T10:00:00Z,9351.0
2019-01-08T10:05:00Z,8571.0
2019-01-08T10:10:00Z,7853.0
2019-01-08T10:15:00Z,7707.0
2019-01-08T10:20:00Z,7224.0
2019-01-08T10:25:00Z,7628.0
2019-01-08T10:30:00Z,7145.0
2019-01-08T10:35:00Z,8529.0
2019-01-08T10:40:00Z,8154.0
2019-01-08T10:45:00Z,7258.0
2019-01-08T10:50:00Z,7623.0
2019-01-08T10:55:00Z,7763.0
2019-01-08T11:00:00Z,8818.0
2019-01-08T11:05:00Z,8003.0
2019-01-08T11:10:00Z,8336.0
2019-01-08T11:15:00Z,7379.0
2019-01-08T11:20:00Z,7639.0
2019-01-08T11:25:00Z,8949.0
2019-01-08T11:30:00Z,7604.0
2019-01-08T11:35:00Z,7167.0
2019-01-08T11:40:00Z,9020.0
2019-01-08T11:45:00Z,10151.0
2019-01-08T11:50:00Z,7724.0
2019-01-08T11:55:00Z,8264.0
2019-01-08T12:00:00Z,33279.0
2019-01-08T12:05:00Z,38606.0
2019-01-08T12:10:00Z,26250.0
2019-01-08T12:15:00Z,9623.0
2019-01-08T12:20:00Z,9274.0
2019-01-08T12:25:00Z,8187.0
2019-01-08T12:30:00Z,8134.0
2019-01-08T12:35:00Z,11546.0
2019-01-08T12:40:00Z,11259.0
2019-01-08T12:45:00Z,10428.0
2019-01-08T12:50:00Z,9212.0
2019-01-08T12:55:00Z,9311.0
2019-01-08T13:00:00Z,10644.0
2019-01-08T13:05:00Z,11437.0
2019-01-08T13:10:00Z,12753.0
2019-01-08T13:15:00Z,11166.0
2019-01-08T13:20:00Z,13343.0
2019-01-08T13:25:00Z,13075.0
2019-01-08T13:30:00Z,15153.0
2019-01-08T13:35:00Z,15071.0
2019-01-08T13:40:00Z,12946.0
2019-01-08T13:45:00Z,15052.0
2019-01-08T13:50:00Z,15306.0
2019-01-08T13:55:00Z,15318.0
2019-01-08T14:00:00Z,16590.0
2019-01-08T14:05:00Z,15162.0
2019-01-08T14:10:00Z,14745.0
2019-01-08T14:15:00Z,16459.0
2019-01-08T14:20:00Z,17330.0
2019-01-08T14:25:00Z,17594.0
2019-01-08T14:30:00Z,16762.0
2019-01-08T14:35:00Z,18845.0
2019-01-08T14:40:00Z,20399.0
2019-01-08T14:45:00Z,19735.0
2019-01-08T14:50:00Z,21320.0
2019-01-08T14:55:00Z,24692.0
2019-01-08T15:00:00Z,22153.0
2019-01-08T15:05:00Z,22471.0
2019-01-08T15:10:00Z,26210.0
2019-01-08T15:15:00Z,23434.0
2019-01-08T15:20:00Z,24926.0
2019-01-08T15:25:00Z,26350.0
2019-01-08T15:30:00Z,27328.0
2019-01-08T15:35:00Z,32309.0
2019-01-08T15:40:00Z,30806.0
2019-01-08T15:45:00Z,27179.0
2019-01-08T15:50:00Z,28413.0
2019-01-08T15:55:00Z,29827.0
2019-01-08T16:00:00Z,40878.0
2019-01-08T16:05:00Z,58995.0
2019-01-08T16:10:00Z,39555.0
2019-01-08T16:15:00Z,35932.0
2019-01-08T16:20:00Z,37153.0
2019-01-08T16:25:00Z,39965.0
2019-01-08T16:30:00Z,39179.0
2019-01-08T16:35:00Z,41236.0
2019-01-08T16:40:00Z,44341.0
2019-01-08T16:45:00Z,46663.0
2019-01-08T16:50:00Z,47042.0
2019-01-08T16:55:00Z,46251.0
2019-01-08T17:00:00Z,45892.0
2019-01-08T17:05:00Z,52518.0
2019-01-08T17:10:00Z,49142.0
2019-01-08T17:15:00Z,48753.0
2019-01-08T17:20:00Z,52288.0
2019-01-08T17:25:00Z,51761.0
2019-01-08T17:30:00Z,53743.0
2019-01-08T17:35:00Z,60314.0
2019-01-08T17:40:00Z,51583.0
2019-01-08T17:45:00Z,55471.0
2019-01-08T17:50:00Z,62026.0
2019-01-08T17:55:00Z,62195.0
2019-01-08T18:00:00Z,63258.0
2019-01-08T18:05:00Z,64557.0
2019-01-08T18:10:00Z,64700.0
2019-01-08T18:15:00Z,60831.0
2019-01-08T18:20:00Z,60052.0
2019-01-08T18:25:00Z,62199.0
2019-01-08T18:30:00Z,61379.0
2019-01-08T18:35:00Z,65050.0
2019-01-08T18:40:00Z,66399.0
2019-01-08T18:45:00Z,67915.0
2019-01-08T18:50:00Z,66658.0
2019-01-08T18:55:00Z,70187.0
2019-01-08T19:00:00Z,70547.0
2019-01-08T19:05:00Z,66731.0
2019-01-08T19:10:00Z,63699.0
2019-01-08T19:15:00Z,61380.0
2019-01-08T19:20:00Z,59822.0
2019-01-08T19:25:00Z,60280.0
2019-01-08T19:30:00Z,63203.0
2019-01-08T19:35:00Z,62684.0
2019-01-08T19:40:00Z,62535.0
2019-01-08T19:45:00Z,62316.0
2019-01-08T19:50:00Z,66398.0
2019-01-08T19:55:00Z,70877.0
2019-01-08T20:00:00Z,79322.0
2019-01-08T20:05:00Z,89521.0
2019-01-08T20:10:00Z,80176.0
2019-01-08T20:15:00Z,58540.0
2019-01-08T20:20:00Z,56800.0
2019-01-08T20:25:00Z,56349.0
2019-01-08T20:30:00Z,57727.0
2019-01-08T20:40:00Z,56562.0
2019-01-08T20:45:00Z,59722.0
2019-01-08T20:50:00Z,62202.0
2019-01-08T20:55:00Z,64667.0
2019-01-08T21:00:00Z,63233.0
2019-01-08T21:05:00Z,61624.0
2019-01-08T21:10:00Z,58534.0
2019-01-08T21:15:00Z,53981.0
2019-01-08T21:20:00Z,57868.0
2019-01-08T21:25:00Z,63276.0
2019-01-08T21:30:00Z,63768.0
2019-01-08T21:35:00Z,73091.0
2019-01-08T21:40:00Z,67172.0
2019-01-08T21:45:00Z,67657.0
2019-01-08T21:50:00Z,70746.0
2019-01-08T21:55:00Z,69693.0
2019-01-08T22:00:00Z,68075.0
2019-01-08T22:05:00Z,73004.0
2019-01-08T22:10:00Z,69871.0
2019-01-08T22:15:00Z,65223.0
2019-01-08T22:20:00Z,60063.0
2019-01-08T22:25:00Z,63586.0
2019-01-08T22:30:00Z,66036.0
2019-01-08T22:35:00Z,63579.0
2019-01-08T22:40:00Z,63152.0
2019-01-08T22:45:00Z,58265.0
2019-01-08T22:50:00Z,62093.0
2019-01-08T22:55:00Z,62261.0
2019-01-08T23:00:00Z,55384.0
2019-01-08T23:05:00Z,61394.0
2019-01-08T23:10:00Z,61436.0
2019-01-08T23:15:00Z,57013.0
2019-01-08T23:20:00Z,56722.0
2019-01-08T23:25:00Z,58301.0
2019-01-08T23:30:00Z,58982.0
2019-01-08T23:35:00Z,61339.0
2019-01-08T23:40:00Z,63415.0
2019-01-08T23:45:00Z,61256.0
2019-01-08T23:50:00Z,61440.0
2019-01-08T23:55:00Z,59781.0
2019-01-09T00:00:00Z,71865.0
2019-01-09T00:05:00Z,93190.0
2019-01-09T00:10:00Z,70470.0
2019-01-09T00:15:00Z,52220.0
2019-01-09T00:20:00Z,50966.0
2019-01-09T00:25:00Z,51929.0
2019-01-09T00:30:00Z,51425.0
2019-01-09T00:35:00Z,49745.0
2019-01-09T00:40:00Z,46661.0
2019-01-09T00:45:00Z,49259.0
2019-01-09T00:50:00Z,48738.0
2019-01-09T00:55:00Z,41932.0
2019-01-09T01:00:00Z,45363.0
2019-01-09T01:05:00Z,46718.0
2019-01-09T01:10:00Z,40376.0
2019-01-09T01:15:00Z,39412.0
2019-01-09T01:20:00Z,35938.0
2019-01-09T01:25:00Z,34902.0
2019-01-09T01:30:00Z,35174.0
2019-01-09T01:35:00Z,35032.0
2019-01-09T01:40:00Z,33055.0
2019-01-09T01:45:00Z,30190.0
2019-01-09T01:50:00Z,29205.0
2019-01-09T01:55:00Z,29906.0
2019-01-09T02:00:00Z,27086.0
2019-01-09T02:05:00Z,27187.0
2019-01-09T02:10:00Z,29051.0
2019-01-09T02:15:00Z,27638.0
2019-01-09T02:20:00Z,22426.0
2019-01-09T02:25:00Z,22289.0
2019-01-09T02:30:00Z,23897.0
2019-01-09T02:35:00Z,24923.0
2019-01-09T02:40:00Z,20494.0
2019-01-09T02:45:00Z,18607.0
2019-01-09T02:50:00Z,19044.0
2019-01-09T02:55:00Z,17224.0
2019-01-09T03:00:00Z,18614.0
2019-01-09T03:05:00Z,19715.0
2019-01-09T03:10:00Z,19309.0
2019-01-09T03:15:00Z,17692.0
2019-01-09T03:20:00Z,16630.0
2019-01-09T03:25:00Z,15021.0
2019-01-09T03:30:00Z,17314.0
2019-01-09T03:35:00Z,18747.0
2019-01-09T03:40:00Z,16087.0
2019-01-09T03:45:00Z,17053.0
2019-01-09T03:50:00Z,15904.0
2019-01-09T03:55:00Z,19761.0
2019-01-09T04:00:00Z,39201.0
2019-01-09T04:05:00Z,60343.0
2019-01-09T04:10:00Z,46218.0
2019-01-09T04:15:00Z,18554.0
2019-01-09T04:20:00Z,15680.0
2019-01-09T04:25:00Z,16785.0
2019-01-09T04:30:00Z,17786.0
2019-01-09T04:35:00Z,17421.0
2019-01-09T04:40:00Z,17128.0
2019-01-09T04:45:00Z,17871.0
2019-01-09T04:50:00Z,14993.0
2019-01-09T04:55:00Z,18289.0
2019-01-09T05:00:00Z,19738.0
2019-01-09T05:05:00Z,19321.0
2019-01-09T05:10:00Z,18864.0
2019-01-09T05:15:00Z,19772.0
2019-01-09T05:20:00Z,16851.0
2019-01-09T05:25:00Z,17173.0
2019-01-09T05:30:00Z,18711.0
2019-01-09T05:35:00Z,18354.0
2019-01-09T05:40:00Z,20118.0
2019-01-09T05:45:00Z,19231.0
2019-01-09T05:50:00Z,19356.0
2019-01-09T05:55:00Z,20171.0
2019-01-09T06:00:00Z,19405.0
2019-01-09T06:05:00Z,17247.0
2019-01-09T06:10:00Z,18245.0
2019-01-09T06:15:00Z,18229.0
2019-01-09T06:20:00Z,16181.0
2019-01-09T06:25:00Z,15369.0
2019-01-09T06:30:00Z,16189.0
2019-01-09T06:35:00Z,14586.0
2019-01-09T06:40:00Z,16449.0
2019-01-09T06:45:00Z,19007.0
2019-01-09T06:50:00Z,20724.0
2019-01-09T06:55:00Z,19858.0
2019-01-09T07:00:00Z,17693.0
2019-01-09T07:05:00Z,17132.0
2019-01-09T07:10:00Z,17504.0
2019-01-09T07:15:00Z,15167.0
2019-01-09T07:20:00Z,13722.0
2019-01-09T07:25:00Z,13884.0
2019-01-09T07:30:00Z,12032.0
2019-01-09T07:35:00Z,11011.0
2019-01-09T07:40:00Z,10753.0
2019-01-09T07:45:00Z,11379.0
2019-01-09T07:50:00Z,10308.0
2019-01-09T07:55:00Z,11464.0
2019-01-09T08:00:00Z,36164.0
2019-01-09T08:05:00Z,37640.0
2019-01-09T08:10:00Z,13925.0
2019-01-09T08:15:00Z,10945.0
2019-01-09T08:20:00Z,9788.0
2019-01-09T08:25:00Z,10014.0
2019-01-09T08:30:00Z,8681.0
2019-01-09T08:35:00Z,8835.0
2019-01-09T08:40:00Z,10768.0
2019-01-09T08:45:00Z,11266.0
2019-01-09T08:50:00Z,10919.0
2019-01-09T08:55:00Z,7415.0
2019-01-09T09:00:00Z,9804.0
2019-01-09T09:05:00Z,8710.0
2019-01-09T09:10:00Z,8975.0
2019-01-09T09:15:00Z,9299.0
2019-01-09T09:20:00Z,9087.0
2019-01-09T09:25:00Z,8314.0
2019-01-09T09:30:00Z,9679.0
2019-01-09T09:35:00Z,8610.0
2019-01-09T09:40:00Z,8861.0
2019-01-09T09:45:00Z,9334.0
2019-01-09T09:50:00Z,8205.0
2019-01-09T09:55:00Z,9753.0
2019-01-09T10:00:00Z,9753.0
2019-01-09T10:05:00Z,10557.0
2019-01-09T10:10:00Z,8899.0
2019-01-09T10:15:00Z,7623.0
2019-01-09T10:20:00Z,6958.0
2019-01-09T10:25:00Z,6883.0
2019-01-09T10:30:00Z,8917.0
2019-01-09T10:35:00Z,8861.0
2019-01-09T10:40:00Z,8039.0
2019-01-09T10:45:00Z,10084.0
2019-01-09T10:50:00Z,8168.0
2019-01-09T10:55:00Z,8037.0
2019-01-09T11:00:00Z,9728.0
2019-01-09T11:05:00Z,8569.0
2019-01-09T11:10:00Z,7692.0
2019-01-09T11:15:00Z,8866.0
2019-01-09T11:20:00Z,8078.0
2019-01-09T11:25:00Z,7904.0
2019-01-09T11:30:00Z,7896.0
2019-01-09T11:35:00Z,7689.0
2019-01-09T11:40:00Z,6880.0
2019-01-09T11:45:00Z,8295.0
2019-01-09T11:50:00Z,7315.0
2019-01-09T11:55:00Z,10517.0
2019-01-09T12:00:00Z,28340.0
2019-01-09T12:05:00Z,45059.0
2019-01-09T12:10:00Z,17170.0
2019-01-09T12:15:00Z,7670.0
2019-01-09T12:20:00Z,11585.0
2019-01-09T12:25:00Z,10295.0
2019-01-09T12:30:00Z,10279.0
2019-01-09T12:35:00Z,9760.0
2019-01-09T12:40:00Z,8809.0
2019-01-09T12:45:00Z,12255.0
2019-01-09T12:50:00Z,11224.0
2019-01-09T12:55:00Z,10730.0
2019-01-09T13:00:00Z,10127.0
2019-01-09T13:05:00Z,11923.0
2019-01-09T13:10:00Z,11375.0
2019-01-09T13:15:00Z,11836.0
2019-01-09T13:20:00Z,12958.0
2019-01-09T13:25:00Z,11501.0
2019-01-09T13:30:00Z,14081.0
2019-01-09T13:35:00Z,17367.0
2019-01-09T13:40:00Z,14501.0
2019-01-09T13:45:00Z,14869.0
2019-01-09T13:50:00Z,17011.0
2019-01-09T13:55:00Z,15591.0
2019-01-09T14:00:00Z,19516.0
2019-01-09T14:05:00Z,17513.0
2019-01-09T14:10:00Z,17808.0
2019-01-09T14:15:00Z,16094.0
2019-01-09T14:20:00Z,17097.0
2019-01-09T14:25:00Z,20244.0
2019-01-09T14:30:00Z,21529.0
2019-01-09T14:35:00Z,19963.0
2019-01-09T14:40:00Z,20805.0
2019-01-09T14:45:00Z,22387.0
2019-01-09T14:50:00Z,22573.0
2019-01-09T14:55:00Z,22754.0
2019-01-09T15:00:00Z,24933.0
2019-01-09T15:05:00Z,24025.0
2019-01-09T15:10:00Z,25555.0
2019-01-09T15:15:00Z,23969.0
2019-01-09T15:20:00Z,24269.0
2019-01-09T15:25:00Z,24815.0
2019-01-09T15:30:00Z,30410.0
2019-01-09T15:35:00Z,29079.0
2019-01-09T15:40:00Z,26351.0
2019-01-09T15:45:00Z,29519.0
2019-01-09T15:50:00Z,27788.0
2019-01-09T15:55:00Z,34962.0
2019-01-09T16:00:00Z,60913.0
2019-01-09T16:05:00Z,55081.0
2019-01-09T16:10:00Z,30280.0
2019-01-09T16:15:00Z,34510.0
2019-01-09T16:20:00Z,33111.0
2019-01-09T16:25:00Z,34828.0
2019-01-09T16:30:00Z,37235.0
2019-01-09T16:35:00Z,37045.0
2019-01-09T16:40:00Z,42516.0
2019-01-09T16:45:00Z,40537.0
2019-01-09T16:50:00Z,40045.0
2019-01-09T16:55:00Z,42540.0
2019-01-09T17:00:00Z,46456.0
2019-01-09T17:05:00Z,48893.0
2019-01-09T17:10:00Z,51306.0
2019-01-09T17:15:00Z,47524.0
2019-01-09T17:20:00Z,51916.0
2019-01-09T17:25:00Z,48010.0
2019-01-09T17:30:00Z,47618.0
2019-01-09T17:35:00Z,54037.0
2019-01-09T17:40:00Z,52437.0
2019-01-09T17:45:00Z,56541.0
2019-01-09T17:50:00Z,58436.0
2019-01-09T17:55:00Z,61481.0
2019-01-09T18:00:00Z,54649.0
2019-01-09T18:05:00Z,59549.0
2019-01-09T18:10:00Z,63253.0
2019-01-09T18:15:00Z,54857.0
2019-01-09T18:20:00Z,56180.0
2019-01-09T18:25:00Z,58788.0
2019-01-09T18:30:00Z,62414.0
2019-01-09T18:35:00Z,62910.0
2019-01-09T18:40:00Z,65096.0
2019-01-09T18:45:00Z,61555.0
2019-01-09T18:50:00Z,64514.0
2019-01-09T18:55:00Z,66512.0
2019-01-09T19:00:00Z,66457.0
2019-01-09T19:05:00Z,69095.0
2019-01-09T19:10:00Z,64893.0
2019-01-09T19:15:00Z,62015.0
2019-01-09T19:20:00Z,62418.0
2019-01-09T19:25:00Z,63839.0
2019-01-09T19:30:00Z,63475.0
2019-01-09T19:35:00Z,65307.0
2019-01-09T19:40:00Z,62141.0
2019-01-09T19:45:00Z,57932.0
2019-01-09T19:50:00Z,64299.0
2019-01-09T19:55:00Z,66444.0
2019-01-09T20:00:00Z,72020.0
2019-01-09T20:05:00Z,75679.0
2019-01-09T20:10:00Z,91695.0
2019-01-09T20:15:00Z,59302.0
2019-01-09T20:20:00Z,55922.0
2019-01-09T20:25:00Z,56359.0
2019-01-09T20:30:00Z,55079.0
2019-01-09T20:35:00Z,58884.0
2019-01-09T20:40:00Z,54720.0
2019-01-09T20:45:00Z,61996.0
2019-01-09T20:50:00Z,59333.0
2019-01-09T20:55:00Z,56550.0
2019-01-09T21:00:00Z,61856.0
2019-01-09T21:05:00Z,61511.0
2019-01-09T21:10:00Z,64873.0
2019-01-09T21:15:00Z,59178.0
2019-01-09T21:20:00Z,59214.0
2019-01-09T21:25:00Z,60991.0
2019-01-09T21:30:00Z,62115.0
2019-01-09T21:35:00Z,63146.0
2019-01-09T21:40:00Z,68494.0
2019-01-09T21:45:00Z,66891.0
2019-01-09T21:50:00Z,59902.0
2019-01-09T21:55:00Z,66534.0
2019-01-09T22:00:00Z,65408.0
2019-01-09T22:05:00Z,70877.0
2019-01-09T22:10:00Z,68926.0
2019-01-09T22:15:00Z,60362.0
2019-01-09T22:20:00Z,66418.0
2019-01-09T22:25:00Z,63406.0
2019-01-09T22:30:00Z,63517.0
2019-01-09T22:35:00Z,60199.0
2019-01-09T22:40:00Z,63961.0
2019-01-09T22:45:00Z,65682.0
2019-01-09T22:50:00Z,65324.0
2019-01-09T22:55:00Z,65896.0
2019-01-09T23:00:00Z,59130.0
2019-01-09T23:05:00Z,62166.0
2019-01-09T23:10:00Z,55917.0
2019-01-09T23:15:00Z,59514.0
2019-01-09T23:20:00Z,57682.0
2019-01-09T23:25:00Z,56632.0
2019-01-09T23:30:00Z,56241.0
2019-01-09T23:35:00Z,53074.0
2019-01-09T23:40:00Z,57313.0
2019-01-09T23:45:00Z,55316.0
2019-01-09T23:50:00Z,53511.0
2019-01-09T23:55:00Z,56904.0
2019-01-10T00:00:00Z,95477.0
2019-01-10T00:05:00Z,81195.0
2019-01-10T00:10:00Z,53742.0
2019-01-10T00:15:00Z,50166.0
2019-01-10T00:20:00Z,51538.0
2019-01-10T00:25:00Z,46332.0
2019-01-10T00:30:00Z,50454.0
2019-01-10T00:35:00Z,51129.0
2019-01-10T00:40:00Z,47853.0
2019-01-10T00:45:00Z,47071.0
2019-01-10T00:50:00Z,41907.0
2019-01-10T00:55:00Z,44632.0
2019-01-10T01:00:00Z,46895.0
2019-01-10T01:05:00Z,44030.0
2019-01-10T01:10:00Z,38712.0
2019-01-10T01:15:00Z,36792.0
2019-01-10T01:20:00Z,41089.0
2019-01-10T01:25:00Z,34376.0
2019-01-10T01:30:00Z,36132.0
2019-01-10T01:35:00Z,31524.0
2019-01-10T01:40:00Z,31522.0
2019-01-10T01:45:00Z,32207.0
2019-01-10T01:50:00Z,29576.0
2019-01-10T01:55:00Z,29018.0
2019-01-10T02:00:00Z,27666.0
2019-01-10T02:05:00Z,28509.0
2019-01-10T02:10:00Z,26448.0
2019-01-10T02:15:00Z,26332.0
2019-01-10T02:20:00Z,24149.0
2019-01-10T02:25:00Z,23569.0
2019-01-10T02:30:00Z,26716.0
2019-01-10T02:35:00Z,21075.0
2019-01-10T02:40:00Z,19314.0
2019-01-10T02:45:00Z,23544.0
2019-01-10T02:50:00Z,20793.0
2019-01-10T02:55:00Z,21693.0
2019-01-10T03:00:00Z,19858.0
2019-01-10T03:05:00Z,18596.0
2019-01-10T03:10:00Z,20244.0
2019-01-10T03:15:00Z,17377.0
2019-01-10T03:20:00Z,18152.0
2019-01-10T03:25:00Z,18457.0
2019-01-10T03:30:00Z,18647.0
2019-01-10T03:35:00Z,17646.0
2019-01-10T03:40:00Z,16005.0
2019-01-10T03:45:00Z,18915.0
2019-01-10T03:50:00Z,19376.0
2019-01-10T03:55:00Z,19586.0
2019-01-10T04:00:00Z,34204.0
2019-01-10T04:05:00Z,59344.0
2019-01-10T04:10:00Z,26431.0
2019-01-10T04:15:00Z,17529.0
2019-01-10T04:20:00Z,18548.0
2019-01-10T04:25:00Z,17825.0
2019-01-10T04:30:00Z,18255.0
2019-01-10T04:35:00Z,17334.0
2019-01-10T04:40:00Z,16693.0
2019-01-10T04:45:00Z,16881.0
2019-01-10T04:50:00Z,17871.0
2019-01-10T04:55:00Z,15810.0
2019-01-10T05:00:00Z,18595.0
2019-01-10T05:05:00Z,18782.0
2019-01-10T05:10:00Z,18860.0
2019-01-10T05:15:00Z,19971.0
2019-01-10T05:20:00Z,18713.0
2019-01-10T05:25:00Z,19800.0
2019-01-10T05:30:00Z,21049.0
2019-01-10T05:35:00Z,19405.0
2019-01-10T05:40:00Z,19009.0
2019-01-10T05:45:00Z,19039.0
2019-01-10T05:50:00Z,18334.0
2019-01-10T05:55:00Z,19785.0
2019-01-10T06:00:00Z,19594.0
2019-01-10T06:05:00Z,18162.0
2019-01-10T06:10:00Z,15789.0
2019-01-10T06:15:00Z,17050.0
2019-01-10T06:20:00Z,16921.0
2019-01-10T06:25:00Z,16304.0
2019-01-10T06:30:00Z,14840.0
2019-01-10T06:35:00Z,15434.0
2019-01-10T06:40:00Z,16852.0
2019-01-10T06:45:00Z,17196.0
2019-01-10T06:50:00Z,15066.0
2019-01-10T06:55:00Z,12229.0
2019-01-10T07:00:00Z,14269.0
2019-01-10T07:05:00Z,15633.0
2019-01-10T07:10:00Z,13279.0
2019-01-10T07:15:00Z,12395.0
2019-01-10T07:20:00Z,14903.0
2019-01-10T07:25:00Z,13186.0
2019-01-10T07:30:00Z,12721.0
2019-01-10T07:35:00Z,13518.0
2019-01-10T07:40:00Z,10642.0
2019-01-10T07:45:00Z,10599.0
2019-01-10T07:50:00Z,10431.0
2019-01-10T07:55:00Z,11919.0
2019-01-10T08:00:00Z,36837.0
2019-01-10T08:05:00Z,32802.0
2019-01-10T08:10:00Z,11208.0
2019-01-10T08:15:00Z,11513.0
2019-01-10T08:20:00Z,8875.0
2019-01-10T08:25:00Z,8883.0
2019-01-10T08:30:00Z,9887.0
2019-01-10T08:35:00Z,8171.0
2019-01-10T08:40:00Z,8744.0
2019-01-10T08:45:00Z,8704.0
2019-01-10T08:50:00Z,9698.0
2019-01-10T08:55:00Z,10205.0
2019-01-10T09:00:00Z,11074.0
2019-01-10T09:05:00Z,12363.0
2019-01-10T09:10:00Z,10451.0
2019-01-10T09:15:00Z,9177.0
2019-01-10T09:20:00Z,8816.0
2019-01-10T09:25:00Z,7119.0
2019-01-10T09:30:00Z,8721.0
2019-01-10T09:35:00Z,8855.0
2019-01-10T09:40:00Z,8693.0
2019-01-10T09:45:00Z,9266.0
2019-01-10T09:50:00Z,7435.0
2019-01-10T09:55:00Z,8920.0
2019-01-10T10:00:00Z,8776.0
2019-01-10T10:05:00Z,8183.0
2019-01-10T10:10:00Z,9286.0
2019-01-10T10:15:00Z,8044.0
2019-01-10T10:20:00Z,8177.0
2019-01-10T10:25:00Z,9403.0
2019-01-10T10:30:00Z,7594.0
2019-01-10T10:35:00Z,8272.0
2019-01-10T10:40:00Z,8085.0
2019-01-10T10:45:00Z,8783.0
2019-01-10T10:50:00Z,8977.0
2019-01-10T10:55:00Z,8442.0
2019-01-10T11:00:00Z,8356.0
2019-01-10T11:05:00Z,8645.0
2019-01-10T11:10:00Z,9369.0
2019-01-10T11:15:00Z,8611.0
2019-01-10T11:20:00Z,7548.0
2019-01-10T11:25:00Z,9797.0
2019-01-10T11:30:00Z,9215.0
2019-01-10T11:35:00Z,8505.0
2019-01-10T11:40:00Z,9428.0
2019-01-10T11:45:00Z,9212.0
2019-01-10T11:50:00Z,9134.0
2019-01-10T11:55:00Z,9952.0
2019-01-10T12:00:00Z,31409.0
2019-01-10T12:05:00Z,42726.0
2019-01-10T12:10:00Z,16003.0
2019-01-10T12:15:00Z,8227.0
2019-01-10T12:20:00Z,9124.0
2019-01-10T12:25:00Z,8539.0
2019-01-10T12:30:00Z,8707.0
2019-01-10T12:35:00Z,7950.0
2019-01-10T12:40:00Z,8977.0
2019-01-10T12:45:00Z,7624.0
2019-01-10T12:50:00Z,10038.0
2019-01-10T12:55:00Z,10156.0
2019-01-10T13:00:00Z,8628.0
2019-01-10T13:05:00Z,9702.0
2019-01-10T13:10:00Z,12538.0
2019-01-10T13:15:00Z,10368.0
2019-01-10T13:20:00Z,11723.0
2019-01-10T13:25:00Z,11105.0
2019-01-10T13:30:00Z,10546.0
2019-01-10T13:35:00Z,11668.0
2019-01-10T13:40:00Z,13946.0
2019-01-10T13:45:00Z,12838.0
2019-01-10T13:50:00Z,15953.0
2019-01-10T13:55:00Z,14467.0
2019-01-10T14:00:00Z,15248.0
2019-01-10T14:05:00Z,15754.0
2019-01-10T14:10:00Z,16517.0
2019-01-10T14:15:00Z,15226.0
2019-01-10T14:20:00Z,17182.0
2019-01-10T14:25:00Z,16158.0
2019-01-10T14:30:00Z,17099.0
2019-01-10T14:35:00Z,18528.0
2019-01-10T14:40:00Z,18038.0
2019-01-10T14:45:00Z,17848.0
2019-01-10T14:50:00Z,20303.0
2019-01-10T14:55:00Z,21530.0
2019-01-10T15:00:00Z,22462.0
2019-01-10T15:05:00Z,21799.0
2019-01-10T15:10:00Z,22632.0
2019-01-10T15:15:00Z,21019.0
2019-01-10T15:20:00Z,22257.0
2019-01-10T15:25:00Z,25048.0
2019-01-10T15:30:00Z,24943.0
2019-01-10T15:35:00Z,27421.0
2019-01-10T15:40:00Z,27706.0
2019-01-10T15:45:00Z,26930.0
2019-01-10T15:50:00Z,28127.0
2019-01-10T15:55:00Z,31484.0
2019-01-10T16:00:00Z,47539.0
2019-01-10T16:05:00Z,60958.0
2019-01-10T16:10:00Z,33518.0
2019-01-10T16:15:00Z,33101.0
2019-01-10T16:20:00Z,35785.0
2019-01-10T16:25:00Z,31445.0
2019-01-10T16:30:00Z,37686.0
2019-01-10T16:35:00Z,38686.0
2019-01-10T16:40:00Z,42298.0
2019-01-10T16:45:00Z,44851.0
2019-01-10T16:50:00Z,44810.0
2019-01-10T16:55:00Z,46559.0
2019-01-10T17:00:00Z,45747.0
2019-01-10T17:05:00Z,48723.0
2019-01-10T17:10:00Z,50175.0
2019-01-10T17:15:00Z,50165.0
2019-01-10T17:20:00Z,48215.0
2019-01-10T17:25:00Z,47910.0
2019-01-10T17:30:00Z,50796.0
2019-01-10T17:35:00Z,51485.0
2019-01-10T17:40:00Z,54042.0
2019-01-10T17:45:00Z,54902.0
2019-01-10T17:50:00Z,56763.0
2019-01-10T17:55:00Z,53500.0
2019-01-10T18:00:00Z,53517.0
2019-01-10T18:05:00Z,58939.0
2019-01-10T18:10:00Z,61432.0
2019-01-10T18:15:00Z,59593.0
2019-01-10T18:20:00Z,59221.0
2019-01-10T18:25:00Z,58891.0
2019-01-10T18:30:00Z,62458.0
2019-01-10T18:35:00Z,63145.0
2019-01-10T18:40:00Z,60843.0
2019-01-10T18:45:00Z,62549.0
2019-01-10T18:50:00Z,62948.0
2019-01-10T18:55:00Z,59464.0
2019-01-10T19:00:00Z,65002.0
2019-01-10T19:05:00Z,66877.0
2019-01-10T19:10:00Z,63054.0
2019-01-10T19:15:00Z,57407.0
2019-01-10T19:20:00Z,58081.0
2019-01-10T19:25:00Z,57115.0
2019-01-10T19:30:00Z,60401.0
2019-01-10T19:35:00Z,56930.0
2019-01-10T19:40:00Z,62947.0
2019-01-10T19:45:00Z,60392.0
2019-01-10T19:50:00Z,60393.0
2019-01-10T19:55:00Z,57232.0
2019-01-10T20:00:00Z,71563.0
2019-01-10T20:05:00Z,95025.0
2019-01-10T20:10:00Z,65486.0
2019-01-10T20:15:00Z,55537.0
2019-01-10T20:20:00Z,48879.0
2019-01-10T20:25:00Z,51991.0
2019-01-10T20:30:00Z,55044.0
2019-01-10T20:35:00Z,52911.0
2019-01-10T20:40:00Z,52644.0
2019-01-10T20:45:00Z,57213.0
2019-01-10T20:50:00Z,57285.0
2019-01-10T20:55:00Z,55467.0
2019-01-10T21:00:00Z,56396.0
2019-01-10T21:05:00Z,60061.0
2019-01-10T21:10:00Z,60854.0
2019-01-10T21:15:00Z,59737.0
2019-01-10T21:20:00Z,64769.0
2019-01-10T21:25:00Z,65332.0
2019-01-10T21:30:00Z,63036.0
2019-01-10T21:35:00Z,66559.0
2019-01-10T21:40:00Z,68353.0
2019-01-10T21:45:00Z,77219.0
2019-01-10T21:50:00Z,75976.0
2019-01-10T21:55:00Z,72010.0
2019-01-10T22:00:00Z,70210.0
2019-01-10T22:05:00Z,66234.0
2019-01-10T22:10:00Z,67889.0
2019-01-10T22:15:00Z,67291.0
2019-01-10T22:20:00Z,64438.0
2019-01-10T22:25:00Z,62093.0
2019-01-10T22:30:00Z,65262.0
2019-01-10T22:35:00Z,60247.0
2019-01-10T22:40:00Z,60650.0
2019-01-10T22:45:00Z,61565.0
2019-01-10T22:50:00Z,60208.0
2019-01-10T22:55:00Z,57473.0
2019-01-10T23:00:00Z,66049.0
2019-01-10T23:05:00Z,62987.0
2019-01-10T23:10:00Z,58449.0
2019-01-10T23:15:00Z,55625.0
2019-01-10T23:20:00Z,55080.0
2019-01-10T23:25:00Z,56367.0
2019-01-10T23:30:00Z,55442.0
2019-01-10T23:35:00Z,57633.0
2019-01-10T23:40:00Z,56943.0
2019-01-10T23:45:00Z,54973.0
2019-01-10T23:50:00Z,57132.0
2019-01-10T23:55:00Z,56293.0
2019-01-11T00:00:00Z,72836.0
2019-01-11T00:05:00Z,101341.0
2019-01-11T00:10:00Z,68018.0
2019-01-11T00:15:00Z,53886.0
2019-01-11T00:20:00Z,49419.0
2019-01-11T00:25:00Z,47245.0
2019-01-11T00:30:00Z,43939.0
2019-01-11T00:35:00Z,47141.0
2019-01-11T00:40:00Z,49261.0
2019-01-11T00:45:00Z,45942.0
2019-01-11T00:50:00Z,45272.0
2019-01-11T00:55:00Z,44143.0
2019-01-11T01:00:00Z,43915.0
2019-01-11T01:05:00Z,42613.0
2019-01-11T01:10:00Z,37221.0
2019-01-11T01:15:00Z,36654.0
2019-01-11T01:20:00Z,39271.0
2019-01-11T01:25:00Z,34265.0
2019-01-11T01:30:00Z,32664.0
2019-01-11T01:35:00Z,30141.0
2019-01-11T01:40:00Z,32695.0
2019-01-11T01:45:00Z,31880.0
2019-01-11T01:50:00Z,31636.0
2019-01-11T01:55:00Z,29981.0
2019-01-11T02:00:00Z,29740.0
2019-01-11T02:05:00Z,29893.0
2019-01-11T02:10:00Z,27057.0
2019-01-11T02:15:00Z,25041.0
2019-01-11T02:20:00Z,23252.0
2019-01-11T02:25:00Z,24241.0
2019-01-11T02:30:00Z,22022.0
2019-01-11T02:35:00Z,22475.0
2019-01-11T02:40:00Z,20953.0
2019-01-11T02:45:00Z,22508.0
2019-01-11T02:50:00Z,21212.0
2019-01-11T02:55:00Z,19434.0
2019-01-11T03:00:00Z,17976.0
2019-01-11T03:05:00Z,19956.0
2019-01-11T03:10:00Z,18382.0
2019-01-11T03:15:00Z,17711.0
2019-01-11T03:20:00Z,17178.0
2019-01-11T03:25:00Z,16657.0
2019-01-11T03:30:00Z,15860.0
2019-01-11T03:35:00Z,16575.0
2019-01-11T03:40:00Z,15960.0
2019-01-11T03:45:00Z,15957.0
2019-01-11T03:50:00Z,15212.0
2019-01-11T03:55:00Z,17501.0
2019-01-11T04:00:00Z,48326.0
2019-01-11T04:05:00Z,57454.0
2019-01-11T04:10:00Z,29410.0
2019-01-11T04:15:00Z,16761.0
2019-01-11T04:20:00Z,19496.0
2019-01-11T04:25:00Z,17851.0
2019-01-11T04:30:00Z,18143.0
2019-01-11T04:35:00Z,16801.0
2019-01-11T04:40:00Z,15545.0
2019-01-11T04:45:00Z,14431.0
2019-01-11T04:50:00Z,18674.0
2019-01-11T04:55:00Z,19167.0
2019-01-11T05:00:00Z,17514.0
2019-01-11T05:05:00Z,18395.0
2019-01-11T05:10:00Z,19970.0
2019-01-11T05:15:00Z,17117.0
2019-01-11T05:20:00Z,14988.0
2019-01-11T05:25:00Z,16124.0
2019-01-11T05:30:00Z,17095.0
2019-01-11T05:35:00Z,17475.0
2019-01-11T05:40:00Z,16166.0
2019-01-11T05:45:00Z,19389.0
2019-01-11T05:50:00Z,17450.0
2019-01-11T05:55:00Z,17940.0
2019-01-11T06:00:00Z,18454.0
2019-01-11T06:05:00Z,16619.0
2019-01-11T06:10:00Z,19822.0
2019-01-11T06:15:00Z,18555.0
2019-01-11T06:20:00Z,16899.0
2019-01-11T06:25:00Z,15377.0
2019-01-11T06:30:00Z,18116.0
2019-01-11T06:35:00Z,17362.0
2019-01-11T06:40:00Z,14870.0
2019-01-11T06:45:00Z,16030.0
2019-01-11T06:50:00Z,15962.0
2019-01-11T06:55:00Z,20376.0
2019-01-11T07:00:00Z,15028.0
2019-01-11T07:05:00Z,18283.0
2019-01-11T07:10:00Z,14460.0
2019-01-11T07:15:00Z,13061.0
2019-01-11T07:20:00Z,14407.0
2019-01-11T07:25:00Z,13344.0
2019-01-11T07:30:00Z,11359.0
2019-01-11T07:35:00Z,11595.0
2019-01-11T07:40:00Z,11474.0
2019-01-11T07:45:00Z,10822.0
2019-01-11T07:50:00Z,11167.0
2019-01-11T07:55:00Z,10037.0
2019-01-11T08:00:00Z,28697.0
2019-01-11T08:05:00Z,47560.0
2019-01-11T08:10:00Z,21264.0
2019-01-11T08:15:00Z,12801.0
2019-01-11T08:20:00Z,9929.0
2019-01-11T08:25:00Z,9238.0
2019-01-11T08:30:00Z,8913.0
2019-01-11T08:35:00Z,10482.0
2019-01-11T08:40:00Z,10794.0
2019-01-11T08:45:00Z,11742.0
2019-01-11T08:50:00Z,9958.0
2019-01-11T08:55:00Z,9051.0
2019-01-11T09:00:00Z,9262.0
2019-01-11T09:05:00Z,8731.0
2019-01-11T09:10:00Z,10794.0
2019-01-11T09:15:00Z,8625.0
2019-01-11T09:20:00Z,8565.0
2019-01-11T09:25:00Z,8518.0
2019-01-11T09:30:00Z,9740.0
2019-01-11T09:35:00Z,9068.0
2019-01-11T09:40:00Z,9516.0
2019-01-11T09:45:00Z,11159.0
2019-01-11T09:50:00Z,9614.0
2019-01-11T09:55:00Z,8636.0
2019-01-11T10:00:00Z,8971.0
2019-01-11T10:05:00Z,8984.0
2019-01-11T10:10:00Z,9299.0
2019-01-11T10:15:00Z,8407.0
2019-01-11T10:20:00Z,8508.0
2019-01-11T10:25:00Z,8176.0
2019-01-11T10:30:00Z,7081.0
2019-01-11T10:35:00Z,7890.0
2019-01-11T10:40:00Z,8868.0
2019-01-11T10:45:00Z,7551.0
2019-01-11T10:50:00Z,8531.0
2019-01-11T10:55:00Z,7451.0
2019-01-11T11:00:00Z,9413.0
2019-01-11T11:05:00Z,7998.0
2019-01-11T11:10:00Z,7841.0
2019-01-11T11:15:00Z,6060.0
2019-01-11T11:20:00Z,7187.0
2019-01-11T11:25:00Z,7482.0
2019-01-11T11:30:00Z,7518.0
2019-01-11T11:35:00Z,8315.0
2019-01-11T11:40:00Z,9491.0
2019-01-11T11:45:00Z,8059.0
2019-01-11T11:50:00Z,9338.0
2019-01-11T11:55:00Z,7050.0
2019-01-11T12:00:00Z,23475.0
2019-01-11T12:05:00Z,53473.0
2019-01-11T12:10:00Z,14620.0
2019-01-11T12:15:00Z,10365.0
2019-01-11T12:20:00Z,8178.0
2019-01-11T12:25:00Z,8859.0
2019-01-11T12:30:00Z,11407.0
2019-01-11T12:35:00Z,8328.0
2019-01-11T12:40:00Z,9887.0
2019-01-11T12:45:00Z,10843.0
2019-01-11T12:50:00Z,10959.0
2019-01-11T12:55:00Z,11236.0
2019-01-11T13:00:00Z,12202.0
2019-01-11T13:05:00Z,11890.0
2019-01-11T13:10:00Z,13638.0
2019-01-11T13:15:00Z,11716.0
2019-01-11T13:20:00Z,12131.0
2019-01-11T13:25:00Z,12213.0
2019-01-11T13:30:00Z,12259.0
2019-01-11T13:35:00Z,13555.0
2019-01-11T13:40:00Z,13700.0
2019-01-11T13:45:00Z,14831.0
2019-01-11T13:50:00Z,15764.0
2019-01-11T13:55:00Z,16244.0
2019-01-11T14:00:00Z,16767.0
2019-01-11T14:05:00Z,14730.0
2019-01-11T14:10:00Z,15913.0
2019-01-11T14:15:00Z,17215.0
2019-01-11T14:20:00Z,15555.0
2019-01-11T14:25:00Z,19522.0
2019-01-11T14:30:00Z,19890.0
2019-01-11T14:35:00Z,17519.0
2019-01-11T14:40:00Z,19090.0
2019-01-11T14:45:00Z,19786.0
2019-01-11T14:50:00Z,20779.0
2019-01-11T14:55:00Z,22571.0
2019-01-11T15:00:00Z,23763.0
2019-01-11T15:05:00Z,23752.0
2019-01-11T15:10:00Z,24678.0
2019-01-11T15:15:00Z,23686.0
2019-01-11T15:20:00Z,24663.0
2019-01-11T15:25:00Z,27958.0
2019-01-11T15:30:00Z,25700.0
2019-01-11T15:35:00Z,24559.0
2019-01-11T15:40:00Z,24902.0
2019-01-11T15:45:00Z,29325.0
2019-01-11T15:50:00Z,28533.0
2019-01-11T15:55:00Z,31016.0
2019-01-11T16:00:00Z,53603.0
2019-01-11T16:05:00Z,67332.0
2019-01-11T16:10:00Z,36381.0
2019-01-11T16:15:00Z,32610.0
2019-01-11T16:20:00Z,33570.0
2019-01-11T16:25:00Z,34466.0
2019-01-11T16:30:00Z,35558.0
2019-01-11T16:35:00Z,38849.0
2019-01-11T16:40:00Z,40955.0
2019-01-11T16:45:00Z,42871.0
2019-01-11T16:50:00Z,41029.0
2019-01-11T16:55:00Z,45544.0
2019-01-11T17:00:00Z,44842.0
2019-01-11T17:05:00Z,50975.0
2019-01-11T17:10:00Z,48328.0
2019-01-11T17:15:00Z,44568.0
2019-01-11T17:20:00Z,44175.0
2019-01-11T17:25:00Z,53499.0
2019-01-11T17:30:00Z,51654.0
2019-01-11T17:35:00Z,52167.0
2019-01-11T17:40:00Z,53903.0
2019-01-11T17:45:00Z,52241.0
2019-01-11T17:50:00Z,59021.0
2019-01-11T17:55:00Z,57022.0
2019-01-11T18:00:00Z,64335.0
2019-01-11T18:05:00Z,60166.0
2019-01-11T18:10:00Z,60547.0
2019-01-11T18:15:00Z,59601.0
2019-01-11T18:20:00Z,56477.0
2019-01-11T18:25:00Z,59221.0
2019-01-11T18:30:00Z,60523.0
2019-01-11T18:35:00Z,61670.0
2019-01-11T18:40:00Z,61387.0
2019-01-11T18:45:00Z,65471.0
2019-01-11T18:50:00Z,61738.0
2019-01-11T18:55:00Z,61446.0
2019-01-11T19:00:00Z,61152.0
2019-01-11T19:05:00Z,60448.0
2019-01-11T19:10:00Z,61563.0
2019-01-11T19:15:00Z,58839.0
2019-01-11T19:20:00Z,56238.0
2019-01-11T19:25:00Z,60226.0
2019-01-11T19:30:00Z,59007.0
2019-01-11T19:35:00Z,63281.0
2019-01-11T19:40:00Z,57582.0
2019-01-11T19:45:00Z,60265.0
2019-01-11T19:50:00Z,61453.0
2019-01-11T19:55:00Z,59354.0
2019-01-11T20:00:00Z,79308.0
2019-01-11T20:05:00Z,95122.0
2019-01-11T20:10:00Z,63802.0
2019-01-11T20:15:00Z,50307.0
2019-01-11T20:20:00Z,49349.0
2019-01-11T20:25:00Z,53462.0
2019-01-11T20:30:00Z,52201.0
2019-01-11T20:35:00Z,53753.0
2019-01-11T20:40:00Z,51785.0
2019-01-11T20:45:00Z,54346.0
2019-01-11T20:50:00Z,57054.0
2019-01-11T20:55:00Z,54704.0
2019-01-11T21:00:00Z,59608.0
2019-01-11T21:05:00Z,60299.0
2019-01-11T21:10:00Z,59553.0
2019-01-11T21:15:00Z,57034.0
2019-01-11T21:20:00Z,52185.0
2019-01-11T21:25:00Z,55217.0
2019-01-11T21:30:00Z,59206.0
2019-01-11T21:35:00Z,56466.0
2019-01-11T21:40:00Z,58963.0
2019-01-11T21:45:00Z,61465.0
2019-01-11T21:50:00Z,57304.0
2019-01-11T21:55:00Z,60075.0
2019-01-11T22:00:00Z,55395.0
2019-01-11T22:05:00Z,67399.0
2019-01-11T22:10:00Z,76275.0
2019-01-11T22:15:00Z,64602.0
2019-01-11T22:20:00Z,59925.0
2019-01-11T22:25:00Z,59363.0
2019-01-11T22:30:00Z,63959.0
2019-01-11T22:35:00Z,62449.0
2019-01-11T22:40:00Z,54153.0
2019-01-11T22:45:00Z,57916.0
2019-01-11T22:50:00Z,64467.0
2019-01-11T22:55:00Z,62076.0
2019-01-11T23:00:00Z,61691.0
2019-01-11T23:05:00Z,59042.0
2019-01-11T23:10:00Z,54770.0
2019-01-11T23:15:00Z,51200.0
2019-01-11T23:20:00Z,49554.0
2019-01-11T23:25:00Z,54113.0
2019-01-11T23:30:00Z,52373.0
2019-01-11T23:35:00Z,49114.0
2019-01-11T23:40:00Z,52857.0
2019-01-11T23:45:00Z,46134.0
2019-01-11T23:50:00Z,49193.0
2019-01-11T23:55:00Z,46638.0
2019-01-12T00:00:00Z,74373.0
2019-01-12T00:05:00Z,78027.0
2019-01-12T00:10:00Z,60267.0
2019-01-12T00:15:00Z,44269.0
2019-01-12T00:20:00Z,45367.0
2019-01-12T00:25:00Z,42593.0
2019-01-12T00:30:00Z,41568.0
2019-01-12T00:35:00Z,38374.0
2019-01-12T00:40:00Z,37692.0
2019-01-12T00:45:00Z,39576.0
2019-01-12T00:50:00Z,36470.0
2019-01-12T00:55:00Z,34219.0
2019-01-12T01:00:00Z,31439.0
2019-01-12T01:05:00Z,34736.0
2019-01-12T01:10:00Z,31188.0
2019-01-12T01:15:00Z,27280.0
2019-01-12T01:20:00Z,24670.0
2019-01-12T01:25:00Z,21930.0
2019-01-12T01:30:00Z,23977.0
2019-01-12T01:35:00Z,23192.0
2019-01-12T01:40:00Z,23524.0
2019-01-12T01:45:00Z,21227.0
2019-01-12T01:50:00Z,21320.0
2019-01-12T01:55:00Z,22477.0
2019-01-12T02:00:00Z,17611.0
2019-01-12T02:05:00Z,16532.0
2019-01-12T02:10:00Z,17689.0
2019-01-12T02:15:00Z,17260.0
2019-01-12T02:20:00Z,15626.0
2019-01-12T02:25:00Z,15794.0
2019-01-12T02:30:00Z,15709.0
2019-01-12T02:35:00Z,14273.0
2019-01-12T02:40:00Z,13189.0
2019-01-12T02:45:00Z,13854.0
2019-01-12T02:50:00Z,10365.0
2019-01-12T02:55:00Z,11179.0
2019-01-12T03:00:00Z,11848.0
2019-01-12T03:05:00Z,11753.0
2019-01-12T03:10:00Z,8923.0
2019-01-12T03:15:00Z,10804.0
2019-01-12T03:20:00Z,8185.0
2019-01-12T03:25:00Z,8416.0
2019-01-12T03:30:00Z,8997.0
2019-01-12T03:35:00Z,9070.0
2019-01-12T03:40:00Z,8046.0
2019-01-12T03:45:00Z,8606.0
2019-01-12T03:50:00Z,8345.0
2019-01-12T03:55:00Z,10773.0
2019-01-12T04:00:00Z,25570.0
2019-01-12T04:05:00Z,48652.0
2019-01-12T04:10:00Z,25136.0
2019-01-12T04:15:00Z,9574.0
2019-01-12T04:20:00Z,8277.0
2019-01-12T04:25:00Z,7920.0
2019-01-12T04:30:00Z,8476.0
2019-01-12T04:35:00Z,8234.0
2019-01-12T04:40:00Z,7537.0
2019-01-12T04:45:00Z,9553.0
2019-01-12T04:50:00Z,9170.0
2019-01-12T04:55:00Z,7144.0
2019-01-12T05:00:00Z,7529.0
2019-01-12T05:05:00Z,8086.0
2019-01-12T05:10:00Z,5616.0
2019-01-12T05:15:00Z,6188.0
2019-01-12T05:20:00Z,7033.0
2019-01-12T05:25:00Z,6513.0
2019-01-12T05:30:00Z,6172.0
2019-01-12T05:35:00Z,7100.0
2019-01-12T05:40:00Z,7473.0
2019-01-12T05:45:00Z,7066.0
2019-01-12T05:50:00Z,5566.0
2019-01-12T05:55:00Z,6806.0
2019-01-12T06:00:00Z,6624.0
2019-01-12T06:05:00Z,7513.0
2019-01-12T06:10:00Z,6901.0
2019-01-12T06:15:00Z,6082.0
2019-01-12T06:20:00Z,6943.0
2019-01-12T06:25:00Z,7256.0
2019-01-12T06:30:00Z,6948.0
2019-01-12T06:35:00Z,6410.0
2019-01-12T06:40:00Z,5614.0
2019-01-12T06:45:00Z,6601.0
2019-01-12T06:50:00Z,4583.0
2019-01-12T06:55:00Z,5314.0
2019-01-12T07:00:00Z,4987.0
2019-01-12T07:05:00Z,6365.0
2019-01-12T07:10:00Z,4926.0
2019-01-12T07:15:00Z,5476.0
2019-01-12T07:20:00Z,4985.0
2019-01-12T07:25:00Z,5642.0
2019-01-12T07:30:00Z,5769.0
2019-01-12T07:35:00Z,3835.0
2019-01-12T07:40:00Z,4583.0
2019-01-12T07:45:00Z,5409.0
2019-01-12T07:50:00Z,4610.0
2019-01-12T07:55:00Z,6760.0
2019-01-12T08:00:00Z,25822.0
2019-01-12T08:05:00Z,41522.0
2019-01-12T08:10:00Z,12665.0
2019-01-12T08:15:00Z,7215.0
2019-01-12T08:20:00Z,6960.0
2019-01-12T08:25:00Z,4354.0
2019-01-12T08:30:00Z,4033.0
2019-01-12T08:35:00Z,4730.0
2019-01-12T08:40:00Z,5332.0
2019-01-12T08:45:00Z,4565.0
2019-01-12T08:50:00Z,3957.0
2019-01-12T08:55:00Z,4518.0
2019-01-12T09:00:00Z,4205.0
2019-01-12T09:05:00Z,4672.0
2019-01-12T09:10:00Z,4781.0
2019-01-12T09:15:00Z,3413.0
2019-01-12T09:20:00Z,4120.0
2019-01-12T09:25:00Z,2976.0
2019-01-12T09:30:00Z,3207.0
2019-01-12T09:35:00Z,3279.0
2019-01-12T09:40:00Z,3374.0
2019-01-12T09:45:00Z,3078.0
2019-01-12T09:50:00Z,3841.0
2019-01-12T09:55:00Z,2925.0
2019-01-12T10:00:00Z,2168.0
2019-01-12T10:05:00Z,4006.0
2019-01-12T10:10:00Z,3361.0
2019-01-12T10:15:00Z,2915.0
2019-01-12T10:20:00Z,2771.0
2019-01-12T10:25:00Z,2270.0
2019-01-12T10:30:00Z,2680.0
2019-01-12T10:35:00Z,3080.0
2019-01-12T10:40:00Z,2149.0
2019-01-12T10:45:00Z,2075.0
2019-01-12T10:50:00Z,2243.0
2019-01-12T10:55:00Z,1750.0
2019-01-12T11:00:00Z,2100.0
2019-01-12T11:05:00Z,2727.0
2019-01-12T11:10:00Z,2436.0
2019-01-12T11:15:00Z,2744.0
2019-01-12T11:20:00Z,2378.0
2019-01-12T11:25:00Z,2340.0
2019-01-12T11:30:00Z,1892.0
2019-01-12T11:35:00Z,2936.0
2019-01-12T11:40:00Z,2198.0
2019-01-12T11:45:00Z,2687.0
2019-01-12T11:50:00Z,1750.0
2019-01-12T11:55:00Z,2727.0
2019-01-12T12:00:00Z,22931.0
2019-01-12T12:05:00Z,49383.0
2019-01-12T12:10:00Z,11791.0
2019-01-12T12:15:00Z,2905.0
2019-01-12T12:20:00Z,3164.0
2019-01-12T12:25:00Z,2387.0
2019-01-12T12:30:00Z,2347.0
2019-01-12T12:35:00Z,3303.0
2019-01-12T12:40:00Z,2205.0
2019-01-12T12:45:00Z,2547.0
2019-01-12T12:50:00Z,3048.0
2019-01-12T12:55:00Z,3775.0
2019-01-12T13:00:00Z,3078.0
2019-01-12T13:05:00Z,4162.0
2019-01-12T13:10:00Z,3367.0
2019-01-12T13:15:00Z,3985.0
2019-01-12T13:20:00Z,3435.0
2019-01-12T13:25:00Z,3365.0
2019-01-12T13:30:00Z,3509.0
2019-01-12T13:35:00Z,3642.0
2019-01-12T13:40:00Z,3909.0
2019-01-12T13:45:00Z,4145.0
2019-01-12T13:50:00Z,2764.0
2019-01-12T13:55:00Z,3389.0
2019-01-12T14:00:00Z,4209.0
2019-01-12T14:05:00Z,4099.0
2019-01-12T14:10:00Z,5009.0
2019-01-12T14:15:00Z,4353.0
2019-01-12T14:20:00Z,7007.0
2019-01-12T14:25:00Z,5322.0
2019-01-12T14:30:00Z,4212.0
2019-01-12T14:35:00Z,3224.0
2019-01-12T14:40:00Z,5161.0
2019-01-12T14:45:00Z,6348.0
2019-01-12T14:50:00Z,6294.0
2019-01-12T14:55:00Z,4041.0
2019-01-12T15:00:00Z,3344.0
2019-01-12T15:05:00Z,4933.0
2019-01-12T15:10:00Z,4436.0
2019-01-12T15:15:00Z,4330.0
2019-01-12T15:20:00Z,4276.0
2019-01-12T15:25:00Z,3943.0
2019-01-12T15:30:00Z,4427.0
2019-01-12T15:35:00Z,4795.0
2019-01-12T15:40:00Z,3518.0
2019-01-12T15:45:00Z,4530.0
2019-01-12T15:50:00Z,4750.0
2019-01-12T15:55:00Z,6122.0
2019-01-12T16:00:00Z,22369.0
2019-01-12T16:05:00Z,38035.0
2019-01-12T16:10:00Z,21964.0
2019-01-12T16:15:00Z,6133.0
2019-01-12T16:20:00Z,5942.0
2019-01-12T16:25:00Z,6077.0
2019-01-12T16:30:00Z,4731.0
2019-01-12T16:35:00Z,4979.0
2019-01-12T16:40:00Z,5201.0
2019-01-12T16:45:00Z,4599.0
2019-01-12T16:50:00Z,5373.0
2019-01-12T16:55:00Z,4508.0
2019-01-12T17:00:00Z,5501.0
2019-01-12T17:05:00Z,5666.0
2019-01-12T17:10:00Z,5476.0
2019-01-12T17:15:00Z,5042.0
2019-01-12T17:20:00Z,5192.0
2019-01-12T17:25:00Z,5621.0
2019-01-12T17:30:00Z,6029.0
2019-01-12T17:35:00Z,5294.0
2019-01-12T17:40:00Z,6343.0
2019-01-12T17:45:00Z,4281.0
2019-01-12T17:50:00Z,5103.0
2019-01-12T17:55:00Z,5117.0
2019-01-12T18:00:00Z,7217.0
2019-01-12T18:05:00Z,7206.0
2019-01-12T18:10:00Z,6741.0
2019-01-12T18:15:00Z,7068.0
2019-01-12T18:20:00Z,6475.0
2019-01-12T18:25:00Z,5255.0
2019-01-12T18:30:00Z,8946.0
2019-01-12T18:35:00Z,7717.0
2019-01-12T18:40:00Z,6248.0
2019-01-12T18:45:00Z,6418.0
2019-01-12T18:50:00Z,6016.0
2019-01-12T18:55:00Z,5874.0
2019-01-12T19:00:00Z,6530.0
2019-01-12T19:05:00Z,5759.0
2019-01-12T19:10:00Z,7465.0
2019-01-12T19:15:00Z,7009.0
2019-01-12T19:20:00Z,5159.0
2019-01-12T19:25:00Z,4878.0
2019-01-12T19:30:00Z,6949.0
2019-01-12T19:35:00Z,6987.0
2019-01-12T19:40:00Z,6892.0
2019-01-12T19:45:00Z,5665.0
2019-01-12T19:50:00Z,6245.0
2019-01-12T19:55:00Z,5202.0
2019-01-12T20:00:00Z,19113.0
2019-01-12T20:05:00Z,48624.0
2019-01-12T20:10:00Z,26834.0
2019-01-12T20:15:00Z,9520.0
2019-01-12T20:20:00Z,5609.0
2019-01-12T20:25:00Z,6354.0
2019-01-12T20:30:00Z,6433.0
2019-01-12T20:35:00Z,6050.0
2019-01-12T20:40:00Z,6187.0
2019-01-12T20:45:00Z,6564.0
2019-01-12T20:50:00Z,5595.0
2019-01-12T20:55:00Z,3628.0
2019-01-12T21:00:00Z,5660.0
2019-01-12T21:05:00Z,5828.0
2019-01-12T21:10:00Z,4484.0
2019-01-12T21:15:00Z,6946.0
2019-01-12T21:20:00Z,5891.0
2019-01-12T21:25:00Z,5953.0
2019-01-12T21:30:00Z,6498.0
2019-01-12T21:35:00Z,6124.0
2019-01-12T21:40:00Z,5653.0
2019-01-12T21:45:00Z,5447.0
2019-01-12T21:50:00Z,5514.0
2019-01-12T21:55:00Z,5989.0
2019-01-12T22:00:00Z,6004.0
2019-01-12T22:05:00Z,11419.0
2019-01-12T22:10:00Z,11168.0
2019-01-12T22:15:00Z,8915.0
2019-01-12T22:20:00Z,7402.0
2019-01-12T22:25:00Z,5878.0
2019-01-12T22:30:00Z,6413.0
2019-01-12T22:35:00Z,5993.0
2019-01-12T22:40:00Z,6214.0
2019-01-12T22:45:00Z,5601.0
2019-01-12T22:50:00Z,5272.0
2019-01-12T22:55:00Z,6055.0
2019-01-12T23:00:00Z,4857.0
2019-01-12T23:05:00Z,5893.0
2019-01-12T23:10:00Z,6502.0
2019-01-12T23:15:00Z,5525.0
2019-01-12T23:20:00Z,5124.0
2019-01-12T23:25:00Z,5529.0
2019-01-12T23:30:00Z,5224.0
2019-01-12T23:35:00Z,5760.0
2019-01-12T23:40:00Z,5865.0
2019-01-12T23:45:00Z,4996.0
2019-01-12T23:50:00Z,4579.0
2019-01-12T23:55:00Z,9443.0
2019-01-13T00:00:00Z,31606.0
2019-01-13T00:05:00Z,37242.0
2019-01-13T00:10:00Z,16651.0
2019-01-13T00:15:00Z,8906.0
2019-01-13T00:20:00Z,5454.0
2019-01-13T00:25:00Z,5465.0
2019-01-13T00:30:00Z,6032.0
2019-01-13T00:35:00Z,6876.0
2019-01-13T00:40:00Z,6538.0
2019-01-13T00:45:00Z,6109.0
2019-01-13T00:50:00Z,5719.0
2019-01-13T00:55:00Z,5457.0
2019-01-13T01:00:00Z,5619.0
2019-01-13T01:05:00Z,5464.0
2019-01-13T01:10:00Z,4692.0
2019-01-13T01:15:00Z,5434.0
2019-01-13T01:20:00Z,5644.0
2019-01-13T01:25:00Z,4063.0
2019-01-13T01:30:00Z,6034.0
2019-01-13T01:35:00Z,5281.0
2019-01-13T01:40:00Z,4940.0
2019-01-13T01:45:00Z,4407.0
2019-01-13T01:50:00Z,4343.0
2019-01-13T01:55:00Z,4202.0
2019-01-13T02:00:00Z,5201.0
2019-01-13T02:05:00Z,6483.0
2019-01-13T02:10:00Z,5988.0
2019-01-13T02:15:00Z,5693.0
2019-01-13T02:20:00Z,5058.0
2019-01-13T02:25:00Z,5148.0
2019-01-13T02:30:00Z,5446.0
2019-01-13T02:35:00Z,4399.0
2019-01-13T02:40:00Z,5048.0
2019-01-13T02:45:00Z,3699.0
2019-01-13T02:50:00Z,2985.0
2019-01-13T02:55:00Z,3282.0
2019-01-13T03:00:00Z,4703.0
2019-01-13T03:05:00Z,4417.0
2019-01-13T03:10:00Z,4076.0
2019-01-13T03:15:00Z,3582.0
2019-01-13T03:20:00Z,3667.0
2019-01-13T03:25:00Z,3505.0
2019-01-13T03:30:00Z,4214.0
2019-01-13T03:35:00Z,4076.0
2019-01-13T03:40:00Z,3827.0
2019-01-13T03:45:00Z,3673.0
2019-01-13T03:50:00Z,3742.0
2019-01-13T03:55:00Z,6104.0
2019-01-13T04:00:00Z,40107.0
2019-01-13T04:05:00Z,38564.0
2019-01-13T04:10:00Z,14876.0
2019-01-13T04:15:00Z,5785.0
2019-01-13T04:20:00Z,4969.0
2019-01-13T04:25:00Z,4971.0
2019-01-13T04:30:00Z,4999.0
2019-01-13T04:35:00Z,4198.0
2019-01-13T04:40:00Z,2581.0
2019-01-13T04:45:00Z,5368.0
2019-01-13T04:50:00Z,8841.0
2019-01-13T04:55:00Z,7006.0
2019-01-13T05:00:00Z,3931.0
2019-01-13T05:05:00Z,3330.0
2019-01-13T05:10:00Z,5054.0
2019-01-13T05:15:00Z,8934.0
2019-01-13T05:20:00Z,10922.0
2019-01-13T05:25:00Z,10784.0
2019-01-13T05:30:00Z,9356.0
2019-01-13T05:35:00Z,9103.0
2019-01-13T05:40:00Z,8875.0
2019-01-13T05:45:00Z,8182.0
2019-01-13T05:50:00Z,8599.0
2019-01-13T05:55:00Z,11405.0
2019-01-13T06:00:00Z,14857.0
2019-01-13T06:05:00Z,11848.0
2019-01-13T06:10:00Z,4295.0
2019-01-13T06:15:00Z,5265.0
2019-01-13T06:20:00Z,3704.0
2019-01-13T06:25:00Z,3944.0
2019-01-13T06:30:00Z,4005.0
2019-01-13T06:35:00Z,3141.0
2019-01-13T06:40:00Z,3527.0
2019-01-13T06:45:00Z,3009.0
2019-01-13T06:50:00Z,2817.0
2019-01-13T06:55:00Z,3794.0
2019-01-13T07:00:00Z,2386.0
2019-01-13T07:05:00Z,3590.0
2019-01-13T07:10:00Z,3064.0
2019-01-13T07:15:00Z,3151.0
2019-01-13T07:20:00Z,2653.0
2019-01-13T07:25:00Z,3492.0
2019-01-13T07:30:00Z,3366.0
2019-01-13T07:35:00Z,2559.0
2019-01-13T07:40:00Z,2377.0
2019-01-13T07:45:00Z,3436.0
2019-01-13T07:50:00Z,3763.0
2019-01-13T07:55:00Z,5441.0
2019-01-13T08:00:00Z,32235.0
2019-01-13T08:05:00Z,31059.0
2019-01-13T08:10:00Z,16969.0
2019-01-13T08:15:00Z,5547.0
2019-01-13T08:20:00Z,2426.0
2019-01-13T08:25:00Z,2948.0
2019-01-13T08:30:00Z,2189.0
2019-01-13T08:35:00Z,2303.0
2019-01-13T08:40:00Z,2196.0
2019-01-13T08:45:00Z,3025.0
2019-01-13T08:50:00Z,2818.0
2019-01-13T08:55:00Z,2802.0
2019-01-13T09:00:00Z,4587.0
2019-01-13T09:05:00Z,4052.0
2019-01-13T09:10:00Z,2580.0
2019-01-13T09:15:00Z,2865.0
2019-01-13T09:20:00Z,3127.0
2019-01-13T09:25:00Z,2549.0
2019-01-13T09:30:00Z,2679.0
2019-01-13T09:35:00Z,3109.0
2019-01-13T09:40:00Z,2345.0
2019-01-13T09:45:00Z,2280.0
2019-01-13T09:50:00Z,2162.0
2019-01-13T09:55:00Z,2646.0
2019-01-13T10:00:00Z,2000.0
2019-01-13T10:05:00Z,2855.0
2019-01-13T10:10:00Z,2914.0
2019-01-13T10:15:00Z,2520.0
2019-01-13T10:20:00Z,3041.0
2019-01-13T10:25:00Z,3408.0
2019-01-13T10:30:00Z,3236.0
2019-01-13T10:35:00Z,1930.0
2019-01-13T10:40:00Z,2682.0
2019-01-13T10:45:00Z,3598.0
2019-01-13T10:50:00Z,2367.0
2019-01-13T10:55:00Z,2224.0
2019-01-13T11:00:00Z,3691.0
2019-01-13T11:05:00Z,2357.0
2019-01-13T11:10:00Z,3038.0
2019-01-13T11:15:00Z,1767.0
2019-01-13T11:20:00Z,1724.0
2019-01-13T11:25:00Z,1990.0
2019-01-13T11:30:00Z,1820.0
2019-01-13T11:35:00Z,1827.0
2019-01-13T11:40:00Z,2290.0
2019-01-13T11:45:00Z,1817.0
2019-01-13T11:50:00Z,1972.0
2019-01-13T11:55:00Z,2915.0
2019-01-13T12:00:00Z,18141.0
2019-01-13T12:05:00Z,49367.0
2019-01-13T12:10:00Z,20553.0
2019-01-13T12:15:00Z,2246.0
2019-01-13T12:20:00Z,1427.0
2019-01-13T12:25:00Z,1766.0
2019-01-13T12:30:00Z,2599.0
2019-01-13T12:35:00Z,2304.0
2019-01-13T12:40:00Z,2098.0
2019-01-13T12:45:00Z,2470.0
2019-01-13T12:50:00Z,2370.0
2019-01-13T12:55:00Z,3016.0
2019-01-13T13:00:00Z,2044.0
2019-01-13T13:05:00Z,1492.0
2019-01-13T13:10:00Z,2698.0
2019-01-13T13:15:00Z,2968.0
2019-01-13T13:20:00Z,3081.0
2019-01-13T13:25:00Z,3309.0
2019-01-13T13:30:00Z,3241.0
2019-01-13T13:35:00Z,3523.0
2019-01-13T13:40:00Z,3731.0
2019-01-13T13:45:00Z,3785.0
2019-01-13T13:50:00Z,2703.0
2019-01-13T13:55:00Z,1692.0
2019-01-13T14:00:00Z,2981.0
2019-01-13T14:05:00Z,4285.0
2019-01-13T14:10:00Z,3954.0
2019-01-13T14:15:00Z,4536.0
2019-01-13T14:20:00Z,5739.0
2019-01-13T14:25:00Z,4025.0
2019-01-13T14:30:00Z,4433.0
2019-01-13T14:35:00Z,4889.0
2019-01-13T14:40:00Z,4157.0
2019-01-13T14:45:00Z,4223.0
2019-01-13T14:50:00Z,4338.0
2019-01-13T14:55:00Z,3776.0
2019-01-13T15:00:00Z,4358.0
2019-01-13T15:05:00Z,5510.0
2019-01-13T15:10:00Z,4525.0
2019-01-13T15:15:00Z,4102.0
2019-01-13T15:20:00Z,2691.0
2019-01-13T15:25:00Z,2881.0
2019-01-13T15:30:00Z,4644.0
2019-01-13T15:35:00Z,4679.0
2019-01-13T15:40:00Z,3904.0
2019-01-13T15:45:00Z,4672.0
2019-01-13T15:50:00Z,3449.0
2019-01-13T15:55:00Z,5051.0
2019-01-13T16:00:00Z,18553.0
2019-01-13T16:05:00Z,30156.0
2019-01-13T16:10:00Z,32605.0
2019-01-13T16:15:00Z,7471.0
2019-01-13T16:20:00Z,5679.0
2019-01-13T16:25:00Z,5132.0
2019-01-13T16:30:00Z,5847.0
2019-01-13T16:35:00Z,7750.0
2019-01-13T16:40:00Z,5712.0
2019-01-13T16:45:00Z,6221.0
2019-01-13T16:50:00Z,6770.0
2019-01-13T16:55:00Z,6385.0
2019-01-13T17:00:00Z,6276.0
2019-01-13T17:05:00Z,6229.0
2019-01-13T17:10:00Z,6489.0
2019-01-13T17:15:00Z,7831.0
2019-01-13T17:20:00Z,7327.0
2019-01-13T17:25:00Z,7756.0
2019-01-13T17:30:00Z,5025.0
2019-01-13T17:35:00Z,6871.0
2019-01-13T17:40:00Z,6330.0
2019-01-13T17:45:00Z,5545.0
2019-01-13T17:50:00Z,6956.0
2019-01-13T17:55:00Z,5815.0
2019-01-13T18:00:00Z,5616.0
2019-01-13T18:05:00Z,8430.0
2019-01-13T18:10:00Z,6275.0
2019-01-13T18:15:00Z,7932.0
2019-01-13T18:20:00Z,7818.0
2019-01-13T18:25:00Z,6037.0
2019-01-13T18:30:00Z,7029.0
2019-01-13T18:35:00Z,6950.0
2019-01-13T18:40:00Z,7425.0
2019-01-13T18:45:00Z,8106.0
2019-01-13T18:50:00Z,6523.0
2019-01-13T18:55:00Z,6365.0
2019-01-13T19:00:00Z,8186.0
2019-01-13T19:05:00Z,8404.0
2019-01-13T19:10:00Z,8620.0
2019-01-13T19:15:00Z,8228.0
2019-01-13T19:20:00Z,7060.0
2019-01-13T19:25:00Z,6445.0
2019-01-13T19:30:00Z,5381.0
2019-01-13T19:35:00Z,6177.0
2019-01-13T19:40:00Z,7669.0
2019-01-13T19:45:00Z,5963.0
2019-01-13T19:50:00Z,6300.0
2019-01-13T19:55:00Z,8779.0
2019-01-13T20:00:00Z,32112.0
2019-01-13T20:05:00Z,48183.0
2019-01-13T20:10:00Z,22968.0
2019-01-13T20:15:00Z,7083.0
2019-01-13T20:20:00Z,5986.0
2019-01-13T20:25:00Z,6677.0
2019-01-13T20:30:00Z,6293.0
2019-01-13T20:35:00Z,5956.0
2019-01-13T20:40:00Z,5149.0
2019-01-13T20:45:00Z,7401.0
2019-01-13T20:50:00Z,9017.0
2019-01-13T20:55:00Z,8019.0
2019-01-13T21:00:00Z,8223.0
2019-01-13T21:05:00Z,8067.0
2019-01-13T21:10:00Z,6125.0
2019-01-13T21:15:00Z,7370.0
2019-01-13T21:20:00Z,8373.0
2019-01-13T21:25:00Z,7811.0
2019-01-13T21:30:00Z,7638.0
2019-01-13T21:35:00Z,6571.0
2019-01-13T21:40:00Z,6606.0
2019-01-13T21:45:00Z,6780.0
2019-01-13T21:50:00Z,7734.0
2019-01-13T21:55:00Z,8400.0
2019-01-13T22:00:00Z,10036.0
2019-01-13T22:05:00Z,11673.0
2019-01-13T22:10:00Z,11017.0
2019-01-13T22:15:00Z,8839.0
2019-01-13T22:20:00Z,9227.0
2019-01-13T22:25:00Z,7749.0
2019-01-13T22:30:00Z,6963.0
2019-01-13T22:35:00Z,8382.0
2019-01-13T22:40:00Z,8639.0
2019-01-13T22:45:00Z,7810.0
2019-01-13T22:50:00Z,8087.0
2019-01-13T22:55:00Z,8429.0
2019-01-13T23:00:00Z,6962.0
2019-01-13T23:05:00Z,8830.0
2019-01-13T23:10:00Z,8102.0
2019-01-13T23:15:00Z,6378.0
2019-01-13T23:20:00Z,7477.0
2019-01-13T23:25:00Z,5950.0
2019-01-13T23:30:00Z,7628.0
2019-01-13T23:35:00Z,8260.0
2019-01-13T23:40:00Z,7239.0
2019-01-13T23:45:00Z,7245.0
2019-01-13T23:50:00Z,8635.0
2019-01-13T23:55:00Z,8129.0
2019-01-14T00:00:00Z,21348.0
2019-01-14T00:05:00Z,54849.0
2019-01-14T00:10:00Z,20264.0
2019-01-14T00:15:00Z,9866.0
2019-01-14T00:20:00Z,7621.0
2019-01-14T00:25:00Z,8476.0
2019-01-14T00:30:00Z,8510.0
2019-01-14T00:35:00Z,8091.0
2019-01-14T00:40:00Z,9178.0
2019-01-14T00:45:00Z,8944.0
2019-01-14T00:50:00Z,9451.0
2019-01-14T00:55:00Z,9927.0
2019-01-14T01:00:00Z,8075.0
2019-01-14T01:05:00Z,8837.0
2019-01-14T01:10:00Z,11200.0
2019-01-14T01:15:00Z,10665.0
2019-01-14T01:20:00Z,9149.0
2019-01-14T01:25:00Z,9804.0
2019-01-14T01:30:00Z,8308.0
2019-01-14T01:35:00Z,10825.0
2019-01-14T01:40:00Z,11627.0
2019-01-14T01:45:00Z,9529.0
2019-01-14T01:50:00Z,10186.0
2019-01-14T01:55:00Z,9938.0
2019-01-14T02:00:00Z,10940.0
2019-01-14T02:05:00Z,10592.0
2019-01-14T02:10:00Z,11661.0
2019-01-14T02:15:00Z,11076.0
2019-01-14T02:20:00Z,9690.0
2019-01-14T02:25:00Z,9734.0
2019-01-14T02:30:00Z,11130.0
2019-01-14T02:35:00Z,11701.0
2019-01-14T02:40:00Z,10729.0
2019-01-14T02:45:00Z,11053.0
2019-01-14T02:50:00Z,10113.0
2019-01-14T02:55:00Z,9987.0
2019-01-14T03:00:00Z,11413.0
2019-01-14T03:05:00Z,10240.0
2019-01-14T03:10:00Z,11124.0
2019-01-14T03:15:00Z,11003.0
2019-01-14T03:20:00Z,9822.0
2019-01-14T03:25:00Z,9912.0
2019-01-14T03:30:00Z,8923.0
2019-01-14T03:35:00Z,9951.0
2019-01-14T03:40:00Z,12281.0
2019-01-14T03:45:00Z,12902.0
2019-01-14T03:50:00Z,10181.0
2019-01-14T03:55:00Z,12464.0
2019-01-14T04:00:00Z,38222.0
2019-01-14T04:05:00Z,48462.0
2019-01-14T04:10:00Z,28895.0
2019-01-14T04:15:00Z,15363.0
2019-01-14T04:20:00Z,11752.0
2019-01-14T04:25:00Z,13316.0
2019-01-14T04:30:00Z,11844.0
2019-01-14T04:35:00Z,11563.0
2019-01-14T04:40:00Z,11216.0
2019-01-14T04:45:00Z,13187.0
2019-01-14T04:50:00Z,13808.0
2019-01-14T04:55:00Z,11858.0
2019-01-14T05:00:00Z,13390.0
2019-01-14T05:05:00Z,15010.0
2019-01-14T05:10:00Z,11594.0
2019-01-14T05:15:00Z,12018.0
2019-01-14T05:20:00Z,12420.0
2019-01-14T05:25:00Z,13901.0
2019-01-14T05:30:00Z,12764.0
2019-01-14T05:35:00Z,13967.0
2019-01-14T05:40:00Z,13502.0
2019-01-14T05:45:00Z,10604.0
2019-01-14T05:50:00Z,10924.0
2019-01-14T05:55:00Z,11715.0
2019-01-14T06:00:00Z,12496.0
2019-01-14T06:05:00Z,13244.0
2019-01-14T06:10:00Z,12405.0
2019-01-14T06:15:00Z,11179.0
2019-01-14T06:20:00Z,10797.0
2019-01-14T06:25:00Z,11097.0
2019-01-14T06:30:00Z,11526.0
2019-01-14T06:35:00Z,9470.0
2019-01-14T06:40:00Z,10366.0
2019-01-14T06:45:00Z,10916.0
2019-01-14T06:50:00Z,8323.0
2019-01-14T06:55:00Z,8556.0
2019-01-14T07:00:00Z,9354.0
2019-01-14T07:05:00Z,9835.0
2019-01-14T07:10:00Z,9050.0
2019-01-14T07:15:00Z,9485.0
2019-01-14T07:20:00Z,8867.0
2019-01-14T07:25:00Z,8302.0
2019-01-14T07:30:00Z,8261.0
2019-01-14T07:35:00Z,8590.0
2019-01-14T07:40:00Z,7286.0
2019-01-14T07:45:00Z,7951.0
2019-01-14T07:50:00Z,7443.0
2019-01-14T07:55:00Z,8763.0
2019-01-14T08:00:00Z,27991.0
2019-01-14T08:05:00Z,42097.0
2019-01-14T08:10:00Z,19100.0
2019-01-14T08:15:00Z,12228.0
2019-01-14T08:20:00Z,9488.0
2019-01-14T08:25:00Z,7695.0
2019-01-14T08:30:00Z,9996.0
2019-01-14T08:35:00Z,7968.0
2019-01-14T08:40:00Z,6977.0
2019-01-14T08:45:00Z,8235.0
2019-01-14T08:50:00Z,8155.0
2019-01-14T08:55:00Z,6740.0
2019-01-14T09:00:00Z,8149.0
2019-01-14T09:05:00Z,8410.0
2019-01-14T09:10:00Z,6707.0
2019-01-14T09:15:00Z,7764.0
2019-01-14T09:20:00Z,7998.0
2019-01-14T09:25:00Z,6134.0
2019-01-14T09:30:00Z,5999.0
2019-01-14T09:35:00Z,7024.0
2019-01-14T09:40:00Z,7467.0
2019-01-14T09:45:00Z,7106.0
2019-01-14T09:50:00Z,8070.0
2019-01-14T09:55:00Z,7104.0
2019-01-14T10:00:00Z,7039.0
2019-01-14T10:05:00Z,9748.0
2019-01-14T10:10:00Z,7638.0
2019-01-14T10:15:00Z,8259.0
2019-01-14T10:20:00Z,8318.0
2019-01-14T10:25:00Z,7624.0
2019-01-14T10:30:00Z,7580.0
2019-01-14T10:35:00Z,6580.0
2019-01-14T10:40:00Z,6679.0
2019-01-14T10:45:00Z,6812.0
2019-01-14T10:50:00Z,7336.0
2019-01-14T10:55:00Z,7229.0
2019-01-14T11:00:00Z,6384.0
2019-01-14T11:05:00Z,7688.0
2019-01-14T11:10:00Z,7055.0
2019-01-14T11:15:00Z,7681.0
2019-01-14T11:20:00Z,8593.0
2019-01-14T11:25:00Z,8395.0
2019-01-14T11:30:00Z,7670.0
2019-01-14T11:35:00Z,6785.0
2019-01-14T11:40:00Z,6901.0
2019-01-14T11:45:00Z,7468.0
2019-01-14T11:50:00Z,7976.0
2019-01-14T11:55:00Z,8435.0
2019-01-14T12:00:00Z,25287.0
2019-01-14T12:05:00Z,50996.0
2019-01-14T12:10:00Z,18537.0
2019-01-14T12:15:00Z,7906.0
2019-01-14T12:20:00Z,7024.0
2019-01-14T12:25:00Z,10024.0
2019-01-14T12:30:00Z,6581.0
2019-01-14T12:35:00Z,8993.0
2019-01-14T12:40:00Z,7424.0
2019-01-14T12:45:00Z,10044.0
2019-01-14T12:50:00Z,8726.0
2019-01-14T12:55:00Z,10599.0
2019-01-14T13:00:00Z,12179.0
2019-01-14T13:05:00Z,11241.0
2019-01-14T13:10:00Z,10061.0
2019-01-14T13:15:00Z,12491.0
2019-01-14T13:20:00Z,12066.0
2019-01-14T13:25:00Z,11992.0
2019-01-14T13:30:00Z,13278.0
2019-01-14T13:35:00Z,12346.0
2019-01-14T13:40:00Z,15955.0
2019-01-14T13:45:00Z,14558.0
2019-01-14T13:50:00Z,15337.0
2019-01-14T13:55:00Z,15524.0
2019-01-14T14:00:00Z,15786.0
2019-01-14T14:05:00Z,18945.0
2019-01-14T14:10:00Z,18312.0
2019-01-14T14:15:00Z,18850.0
2019-01-14T14:20:00Z,19878.0
2019-01-14T14:25:00Z,20364.0
2019-01-14T14:30:00Z,19285.0
2019-01-14T14:35:00Z,21779.0
2019-01-14T14:40:00Z,23370.0
2019-01-14T14:45:00Z,23381.0
2019-01-14T14:50:00Z,22918.0
2019-01-14T14:55:00Z,22112.0
2019-01-14T15:00:00Z,25851.0
2019-01-14T15:05:00Z,22670.0
2019-01-14T15:10:00Z,23888.0
2019-01-14T15:15:00Z,24330.0
2019-01-14T15:20:00Z,24855.0
2019-01-14T15:25:00Z,24589.0
2019-01-14T15:30:00Z,26636.0
2019-01-14T15:35:00Z,31208.0
2019-01-14T15:40:00Z,29558.0
2019-01-14T15:45:00Z,25020.0
2019-01-14T15:50:00Z,28514.0
2019-01-14T15:55:00Z,29780.0
2019-01-14T16:00:00Z,49719.0
2019-01-14T16:05:00Z,68304.0
2019-01-14T16:10:00Z,47792.0
2019-01-14T16:15:00Z,32569.0
2019-01-14T16:20:00Z,34927.0
2019-01-14T16:25:00Z,37712.0
2019-01-14T16:30:00Z,39132.0
2019-01-14T16:35:00Z,41354.0
2019-01-14T16:40:00Z,40307.0
2019-01-14T16:45:00Z,47482.0
2019-01-14T16:50:00Z,44291.0
2019-01-14T16:55:00Z,44635.0
2019-01-14T17:00:00Z,49094.0
2019-01-14T17:05:00Z,49770.0
2019-01-14T17:10:00Z,53168.0
2019-01-14T17:15:00Z,48543.0
2019-01-14T17:20:00Z,50718.0
2019-01-14T17:25:00Z,50672.0
2019-01-14T17:30:00Z,55688.0
2019-01-14T17:35:00Z,55645.0
2019-01-14T17:40:00Z,56665.0
2019-01-14T17:45:00Z,63357.0
2019-01-14T17:50:00Z,60392.0
2019-01-14T17:55:00Z,62467.0
2019-01-14T18:00:00Z,67598.0
2019-01-14T18:05:00Z,63799.0
2019-01-14T18:10:00Z,60984.0
2019-01-14T18:15:00Z,63113.0
2019-01-14T18:20:00Z,65831.0
2019-01-14T18:25:00Z,61710.0
2019-01-14T18:30:00Z,64195.0
2019-01-14T18:35:00Z,64010.0
2019-01-14T18:40:00Z,69815.0
2019-01-14T18:45:00Z,68939.0
2019-01-14T18:50:00Z,67495.0
2019-01-14T18:55:00Z,75475.0
2019-01-14T19:00:00Z,68597.0
2019-01-14T19:05:00Z,67215.0
2019-01-14T19:10:00Z,67033.0
2019-01-14T19:15:00Z,62554.0
2019-01-14T19:20:00Z,68623.0
2019-01-14T19:25:00Z,66981.0
2019-01-14T19:30:00Z,68930.0
2019-01-14T19:35:00Z,65359.0
2019-01-14T19:40:00Z,67394.0
2019-01-14T19:45:00Z,66742.0
2019-01-14T19:50:00Z,64440.0
2019-01-14T19:55:00Z,64736.0
2019-01-14T20:00:00Z,78772.0
2019-01-14T20:05:00Z,123808.0
2019-01-14T20:10:00Z,100398.0
2019-01-14T20:15:00Z,89375.0
2019-01-14T20:20:00Z,76308.0
2019-01-14T20:25:00Z,71134.0
2019-01-14T20:30:00Z,88518.0
2019-01-14T20:35:00Z,100069.0
2019-01-14T20:40:00Z,89047.0
2019-01-14T20:45:00Z,102423.0
2019-01-14T20:50:00Z,101700.0
2019-01-14T20:55:00Z,101310.0
2019-01-14T21:00:00Z,100916.0
2019-01-14T21:05:00Z,97077.0
2019-01-14T21:10:00Z,95053.0
2019-01-14T21:15:00Z,97684.0
2019-01-14T21:20:00Z,91081.0
2019-01-14T21:25:00Z,87977.0
2019-01-14T21:30:00Z,88074.0
2019-01-14T21:35:00Z,87090.0
2019-01-14T21:40:00Z,94113.0
2019-01-14T21:45:00Z,94852.0
2019-01-14T21:50:00Z,108907.0
2019-01-14T21:55:00Z,105666.0
2019-01-14T22:00:00Z,101724.0
2019-01-14T22:05:00Z,112037.0
2019-01-14T22:10:00Z,99188.0
2019-01-14T22:15:00Z,98549.0
2019-01-14T22:20:00Z,93157.0
2019-01-14T22:25:00Z,95189.0
2019-01-14T22:30:00Z,97642.0
2019-01-14T22:35:00Z,94696.0
2019-01-14T22:40:00Z,100504.0
2019-01-14T22:45:00Z,101542.0
2019-01-14T22:50:00Z,99385.0
2019-01-14T22:55:00Z,86593.0
2019-01-14T23:00:00Z,87183.0
2019-01-14T23:05:00Z,78152.0
2019-01-14T23:10:00Z,78533.0
2019-01-14T23:15:00Z,74650.0
2019-01-14T23:20:00Z,68070.0
2019-01-14T23:25:00Z,65351.0
2019-01-14T23:30:00Z,68408.0
2019-01-14T23:35:00Z,69481.0
2019-01-14T23:40:00Z,66536.0
2019-01-14T23:45:00Z,64170.0
2019-01-14T23:50:00Z,64911.0
2019-01-14T23:55:00Z,64317.0
