timestamp,value
2018-12-09T00:00:00Z,2010.0
2018-12-09T00:05:00Z,2258.0
2018-12-09T00:10:00Z,1532.0
2018-12-09T00:15:00Z,1802.0
2018-12-09T00:20:00Z,2268.0
2018-12-09T00:25:00Z,1674.0
2018-12-09T00:30:00Z,1970.0
2018-12-09T00:35:00Z,1732.0
2018-12-09T00:40:00Z,1391.0
2018-12-09T00:45:00Z,1617.0
2018-12-09T00:50:00Z,1896.0
2018-12-09T00:55:00Z,2909.0
2018-12-09T01:00:00Z,3621.0
2018-12-09T01:05:00Z,4370.0
2018-12-09T01:10:00Z,4019.0
2018-12-09T01:15:00Z,1777.0
2018-12-09T01:20:00Z,1790.0
2018-12-09T01:25:00Z,1526.0
2018-12-09T01:30:00Z,1662.0
2018-12-09T01:35:00Z,2111.0
2018-12-09T01:40:00Z,1219.0
2018-12-09T01:45:00Z,1040.0
2018-12-09T01:50:00Z,936.0
2018-12-09T01:55:00Z,1171.0
2018-12-09T02:00:00Z,2055.0
2018-12-09T02:05:00Z,1388.0
2018-12-09T02:10:00Z,1173.0
2018-12-09T02:15:00Z,1216.0
2018-12-09T02:20:00Z,1275.0
2018-12-09T02:25:00Z,1388.0
2018-12-09T02:30:00Z,1253.0
2018-12-09T02:35:00Z,1063.0
2018-12-09T02:40:00Z,1231.0
2018-12-09T02:45:00Z,2685.0
2018-12-09T02:50:00Z,3715.0
2018-12-09T02:55:00Z,3248.0
2018-12-09T03:00:00Z,1473.0
2018-12-09T03:05:00Z,3540.0
2018-12-09T03:10:00Z,8379.0
2018-12-09T03:15:00Z,1132.0
2018-12-09T03:20:00Z,984.0
2018-12-09T03:25:00Z,1203.0
2018-12-09T03:30:00Z,1220.0
2018-12-09T03:35:00Z,1138.0
2018-12-09T03:40:00Z,986.0
2018-12-09T03:45:00Z,793.0
2018-12-09T03:50:00Z,1090.0
2018-12-09T03:55:00Z,1063.0
2018-12-09T04:00:00Z,1340.0
2018-12-09T04:05:00Z,1349.0
2018-12-09T04:10:00Z,1212.0
2018-12-09T04:15:00Z,1195.0
2018-12-09T04:20:00Z,1007.0
2018-12-09T04:25:00Z,891.0
2018-12-09T04:30:00Z,998.0
2018-12-09T04:35:00Z,1079.0
2018-12-09T04:40:00Z,836.0
2018-12-09T04:45:00Z,793.0
2018-12-09T04:50:00Z,902.0
2018-12-09T04:55:00Z,1275.0
2018-12-09T05:00:00Z,1828.0
2018-12-09T05:05:00Z,1706.0
2018-12-09T05:10:00Z,1301.0
2018-12-09T05:15:00Z,1231.0
2018-12-09T05:20:00Z,988.0
2018-12-09T05:25:00Z,817.0
2018-12-09T05:30:00Z,1947.0
2018-12-09T05:35:00Z,1653.0
2018-12-09T05:40:00Z,986.0
2018-12-09T05:45:00Z,1018.0
2018-12-09T05:50:00Z,1055.0
2018-12-09T05:55:00Z,1585.0
2018-12-09T06:00:00Z,2290.0
2018-12-09T06:05:00Z,2456.0
2018-12-09T06:10:00Z,1133.0
2018-12-09T06:15:00Z,1273.0
2018-12-09T06:20:00Z,1369.0
2018-12-09T06:25:00Z,1340.0
2018-12-09T06:30:00Z,1237.0
2018-12-09T06:35:00Z,1407.0
2018-12-09T06:40:00Z,1133.0
2018-12-09T06:45:00Z,1304.0
2018-12-09T06:50:00Z,1322.0
2018-12-09T06:55:00Z,1151.0
2018-12-09T07:00:00Z,2180.0
2018-12-09T07:05:00Z,3837.0
2018-12-09T07:10:00Z,2832.0
2018-12-09T07:15:00Z,2526.0
2018-12-09T07:20:00Z,2177.0
2018-12-09T07:25:00Z,2401.0
2018-12-09T07:30:00Z,2213.0
2018-12-09T07:35:00Z,1638.0
2018-12-09T07:40:00Z,3249.0
2018-12-09T07:45:00Z,1324.0
2018-12-09T07:50:00Z,826.0
2018-12-09T07:55:00Z,944.0
2018-12-09T08:00:00Z,1364.0
2018-12-09T08:05:00Z,1978.0
2018-12-09T08:10:00Z,2142.0
2018-12-09T08:15:00Z,1271.0
2018-12-09T08:20:00Z,991.0
2018-12-09T08:25:00Z,966.0
2018-12-09T08:30:00Z,916.0
2018-12-09T08:35:00Z,943.0
2018-12-09T08:40:00Z,741.0
2018-12-09T08:45:00Z,896.0
2018-12-09T08:50:00Z,1504.0
2018-12-09T08:55:00Z,1020.0
2018-12-09T09:00:00Z,1662.0
2018-12-09T09:05:00Z,2375.0
2018-12-09T09:10:00Z,2396.0
2018-12-09T09:15:00Z,1924.0
2018-12-09T09:20:00Z,1531.0
2018-12-09T09:25:00Z,1052.0
2018-12-09T09:30:00Z,1906.0
2018-12-09T09:35:00Z,5372.0
2018-12-09T09:40:00Z,6269.0
2018-12-09T09:45:00Z,4420.0
2018-12-09T09:50:00Z,1223.0
2018-12-09T09:55:00Z,854.0
2018-12-09T10:00:00Z,1675.0
2018-12-09T10:05:00Z,2895.0
2018-12-09T10:10:00Z,1609.0
2018-12-09T10:15:00Z,1646.0
2018-12-09T10:20:00Z,1964.0
2018-12-09T10:25:00Z,1500.0
2018-12-09T10:30:00Z,986.0
2018-12-09T10:35:00Z,1578.0
2018-12-09T10:40:00Z,1998.0
2018-12-09T10:45:00Z,2090.0
2018-12-09T10:50:00Z,1838.0
2018-12-09T10:55:00Z,1442.0
2018-12-09T11:00:00Z,2424.0
2018-12-09T11:05:00Z,2899.0
2018-12-09T11:10:00Z,1759.0
2018-12-09T11:15:00Z,1847.0
2018-12-09T11:20:00Z,2416.0
2018-12-09T11:25:00Z,1722.0
2018-12-09T11:30:00Z,1645.0
2018-12-09T11:35:00Z,2110.0
2018-12-09T11:40:00Z,2018.0
2018-12-09T11:45:00Z,1658.0
2018-12-09T11:50:00Z,1427.0
2018-12-09T11:55:00Z,1334.0
2018-12-09T12:00:00Z,2195.0
2018-12-09T12:05:00Z,2930.0
2018-12-09T12:10:00Z,1976.0
2018-12-09T12:15:00Z,1695.0
2018-12-09T12:20:00Z,1412.0
2018-12-09T12:25:00Z,1321.0
2018-12-09T12:30:00Z,1612.0
2018-12-09T12:35:00Z,1866.0
2018-12-09T12:40:00Z,1413.0
2018-12-09T12:45:00Z,1488.0
2018-12-09T12:50:00Z,1419.0
2018-12-09T12:55:00Z,1623.0
2018-12-09T13:00:00Z,2339.0
2018-12-09T13:05:00Z,3018.0
2018-12-09T13:10:00Z,1828.0
2018-12-09T13:15:00Z,2350.0
2018-12-09T13:20:00Z,3549.0
2018-12-09T13:25:00Z,1984.0
2018-12-09T13:30:00Z,1797.0
2018-12-09T13:35:00Z,1836.0
2018-12-09T13:40:00Z,1512.0
2018-12-09T13:45:00Z,1608.0
2018-12-09T13:50:00Z,1387.0
2018-12-09T13:55:00Z,1907.0
2018-12-09T14:00:00Z,2680.0
2018-12-09T14:05:00Z,3242.0
2018-12-09T14:10:00Z,2168.0
2018-12-09T14:15:00Z,2047.0
2018-12-09T14:20:00Z,1746.0
2018-12-09T14:25:00Z,1851.0
2018-12-09T14:30:00Z,2195.0
2018-12-09T14:35:00Z,1652.0
2018-12-09T14:40:00Z,1553.0
2018-12-09T14:45:00Z,1514.0
2018-12-09T14:50:00Z,1625.0
2018-12-09T14:55:00Z,1550.0
2018-12-09T15:00:00Z,1925.0
2018-12-09T15:05:00Z,2518.0
2018-12-09T15:10:00Z,2537.0
2018-12-09T15:15:00Z,2261.0
2018-12-09T15:20:00Z,2061.0
2018-12-09T15:25:00Z,2116.0
2018-12-09T15:30:00Z,1972.0
2018-12-09T15:35:00Z,1893.0
2018-12-09T15:40:00Z,1795.0
2018-12-09T15:45:00Z,1947.0
2018-12-09T15:50:00Z,1769.0
2018-12-09T15:55:00Z,1429.0
2018-12-09T16:00:00Z,2490.0
2018-12-09T16:05:00Z,3033.0
2018-12-09T16:10:00Z,2310.0
2018-12-09T16:15:00Z,2280.0
2018-12-09T16:20:00Z,2055.0
2018-12-09T16:25:00Z,2007.0
2018-12-09T16:30:00Z,2008.0
2018-12-09T16:35:00Z,1960.0
2018-12-09T16:40:00Z,2018.0
2018-12-09T16:45:00Z,2036.0
2018-12-09T16:50:00Z,1801.0
2018-12-09T16:55:00Z,1800.0
2018-12-09T17:00:00Z,3030.0
2018-12-09T17:05:00Z,3452.0
2018-12-09T17:10:00Z,2132.0
2018-12-09T17:15:00Z,2048.0
2018-12-09T17:20:00Z,2089.0
2018-12-09T17:25:00Z,1813.0
2018-12-09T17:30:00Z,2090.0
2018-12-09T17:35:00Z,2149.0
2018-12-09T17:40:00Z,2196.0
2018-12-09T17:45:00Z,2550.0
2018-12-09T17:50:00Z,1903.0
2018-12-09T17:55:00Z,1926.0
2018-12-09T18:00:00Z,2355.0
2018-12-09T18:05:00Z,2591.0
2018-12-09T18:10:00Z,1854.0
2018-12-09T18:15:00Z,2858.0
2018-12-09T18:20:00Z,2059.0
2018-12-09T18:25:00Z,1730.0
2018-12-09T18:30:00Z,2188.0
2018-12-09T18:35:00Z,1815.0
2018-12-09T18:40:00Z,1841.0
2018-12-09T18:45:00Z,1988.0
2018-12-09T18:50:00Z,2681.0
2018-12-09T18:55:00Z,2228.0
2018-12-09T19:00:00Z,2042.0
2018-12-09T19:05:00Z,2496.0
2018-12-09T19:10:00Z,1766.0
2018-12-09T19:15:00Z,2185.0
2018-12-09T19:20:00Z,2345.0
2018-12-09T19:25:00Z,1860.0
2018-12-09T19:30:00Z,6165.0
2018-12-09T19:35:00Z,20770.0
2018-12-09T19:40:00Z,1992.0
2018-12-09T19:45:00Z,1582.0
2018-12-09T19:50:00Z,2106.0
2018-12-09T19:55:00Z,1597.0
2018-12-09T20:00:00Z,1908.0
2018-12-09T20:05:00Z,2053.0
2018-12-09T20:10:00Z,2295.0
2018-12-09T20:15:00Z,1901.0
2018-12-09T20:20:00Z,1878.0
2018-12-09T20:25:00Z,1739.0
2018-12-09T20:30:00Z,1767.0
2018-12-09T20:35:00Z,1624.0
2018-12-09T20:40:00Z,1586.0
2018-12-09T20:45:00Z,1545.0
2018-12-09T20:50:00Z,1626.0
2018-12-09T20:55:00Z,1527.0
2018-12-09T21:00:00Z,2063.0
2018-12-09T21:05:00Z,2870.0
2018-12-09T21:10:00Z,2049.0
2018-12-09T21:15:00Z,1594.0
2018-12-09T21:20:00Z,1655.0
2018-12-09T21:25:00Z,2006.0
2018-12-09T21:30:00Z,1707.0
2018-12-09T21:35:00Z,1917.0
2018-12-09T21:40:00Z,1774.0
2018-12-09T21:45:00Z,2076.0
2018-12-09T21:50:00Z,1665.0
2018-12-09T21:55:00Z,1439.0
2018-12-09T22:00:00Z,1839.0
2018-12-09T22:05:00Z,2440.0
2018-12-09T22:10:00Z,2210.0
2018-12-09T22:15:00Z,1670.0
2018-12-09T22:20:00Z,1744.0
2018-12-09T22:25:00Z,1772.0
2018-12-09T22:30:00Z,1937.0
2018-12-09T22:35:00Z,1924.0
2018-12-09T22:40:00Z,1836.0
2018-12-09T22:45:00Z,2116.0
2018-12-09T22:50:00Z,2096.0
2018-12-09T22:55:00Z,1695.0
2018-12-09T23:00:00Z,1907.0
2018-12-09T23:05:00Z,2611.0
2018-12-09T23:10:00Z,1925.0
2018-12-09T23:15:00Z,1770.0
2018-12-09T23:20:00Z,1631.0
2018-12-09T23:25:00Z,1761.0
2018-12-09T23:30:00Z,2106.0
2018-12-09T23:35:00Z,2164.0
2018-12-09T23:40:00Z,1933.0
2018-12-09T23:45:00Z,1940.0
2018-12-09T23:50:00Z,1631.0
2018-12-09T23:55:00Z,1435.0
2018-12-10T00:00:00Z,2061.0
2018-12-10T00:05:00Z,2829.0
2018-12-10T00:10:00Z,2259.0
2018-12-10T00:15:00Z,1850.0
2018-12-10T00:20:00Z,2261.0
2018-12-10T00:25:00Z,2141.0
2018-12-10T00:30:00Z,1624.0
2018-12-10T00:35:00Z,2024.0
2018-12-10T00:40:00Z,1786.0
2018-12-10T00:45:00Z,1775.0
2018-12-10T00:50:00Z,1321.0
2018-12-10T00:55:00Z,1595.0
2018-12-10T01:00:00Z,2119.0
2018-12-10T01:05:00Z,3135.0
2018-12-10T01:10:00Z,2338.0
2018-12-10T01:15:00Z,1788.0
2018-12-10T01:20:00Z,1863.0
2018-12-10T01:25:00Z,1826.0
2018-12-10T01:30:00Z,1925.0
2018-12-10T01:35:00Z,2343.0
2018-12-10T01:40:00Z,2164.0
2018-12-10T01:45:00Z,1848.0
2018-12-10T01:50:00Z,1746.0
2018-12-10T01:55:00Z,1487.0
2018-12-10T02:00:00Z,1929.0
2018-12-10T02:05:00Z,2462.0
2018-12-10T02:10:00Z,2404.0
2018-12-10T02:15:00Z,1909.0
2018-12-10T02:20:00Z,2195.0
2018-12-10T02:25:00Z,1991.0
2018-12-10T02:30:00Z,1753.0
2018-12-10T02:35:00Z,1929.0
2018-12-10T02:40:00Z,2107.0
2018-12-10T02:45:00Z,2185.0
2018-12-10T02:50:00Z,2534.0
2018-12-10T02:55:00Z,1589.0
2018-12-10T03:00:00Z,1767.0
2018-12-10T03:05:00Z,2992.0
2018-12-10T03:10:00Z,4450.0
2018-12-10T03:15:00Z,1520.0
2018-12-10T03:20:00Z,1720.0
2018-12-10T03:25:00Z,1771.0
2018-12-10T03:30:00Z,1622.0
2018-12-10T03:35:00Z,2153.0
2018-12-10T03:40:00Z,2073.0
2018-12-10T03:45:00Z,1812.0
2018-12-10T03:50:00Z,1372.0
2018-12-10T03:55:00Z,1414.0
2018-12-10T04:00:00Z,2396.0
2018-12-10T04:05:00Z,3187.0
2018-12-10T04:10:00Z,3213.0
2018-12-10T04:15:00Z,3401.0
2018-12-10T04:20:00Z,1753.0
2018-12-10T04:25:00Z,1455.0
2018-12-10T04:30:00Z,1490.0
2018-12-10T04:35:00Z,2139.0
2018-12-10T04:40:00Z,1842.0
2018-12-10T04:45:00Z,1596.0
2018-12-10T04:50:00Z,1395.0
2018-12-10T04:55:00Z,1198.0
2018-12-10T05:00:00Z,2140.0
2018-12-10T05:05:00Z,3457.0
2018-12-10T05:10:00Z,2397.0
2018-12-10T05:15:00Z,1728.0
2018-12-10T05:20:00Z,1704.0
2018-12-10T05:25:00Z,1536.0
2018-12-10T05:30:00Z,2323.0
2018-12-10T05:35:00Z,2107.0
2018-12-10T05:40:00Z,1539.0
2018-12-10T05:45:00Z,1402.0
2018-12-10T05:50:00Z,1135.0
2018-12-10T05:55:00Z,1887.0
2018-12-10T06:00:00Z,3058.0
2018-12-10T06:05:00Z,6236.0
2018-12-10T06:10:00Z,4169.0
2018-12-10T06:15:00Z,2717.0
2018-12-10T06:20:00Z,2116.0
2018-12-10T06:25:00Z,1326.0
2018-12-10T06:30:00Z,1539.0
2018-12-10T06:35:00Z,1931.0
2018-12-10T06:40:00Z,1449.0
2018-12-10T06:45:00Z,1342.0
2018-12-10T06:50:00Z,1382.0
2018-12-10T06:55:00Z,1244.0
2018-12-10T07:00:00Z,2390.0
2018-12-10T07:05:00Z,3336.0
2018-12-10T07:10:00Z,1854.0
2018-12-10T07:15:00Z,1500.0
2018-12-10T07:20:00Z,1332.0
2018-12-10T07:25:00Z,2361.0
2018-12-10T07:30:00Z,1897.0
2018-12-10T07:35:00Z,2160.0
2018-12-10T07:40:00Z,1607.0
2018-12-10T07:45:00Z,1447.0
2018-12-10T07:50:00Z,1122.0
2018-12-10T07:55:00Z,1313.0
2018-12-10T08:00:00Z,2005.0
2018-12-10T08:05:00Z,2538.0
2018-12-10T08:10:00Z,2977.0
2018-12-10T08:15:00Z,3936.0
2018-12-10T08:20:00Z,3999.0
2018-12-10T08:25:00Z,3876.0
2018-12-10T08:30:00Z,2627.0
2018-12-10T08:35:00Z,2116.0
2018-12-10T08:40:00Z,2030.0
2018-12-10T08:45:00Z,1406.0
2018-12-10T08:50:00Z,2117.0
2018-12-10T08:55:00Z,1775.0
2018-12-10T09:00:00Z,2923.0
2018-12-10T09:05:00Z,8560.0
2018-12-10T09:10:00Z,8290.0
2018-12-10T09:15:00Z,6327.0
2018-12-10T09:20:00Z,5398.0
2018-12-10T09:25:00Z,2811.0
2018-12-10T09:30:00Z,1714.0
2018-12-10T09:35:00Z,1984.0
2018-12-10T09:40:00Z,3241.0
2018-12-10T09:45:00Z,3384.0
2018-12-10T09:50:00Z,3314.0
2018-12-10T09:55:00Z,2318.0
2018-12-10T10:00:00Z,5156.0
2018-12-10T10:05:00Z,13529.0
2018-12-10T10:10:00Z,7169.0
2018-12-10T10:15:00Z,4228.0
2018-12-10T10:20:00Z,2559.0
2018-12-10T10:25:00Z,1710.0
2018-12-10T10:30:00Z,2090.0
2018-12-10T10:35:00Z,3182.0
2018-12-10T10:40:00Z,2947.0
2018-12-10T10:45:00Z,2883.0
2018-12-10T10:50:00Z,3366.0
2018-12-10T10:55:00Z,2758.0
2018-12-10T11:00:00Z,3971.0
2018-12-10T11:05:00Z,7640.0
2018-12-10T11:10:00Z,4396.0
2018-12-10T11:15:00Z,3855.0
2018-12-10T11:20:00Z,3959.0
2018-12-10T11:25:00Z,3354.0
2018-12-10T11:30:00Z,3461.0
2018-12-10T11:35:00Z,4507.0
2018-12-10T11:40:00Z,4434.0
2018-12-10T11:45:00Z,3747.0
2018-12-10T11:50:00Z,3648.0
2018-12-10T11:55:00Z,3815.0
2018-12-10T12:00:00Z,6305.0
2018-12-10T12:05:00Z,9255.0
2018-12-10T12:10:00Z,6201.0
2018-12-10T12:15:00Z,6618.0
2018-12-10T12:20:00Z,5843.0
2018-12-10T12:25:00Z,5911.0
2018-12-10T12:30:00Z,6657.0
2018-12-10T12:35:00Z,7907.0
2018-12-10T12:40:00Z,7702.0
2018-12-10T12:45:00Z,8270.0
2018-12-10T12:50:00Z,8324.0
2018-12-10T12:55:00Z,8082.0
2018-12-10T13:00:00Z,11628.0
2018-12-10T13:05:00Z,15593.0
2018-12-10T13:10:00Z,26250.0
2018-12-10T13:15:00Z,16101.0
2018-12-10T13:20:00Z,11404.0
2018-12-10T13:25:00Z,9923.0
2018-12-10T13:30:00Z,13245.0
2018-12-10T13:35:00Z,12361.0
2018-12-10T13:40:00Z,14002.0
2018-12-10T13:45:00Z,12915.0
2018-12-10T13:50:00Z,13369.0
2018-12-10T13:55:00Z,16451.0
2018-12-10T14:00:00Z,19902.0
2018-12-10T14:05:00Z,19686.0
2018-12-10T14:10:00Z,22199.0
2018-12-10T14:15:00Z,22487.0
2018-12-10T14:20:00Z,15998.0
2018-12-10T14:25:00Z,17513.0
2018-12-10T14:30:00Z,12197.0
2018-12-10T14:35:00Z,14005.0
2018-12-10T14:40:00Z,13011.0
2018-12-10T14:45:00Z,16192.0
2018-12-10T14:50:00Z,17722.0
2018-12-10T14:55:00Z,24606.0
2018-12-10T15:00:00Z,26232.0
2018-12-10T15:05:00Z,27342.0
2018-12-10T15:10:00Z,32385.0
2018-12-10T15:15:00Z,37550.0
2018-12-10T15:20:00Z,26259.0
2018-12-10T15:25:00Z,33974.0
2018-12-10T15:30:00Z,25108.0
2018-12-10T15:35:00Z,22815.0
2018-12-10T15:40:00Z,19278.0
2018-12-10T15:45:00Z,21918.0
2018-12-10T15:50:00Z,21182.0
2018-12-10T15:55:00Z,21793.0
2018-12-10T16:00:00Z,23983.0
2018-12-10T16:05:00Z,25719.0
2018-12-10T16:10:00Z,32696.0
2018-12-10T16:15:00Z,37757.0
2018-12-10T16:20:00Z,34375.0
2018-12-10T16:25:00Z,23630.0
2018-12-10T16:30:00Z,29916.0
2018-12-10T16:35:00Z,39058.0
2018-12-10T16:40:00Z,25602.0
2018-12-10T16:45:00Z,25785.0
2018-12-10T16:50:00Z,22142.0
2018-12-10T16:55:00Z,21357.0
2018-12-10T17:00:00Z,30741.0
2018-12-10T17:05:00Z,25330.0
2018-12-10T17:10:00Z,25567.0
2018-12-10T17:15:00Z,27309.0
2018-12-10T17:20:00Z,21510.0
2018-12-10T17:25:00Z,20813.0
2018-12-10T17:30:00Z,25154.0
2018-12-10T17:35:00Z,22724.0
2018-12-10T17:40:00Z,22132.0
2018-12-10T17:45:00Z,22971.0
2018-12-10T17:50:00Z,20805.0
2018-12-10T17:55:00Z,20632.0
2018-12-10T18:00:00Z,24337.0
2018-12-10T18:05:00Z,23509.0
2018-12-10T18:10:00Z,20838.0
2018-12-10T18:15:00Z,24587.0
2018-12-10T18:20:00Z,21081.0
2018-12-10T18:25:00Z,29035.0
2018-12-10T18:30:00Z,28097.0
2018-12-10T18:35:00Z,23442.0
2018-12-10T18:40:00Z,21700.0
2018-12-10T18:45:00Z,20888.0
2018-12-10T18:50:00Z,19752.0
2018-12-10T18:55:00Z,23602.0
2018-12-10T19:00:00Z,25845.0
2018-12-10T19:05:00Z,31143.0
2018-12-10T19:10:00Z,22753.0
2018-12-10T19:15:00Z,21107.0
2018-12-10T19:20:00Z,19741.0
2018-12-10T19:25:00Z,22386.0
2018-12-10T19:30:00Z,22899.0
2018-12-10T19:35:00Z,20134.0
2018-12-10T19:40:00Z,20069.0
2018-12-10T19:45:00Z,22901.0
2018-12-10T19:50:00Z,21869.0
2018-12-10T19:55:00Z,21272.0
2018-12-10T20:00:00Z,26208.0
2018-12-10T20:05:00Z,23361.0
2018-12-10T20:10:00Z,24213.0
2018-12-10T20:15:00Z,30049.0
2018-12-10T20:20:00Z,19858.0
2018-12-10T20:25:00Z,20634.0
2018-12-10T20:30:00Z,22817.0
2018-12-10T20:35:00Z,23146.0
2018-12-10T20:40:00Z,20808.0
2018-12-10T20:45:00Z,26104.0
2018-12-10T20:50:00Z,26799.0
2018-12-10T20:55:00Z,24659.0
2018-12-10T21:00:00Z,23293.0
2018-12-10T21:05:00Z,24955.0
2018-12-10T21:10:00Z,23746.0
2018-12-10T21:15:00Z,21933.0
2018-12-10T21:20:00Z,22661.0
2018-12-10T21:25:00Z,24436.0
2018-12-10T21:30:00Z,22133.0
2018-12-10T21:35:00Z,21532.0
2018-12-10T21:40:00Z,20737.0
2018-12-10T21:45:00Z,20764.0
2018-12-10T21:50:00Z,20712.0
2018-12-10T21:55:00Z,21885.0
2018-12-10T22:00:00Z,23013.0
2018-12-10T22:05:00Z,21422.0
2018-12-10T22:10:00Z,19326.0
2018-12-10T22:15:00Z,17352.0
2018-12-10T22:20:00Z,21408.0
2018-12-10T22:25:00Z,18889.0
2018-12-10T22:30:00Z,19549.0
2018-12-10T22:35:00Z,19043.0
2018-12-10T22:40:00Z,17867.0
2018-12-10T22:45:00Z,17365.0
2018-12-10T22:50:00Z,18000.0
2018-12-10T22:55:00Z,16299.0
2018-12-10T23:00:00Z,18158.0
2018-12-10T23:05:00Z,17412.0
2018-12-10T23:10:00Z,18691.0
2018-12-10T23:15:00Z,20693.0
2018-12-10T23:20:00Z,14670.0
2018-12-10T23:25:00Z,13364.0
2018-12-10T23:30:00Z,13516.0
2018-12-10T23:35:00Z,13586.0
2018-12-10T23:40:00Z,12880.0
2018-12-10T23:45:00Z,11041.0
2018-12-10T23:50:00Z,12513.0
2018-12-10T23:55:00Z,11468.0
2018-12-11T00:00:00Z,11761.0
2018-12-11T00:05:00Z,12455.0
2018-12-11T00:10:00Z,11527.0
2018-12-11T00:15:00Z,9938.0
2018-12-11T00:20:00Z,10083.0
2018-12-11T00:25:00Z,9524.0
2018-12-11T00:30:00Z,10084.0
2018-12-11T00:35:00Z,21962.0
2018-12-11T00:40:00Z,13327.0
2018-12-11T00:45:00Z,8017.0
2018-12-11T00:50:00Z,7833.0
2018-12-11T00:55:00Z,7178.0
2018-12-11T01:00:00Z,6542.0
2018-12-11T01:05:00Z,9270.0
2018-12-11T01:10:00Z,6698.0
2018-12-11T01:15:00Z,5884.0
2018-12-11T01:20:00Z,5905.0
2018-12-11T01:25:00Z,7850.0
2018-12-11T01:30:00Z,5141.0
2018-12-11T01:35:00Z,6176.0
2018-12-11T01:40:00Z,5717.0
2018-12-11T01:45:00Z,5339.0
2018-12-11T01:50:00Z,4864.0
2018-12-11T01:55:00Z,4422.0
2018-12-11T02:00:00Z,5904.0
2018-12-11T02:05:00Z,6064.0
2018-12-11T02:10:00Z,4652.0
2018-12-11T02:15:00Z,4914.0
2018-12-11T02:20:00Z,5631.0
2018-12-11T02:25:00Z,4518.0
2018-12-11T02:30:00Z,4201.0
2018-12-11T02:35:00Z,4093.0
2018-12-11T02:40:00Z,4163.0
2018-12-11T02:45:00Z,4913.0
2018-12-11T02:50:00Z,6109.0
2018-12-11T02:55:00Z,5685.0
2018-12-11T03:00:00Z,4586.0
2018-12-11T03:05:00Z,5913.0
2018-12-11T03:10:00Z,11166.0
2018-12-11T03:15:00Z,3498.0
2018-12-11T03:20:00Z,3066.0
2018-12-11T03:25:00Z,3533.0
2018-12-11T03:30:00Z,3502.0
2018-12-11T03:35:00Z,3194.0
2018-12-11T03:40:00Z,2981.0
2018-12-11T03:45:00Z,2877.0
2018-12-11T03:50:00Z,2663.0
2018-12-11T03:55:00Z,2525.0
2018-12-11T04:00:00Z,3741.0
2018-12-11T04:05:00Z,4330.0
2018-12-11T04:10:00Z,2845.0
2018-12-11T04:15:00Z,2706.0
2018-12-11T04:20:00Z,2877.0
2018-12-11T04:25:00Z,2826.0
2018-12-11T04:30:00Z,3104.0
2018-12-11T04:35:00Z,3456.0
2018-12-11T04:40:00Z,2006.0
2018-12-11T04:45:00Z,2138.0
2018-12-11T04:50:00Z,2021.0
2018-12-11T04:55:00Z,2330.0
2018-12-11T05:00:00Z,4992.0
2018-12-11T05:05:00Z,4226.0
2018-12-11T05:10:00Z,2728.0
2018-12-11T05:15:00Z,3069.0
2018-12-11T05:20:00Z,2721.0
2018-12-11T05:25:00Z,3267.0
2018-12-11T05:30:00Z,3469.0
2018-12-11T05:35:00Z,2139.0
2018-12-11T05:40:00Z,1726.0
2018-12-11T05:45:00Z,1815.0
2018-12-11T05:50:00Z,1673.0
2018-12-11T05:55:00Z,2287.0
2018-12-11T06:00:00Z,3079.0
2018-12-11T06:05:00Z,5439.0
2018-12-11T06:10:00Z,3562.0
2018-12-11T06:15:00Z,2301.0
2018-12-11T06:20:00Z,1963.0
2018-12-11T06:25:00Z,1849.0
2018-12-11T06:30:00Z,1833.0
2018-12-11T06:35:00Z,1797.0
2018-12-11T06:40:00Z,1729.0
2018-12-11T06:45:00Z,1407.0
2018-12-11T06:50:00Z,1277.0
2018-12-11T06:55:00Z,1352.0
2018-12-11T07:00:00Z,2553.0
2018-12-11T07:05:00Z,3313.0
2018-12-11T07:10:00Z,2637.0
2018-12-11T07:15:00Z,3027.0
2018-12-11T07:20:00Z,2974.0
2018-12-11T07:25:00Z,3168.0
2018-12-11T07:30:00Z,1826.0
2018-12-11T07:35:00Z,1930.0
2018-12-11T07:40:00Z,1588.0
2018-12-11T07:45:00Z,1284.0
2018-12-11T07:50:00Z,1325.0
2018-12-11T07:55:00Z,1331.0
2018-12-11T08:00:00Z,2604.0
2018-12-11T08:05:00Z,2212.0
2018-12-11T08:10:00Z,2450.0
2018-12-11T08:15:00Z,1625.0
2018-12-11T08:20:00Z,1300.0
2018-12-11T08:25:00Z,1899.0
2018-12-11T08:30:00Z,1384.0
2018-12-11T08:35:00Z,1632.0
2018-12-11T08:40:00Z,1421.0
2018-12-11T08:45:00Z,1443.0
2018-12-11T08:50:00Z,1889.0
2018-12-11T08:55:00Z,1568.0
2018-12-11T09:00:00Z,3539.0
2018-12-11T09:05:00Z,8288.0
2018-12-11T09:10:00Z,10186.0
2018-12-11T09:15:00Z,7191.0
2018-12-11T09:20:00Z,5303.0
2018-12-11T09:25:00Z,2545.0
2018-12-11T09:30:00Z,2717.0
2018-12-11T09:35:00Z,2260.0
2018-12-11T09:40:00Z,2632.0
2018-12-11T09:45:00Z,2320.0
2018-12-11T09:50:00Z,2039.0
2018-12-11T09:55:00Z,1600.0
2018-12-11T10:00:00Z,4714.0
2018-12-11T10:05:00Z,7213.0
2018-12-11T10:10:00Z,4122.0
2018-12-11T10:15:00Z,2594.0
2018-12-11T10:20:00Z,3031.0
2018-12-11T10:25:00Z,2556.0
2018-12-11T10:30:00Z,3192.0
2018-12-11T10:35:00Z,3405.0
2018-12-11T10:40:00Z,3332.0
2018-12-11T10:45:00Z,4880.0
2018-12-11T10:50:00Z,4236.0
2018-12-11T10:55:00Z,4178.0
2018-12-11T11:00:00Z,6041.0
2018-12-11T11:05:00Z,6514.0
2018-12-11T11:10:00Z,4611.0
2018-12-11T11:15:00Z,5042.0
2018-12-11T11:20:00Z,5434.0
2018-12-11T11:25:00Z,3416.0
2018-12-11T11:30:00Z,3913.0
2018-12-11T11:35:00Z,4290.0
2018-12-11T11:40:00Z,4523.0
2018-12-11T11:45:00Z,4092.0
2018-12-11T11:50:00Z,4388.0
2018-12-11T11:55:00Z,5032.0
2018-12-11T12:00:00Z,7770.0
2018-12-11T12:05:00Z,8243.0
2018-12-11T12:10:00Z,6524.0
2018-12-11T12:15:00Z,7116.0
2018-12-11T12:20:00Z,6305.0
2018-12-11T12:25:00Z,6894.0
2018-12-11T12:30:00Z,7653.0
2018-12-11T12:35:00Z,8808.0
2018-12-11T12:40:00Z,8020.0
2018-12-11T12:45:00Z,11386.0
2018-12-11T12:50:00Z,9955.0
2018-12-11T12:55:00Z,9095.0
2018-12-11T13:00:00Z,13119.0
2018-12-11T13:05:00Z,15333.0
2018-12-11T13:10:00Z,15442.0
2018-12-11T13:15:00Z,14517.0
2018-12-11T13:20:00Z,14868.0
2018-12-11T13:25:00Z,13145.0
2018-12-11T13:30:00Z,12830.0
2018-12-11T13:35:00Z,14953.0
2018-12-11T13:40:00Z,15582.0
2018-12-11T13:45:00Z,15944.0
2018-12-11T13:50:00Z,14844.0
2018-12-11T13:55:00Z,14012.0
2018-12-11T14:00:00Z,16004.0
2018-12-11T14:05:00Z,17903.0
2018-12-11T14:10:00Z,17347.0
2018-12-11T14:15:00Z,17368.0
2018-12-11T14:20:00Z,18502.0
2018-12-11T14:25:00Z,20172.0
2018-12-11T14:30:00Z,26984.0
2018-12-11T14:35:00Z,32499.0
2018-12-11T14:40:00Z,17405.0
2018-12-11T14:45:00Z,15454.0
2018-12-11T14:50:00Z,16410.0
2018-12-11T14:55:00Z,17942.0
2018-12-11T15:00:00Z,19113.0
2018-12-11T15:05:00Z,18249.0
2018-12-11T15:10:00Z,18690.0
2018-12-11T15:15:00Z,17470.0
2018-12-11T15:20:00Z,16702.0
2018-12-11T15:25:00Z,21494.0
2018-12-11T15:30:00Z,23933.0
2018-12-11T15:35:00Z,25071.0
2018-12-11T15:40:00Z,24306.0
2018-12-11T15:45:00Z,24176.0
2018-12-11T15:50:00Z,23493.0
2018-12-11T15:55:00Z,24184.0
2018-12-11T16:00:00Z,22953.0
2018-12-11T16:05:00Z,20957.0
2018-12-11T16:10:00Z,21003.0
2018-12-11T16:15:00Z,23121.0
2018-12-11T16:20:00Z,20256.0
2018-12-11T16:25:00Z,36520.0
2018-12-11T16:30:00Z,28138.0
2018-12-11T16:35:00Z,24242.0
2018-12-11T16:40:00Z,21034.0
2018-12-11T16:45:00Z,23090.0
2018-12-11T16:50:00Z,28014.0
2018-12-11T16:55:00Z,26209.0
2018-12-11T17:00:00Z,21658.0
2018-12-11T17:05:00Z,28101.0
2018-12-11T17:10:00Z,29448.0
2018-12-11T17:15:00Z,22093.0
2018-12-11T17:20:00Z,19984.0
2018-12-11T17:25:00Z,20741.0
2018-12-11T17:30:00Z,20241.0
2018-12-11T17:35:00Z,20455.0
2018-12-11T17:40:00Z,21491.0
2018-12-11T17:45:00Z,22305.0
2018-12-11T17:50:00Z,20855.0
2018-12-11T17:55:00Z,20000.0
2018-12-11T18:00:00Z,20486.0
2018-12-11T18:05:00Z,22241.0
2018-12-11T18:10:00Z,25094.0
2018-12-11T18:15:00Z,27593.0
2018-12-11T18:20:00Z,20451.0
2018-12-11T18:25:00Z,24015.0
2018-12-11T18:30:00Z,23259.0
2018-12-11T18:35:00Z,19400.0
2018-12-11T18:40:00Z,20197.0
2018-12-11T18:45:00Z,21028.0
2018-12-11T18:50:00Z,21017.0
2018-12-11T18:55:00Z,19650.0
2018-12-11T19:00:00Z,25807.0
2018-12-11T19:05:00Z,25206.0
2018-12-11T19:10:00Z,28178.0
2018-12-11T19:15:00Z,33580.0
2018-12-11T19:20:00Z,25907.0
2018-12-11T19:25:00Z,20424.0
2018-12-11T19:30:00Z,21354.0
2018-12-11T19:35:00Z,22301.0
2018-12-11T19:40:00Z,20603.0
2018-12-11T19:45:00Z,22526.0
2018-12-11T19:50:00Z,22020.0
2018-12-11T19:55:00Z,22390.0
2018-12-11T20:00:00Z,21427.0
2018-12-11T20:05:00Z,25072.0
2018-12-11T20:10:00Z,21698.0
2018-12-11T20:15:00Z,22004.0
2018-12-11T20:20:00Z,20491.0
2018-12-11T20:25:00Z,17211.0
2018-12-11T20:30:00Z,18202.0
2018-12-11T20:35:00Z,22064.0
2018-12-11T20:40:00Z,22740.0
2018-12-11T20:45:00Z,21825.0
2018-12-11T20:50:00Z,21681.0
2018-12-11T20:55:00Z,21123.0
2018-12-11T21:00:00Z,21989.0
2018-12-11T21:05:00Z,19999.0
2018-12-11T21:10:00Z,20020.0
2018-12-11T21:15:00Z,21138.0
2018-12-11T21:20:00Z,18178.0
2018-12-11T21:25:00Z,22640.0
2018-12-11T21:30:00Z,22974.0
2018-12-11T21:35:00Z,20793.0
2018-12-11T21:40:00Z,22643.0
2018-12-11T21:45:00Z,18146.0
2018-12-11T21:50:00Z,18952.0
2018-12-11T21:55:00Z,19195.0
2018-12-11T22:00:00Z,19672.0
2018-12-11T22:05:00Z,21541.0
2018-12-11T22:10:00Z,18038.0
2018-12-11T22:15:00Z,15759.0
2018-12-11T22:20:00Z,16625.0
2018-12-11T22:25:00Z,13576.0
2018-12-11T22:30:00Z,14155.0
2018-12-11T22:35:00Z,15290.0
2018-12-11T22:40:00Z,17139.0
2018-12-11T22:45:00Z,15300.0
2018-12-11T22:50:00Z,15411.0
2018-12-11T22:55:00Z,14636.0
2018-12-11T23:00:00Z,30690.0
2018-12-11T23:05:00Z,20734.0
2018-12-11T23:10:00Z,14398.0
2018-12-11T23:15:00Z,13748.0
2018-12-11T23:20:00Z,14255.0
2018-12-11T23:25:00Z,12876.0
2018-12-11T23:30:00Z,17025.0
2018-12-11T23:35:00Z,11842.0
2018-12-11T23:40:00Z,11819.0
2018-12-11T23:45:00Z,12530.0
2018-12-11T23:50:00Z,11589.0
2018-12-11T23:55:00Z,11317.0
2018-12-12T00:00:00Z,10406.0
2018-12-12T00:05:00Z,14506.0
2018-12-12T00:10:00Z,11054.0
2018-12-12T00:15:00Z,10292.0
2018-12-12T00:20:00Z,9583.0
2018-12-12T00:25:00Z,8611.0
2018-12-12T00:30:00Z,7969.0
2018-12-12T00:35:00Z,9178.0
2018-12-12T00:40:00Z,8395.0
2018-12-12T00:45:00Z,7065.0
2018-12-12T00:50:00Z,6687.0
2018-12-12T00:55:00Z,6427.0
2018-12-12T01:00:00Z,7120.0
2018-12-12T01:05:00Z,6970.0
2018-12-12T01:10:00Z,6111.0
2018-12-12T01:15:00Z,6517.0
2018-12-12T01:20:00Z,6334.0
2018-12-12T01:25:00Z,5234.0
2018-12-12T01:30:00Z,7004.0
2018-12-12T01:35:00Z,8934.0
2018-12-12T01:40:00Z,7074.0
2018-12-12T01:45:00Z,5451.0
2018-12-12T01:50:00Z,6068.0
2018-12-12T01:55:00Z,5624.0
2018-12-12T02:00:00Z,5644.0
2018-12-12T02:05:00Z,4867.0
2018-12-12T02:10:00Z,4040.0
2018-12-12T02:15:00Z,4216.0
2018-12-12T02:20:00Z,5239.0
2018-12-12T02:25:00Z,4464.0
2018-12-12T02:30:00Z,4520.0
2018-12-12T02:35:00Z,5021.0
2018-12-12T02:40:00Z,4763.0
2018-12-12T02:45:00Z,5959.0
2018-12-12T02:50:00Z,6607.0
2018-12-12T02:55:00Z,5279.0
2018-12-12T03:00:00Z,5612.0
2018-12-12T03:05:00Z,7949.0
2018-12-12T03:10:00Z,9407.0
2018-12-12T03:15:00Z,4889.0
2018-12-12T03:20:00Z,3316.0
2018-12-12T03:25:00Z,3367.0
2018-12-12T03:30:00Z,3402.0
2018-12-12T03:35:00Z,3585.0
2018-12-12T03:40:00Z,2467.0
2018-12-12T03:45:00Z,2790.0
2018-12-12T03:50:00Z,3463.0
2018-12-12T03:55:00Z,2457.0
2018-12-12T04:00:00Z,3190.0
2018-12-12T04:05:00Z,3708.0
2018-12-12T04:10:00Z,2711.0
2018-12-12T04:15:00Z,2824.0
2018-12-12T04:20:00Z,3202.0
2018-12-12T04:25:00Z,3095.0
2018-12-12T04:30:00Z,2966.0
2018-12-12T04:35:00Z,2868.0
2018-12-12T04:40:00Z,2545.0
2018-12-12T04:45:00Z,2363.0
2018-12-12T04:50:00Z,2201.0
2018-12-12T04:55:00Z,2747.0
2018-12-12T05:00:00Z,4370.0
2018-12-12T05:05:00Z,3748.0
2018-12-12T05:10:00Z,3023.0
2018-12-12T05:15:00Z,4315.0
2018-12-12T05:20:00Z,2945.0
2018-12-12T05:25:00Z,3437.0
2018-12-12T05:30:00Z,3061.0
2018-12-12T05:35:00Z,2583.0
2018-12-12T05:40:00Z,1957.0
2018-12-12T05:45:00Z,1979.0
2018-12-12T05:50:00Z,1937.0
2018-12-12T05:55:00Z,2329.0
2018-12-12T06:00:00Z,3729.0
2018-12-12T06:05:00Z,6264.0
2018-12-12T06:10:00Z,3871.0
2018-12-12T06:15:00Z,3106.0
2018-12-12T06:20:00Z,2631.0
2018-12-12T06:25:00Z,2141.0
2018-12-12T06:30:00Z,2012.0
2018-12-12T06:35:00Z,1939.0
2018-12-12T06:40:00Z,1631.0
2018-12-12T06:45:00Z,1739.0
2018-12-12T06:50:00Z,1222.0
2018-12-12T06:55:00Z,1299.0
2018-12-12T07:00:00Z,2460.0
2018-12-12T07:05:00Z,4284.0
2018-12-12T07:10:00Z,2975.0
2018-12-12T07:15:00Z,4029.0
2018-12-12T07:20:00Z,3441.0
2018-12-12T07:25:00Z,2863.0
2018-12-12T07:30:00Z,3772.0
2018-12-12T07:35:00Z,4097.0
2018-12-12T07:40:00Z,4331.0
2018-12-12T07:45:00Z,3501.0
2018-12-12T07:50:00Z,2690.0
2018-12-12T07:55:00Z,2875.0
2018-12-12T08:00:00Z,3078.0
2018-12-12T08:05:00Z,2741.0
2018-12-12T08:10:00Z,3262.0
2018-12-12T08:15:00Z,2215.0
2018-12-12T08:20:00Z,1759.0
2018-12-12T08:25:00Z,1857.0
2018-12-12T08:30:00Z,1420.0
2018-12-12T08:35:00Z,1483.0
2018-12-12T08:40:00Z,1298.0
2018-12-12T08:45:00Z,1523.0
2018-12-12T08:50:00Z,2207.0
2018-12-12T08:55:00Z,1635.0
2018-12-12T09:00:00Z,2505.0
2018-12-12T09:05:00Z,4335.0
2018-12-12T09:10:00Z,5315.0
2018-12-12T09:15:00Z,3762.0
2018-12-12T09:20:00Z,2254.0
2018-12-12T09:25:00Z,1581.0
2018-12-12T09:30:00Z,1381.0
2018-12-12T09:35:00Z,1681.0
2018-12-12T09:40:00Z,2240.0
2018-12-12T09:45:00Z,2216.0
2018-12-12T09:50:00Z,2546.0
2018-12-12T09:55:00Z,2194.0
2018-12-12T10:00:00Z,4916.0
2018-12-12T10:05:00Z,5701.0
2018-12-12T10:10:00Z,3719.0
2018-12-12T10:15:00Z,3447.0
2018-12-12T10:20:00Z,2619.0
2018-12-12T10:25:00Z,3270.0
2018-12-12T10:30:00Z,2842.0
2018-12-12T10:35:00Z,3288.0
2018-12-12T10:40:00Z,3181.0
2018-12-12T10:45:00Z,2879.0
2018-12-12T10:50:00Z,3263.0
2018-12-12T10:55:00Z,3462.0
2018-12-12T11:00:00Z,5276.0
2018-12-12T11:05:00Z,6963.0
2018-12-12T11:10:00Z,5467.0
2018-12-12T11:15:00Z,5028.0
2018-12-12T11:20:00Z,4921.0
2018-12-12T11:25:00Z,4416.0
2018-12-12T11:30:00Z,5522.0
2018-12-12T11:35:00Z,5646.0
2018-12-12T11:40:00Z,4809.0
2018-12-12T11:45:00Z,5500.0
2018-12-12T11:50:00Z,5768.0
2018-12-12T11:55:00Z,5517.0
2018-12-12T12:00:00Z,7304.0
2018-12-12T12:05:00Z,11729.0
2018-12-12T12:10:00Z,8135.0
2018-12-12T12:15:00Z,7508.0
2018-12-12T12:20:00Z,7196.0
2018-12-12T12:25:00Z,7165.0
2018-12-12T12:30:00Z,8711.0
2018-12-12T12:35:00Z,9333.0
2018-12-12T12:40:00Z,7281.0
2018-12-12T12:45:00Z,9101.0
2018-12-12T12:50:00Z,9190.0
2018-12-12T12:55:00Z,8881.0
2018-12-12T13:00:00Z,11652.0
2018-12-12T13:05:00Z,14577.0
2018-12-12T13:10:00Z,13547.0
2018-12-12T13:15:00Z,10874.0
2018-12-12T13:20:00Z,14866.0
2018-12-12T13:25:00Z,14518.0
2018-12-12T13:30:00Z,14138.0
2018-12-12T13:35:00Z,16024.0
2018-12-12T13:40:00Z,13149.0
2018-12-12T13:45:00Z,14035.0
2018-12-12T13:50:00Z,12949.0
2018-12-12T13:55:00Z,15296.0
2018-12-12T14:00:00Z,15575.0
2018-12-12T14:05:00Z,16855.0
2018-12-12T14:10:00Z,17640.0
2018-12-12T14:15:00Z,15362.0
2018-12-12T14:20:00Z,15164.0
2018-12-12T14:25:00Z,14525.0
2018-12-12T14:30:00Z,17685.0
2018-12-12T14:35:00Z,19358.0
2018-12-12T14:40:00Z,17653.0
2018-12-12T14:45:00Z,18887.0
2018-12-12T14:50:00Z,23021.0
2018-12-12T14:55:00Z,20918.0
2018-12-12T15:00:00Z,24358.0
2018-12-12T15:05:00Z,41257.0
2018-12-12T15:10:00Z,17391.0
2018-12-12T15:15:00Z,17159.0
2018-12-12T15:20:00Z,16571.0
2018-12-12T15:25:00Z,19271.0
2018-12-12T15:30:00Z,18000.0
2018-12-12T15:35:00Z,20737.0
2018-12-12T15:40:00Z,20744.0
2018-12-12T15:45:00Z,20294.0
2018-12-12T15:50:00Z,21621.0
2018-12-12T15:55:00Z,22346.0
2018-12-12T16:00:00Z,20458.0
2018-12-12T16:05:00Z,36468.0
2018-12-12T16:10:00Z,28310.0
2018-12-12T16:15:00Z,22067.0
2018-12-12T16:20:00Z,25308.0
2018-12-12T16:25:00Z,17555.0
2018-12-12T16:30:00Z,24526.0
2018-12-12T16:35:00Z,29437.0
2018-12-12T16:40:00Z,23513.0
2018-12-12T16:45:00Z,37567.0
2018-12-12T16:50:00Z,34018.0
2018-12-12T16:55:00Z,25640.0
2018-12-12T17:00:00Z,25184.0
2018-12-12T17:05:00Z,21520.0
2018-12-12T17:10:00Z,22977.0
2018-12-12T17:15:00Z,39077.0
2018-12-12T17:20:00Z,43478.0
2018-12-12T17:25:00Z,38812.0
2018-12-12T17:30:00Z,40212.0
2018-12-12T17:35:00Z,33317.0
2018-12-12T17:40:00Z,24413.0
2018-12-12T17:45:00Z,20362.0
2018-12-12T17:50:00Z,22747.0
2018-12-12T17:55:00Z,22967.0
2018-12-12T18:00:00Z,22224.0
2018-12-12T18:05:00Z,21468.0
2018-12-12T18:10:00Z,21026.0
2018-12-12T18:15:00Z,21165.0
2018-12-12T18:20:00Z,18193.0
2018-12-12T18:25:00Z,18215.0
2018-12-12T18:30:00Z,19208.0
2018-12-12T18:35:00Z,19754.0
2018-12-12T18:40:00Z,17833.0
2018-12-12T18:45:00Z,19905.0
2018-12-12T18:50:00Z,20251.0
2018-12-12T18:55:00Z,22908.0
2018-12-12T19:00:00Z,22538.0
2018-12-12T19:05:00Z,29139.0
2018-12-12T19:10:00Z,18840.0
2018-12-12T19:15:00Z,21945.0
2018-12-12T19:20:00Z,20231.0
2018-12-12T19:25:00Z,21728.0
2018-12-12T19:30:00Z,23332.0
2018-12-12T19:35:00Z,26614.0
2018-12-12T19:40:00Z,21677.0
2018-12-12T19:45:00Z,21147.0
2018-12-12T19:50:00Z,21752.0
2018-12-12T19:55:00Z,22989.0
2018-12-12T20:00:00Z,22022.0
2018-12-12T20:05:00Z,22843.0
2018-12-12T20:10:00Z,20857.0
2018-12-12T20:15:00Z,18840.0
2018-12-12T20:20:00Z,19811.0
2018-12-12T20:25:00Z,22340.0
2018-12-12T20:30:00Z,20018.0
2018-12-12T20:35:00Z,25801.0
2018-12-12T20:40:00Z,21270.0
2018-12-12T20:45:00Z,19986.0
2018-12-12T20:50:00Z,22407.0
2018-12-12T20:55:00Z,21449.0
2018-12-12T21:00:00Z,22491.0
2018-12-12T21:05:00Z,27287.0
2018-12-12T21:10:00Z,22758.0
2018-12-12T21:15:00Z,18222.0
2018-12-12T21:20:00Z,21033.0
2018-12-12T21:25:00Z,18145.0
2018-12-12T21:30:00Z,18846.0
2018-12-12T21:35:00Z,19128.0
2018-12-12T21:40:00Z,18724.0
2018-12-12T21:45:00Z,23739.0
2018-12-12T21:50:00Z,22708.0
2018-12-12T21:55:00Z,18672.0
2018-12-12T22:00:00Z,20519.0
2018-12-12T22:05:00Z,21107.0
2018-12-12T22:10:00Z,19668.0
2018-12-12T22:15:00Z,18294.0
2018-12-12T22:20:00Z,16897.0
2018-12-12T22:25:00Z,13611.0
2018-12-12T22:30:00Z,17092.0
2018-12-12T22:35:00Z,31707.0
2018-12-12T22:40:00Z,23954.0
2018-12-12T22:45:00Z,15808.0
2018-12-12T22:50:00Z,14887.0
2018-12-12T22:55:00Z,17300.0
2018-12-12T23:00:00Z,17649.0
2018-12-12T23:05:00Z,14683.0
2018-12-12T23:10:00Z,13253.0
2018-12-12T23:15:00Z,15203.0
2018-12-12T23:20:00Z,13547.0
2018-12-12T23:25:00Z,14025.0
2018-12-12T23:30:00Z,12793.0
2018-12-12T23:35:00Z,14132.0
2018-12-12T23:40:00Z,10889.0
2018-12-12T23:45:00Z,11191.0
2018-12-12T23:50:00Z,11093.0
2018-12-12T23:55:00Z,11159.0
2018-12-13T00:00:00Z,10818.0
2018-12-13T00:05:00Z,11504.0
2018-12-13T00:10:00Z,9341.0
2018-12-13T00:15:00Z,9302.0
2018-12-13T00:20:00Z,9476.0
2018-12-13T00:25:00Z,7840.0
2018-12-13T00:30:00Z,8284.0
2018-12-13T00:35:00Z,8677.0
2018-12-13T00:40:00Z,6226.0
2018-12-13T00:45:00Z,6443.0
2018-12-13T00:50:00Z,5751.0
2018-12-13T00:55:00Z,5594.0
2018-12-13T01:00:00Z,6198.0
2018-12-13T01:05:00Z,8791.0
2018-12-13T01:10:00Z,5682.0
2018-12-13T01:15:00Z,4770.0
2018-12-13T01:20:00Z,4568.0
2018-12-13T01:25:00Z,4691.0
2018-12-13T01:30:00Z,4995.0
2018-12-13T01:35:00Z,5996.0
2018-12-13T01:40:00Z,6189.0
2018-12-13T01:45:00Z,4378.0
2018-12-13T01:50:00Z,4693.0
2018-12-13T01:55:00Z,3876.0
2018-12-13T02:00:00Z,4768.0
2018-12-13T02:05:00Z,6112.0
2018-12-13T02:10:00Z,4672.0
2018-12-13T02:15:00Z,4895.0
2018-12-13T02:20:00Z,4514.0
2018-12-13T02:25:00Z,4685.0
2018-12-13T02:30:00Z,4627.0
2018-12-13T02:35:00Z,3676.0
2018-12-13T02:40:00Z,3282.0
2018-12-13T02:45:00Z,4024.0
2018-12-13T02:50:00Z,4487.0
2018-12-13T02:55:00Z,4938.0
2018-12-13T03:00:00Z,5466.0
2018-12-13T03:05:00Z,5802.0
2018-12-13T03:10:00Z,13126.0
2018-12-13T03:15:00Z,3206.0
2018-12-13T03:20:00Z,2901.0
2018-12-13T03:25:00Z,2736.0
2018-12-13T03:30:00Z,2529.0
2018-12-13T03:35:00Z,2930.0
2018-12-13T03:40:00Z,2354.0
2018-12-13T03:45:00Z,2853.0
2018-12-13T03:50:00Z,2754.0
2018-12-13T03:55:00Z,2577.0
2018-12-13T04:00:00Z,3239.0
2018-12-13T04:05:00Z,4107.0
2018-12-13T04:10:00Z,2221.0
2018-12-13T04:15:00Z,2615.0
2018-12-13T04:20:00Z,2388.0
2018-12-13T04:25:00Z,2886.0
2018-12-13T04:30:00Z,2906.0
2018-12-13T04:35:00Z,5839.0
2018-12-13T04:40:00Z,2929.0
2018-12-13T04:45:00Z,2111.0
2018-12-13T04:50:00Z,3029.0
2018-12-13T04:55:00Z,2634.0
2018-12-13T05:00:00Z,3200.0
2018-12-13T05:05:00Z,3489.0
2018-12-13T05:10:00Z,2609.0
2018-12-13T05:15:00Z,2408.0
2018-12-13T05:20:00Z,3251.0
2018-12-13T05:25:00Z,3440.0
2018-12-13T05:30:00Z,2956.0
2018-12-13T05:35:00Z,2422.0
2018-12-13T05:40:00Z,2092.0
2018-12-13T05:45:00Z,1976.0
2018-12-13T05:50:00Z,1479.0
2018-12-13T05:55:00Z,2131.0
2018-12-13T06:00:00Z,3066.0
2018-12-13T06:05:00Z,5033.0
2018-12-13T06:10:00Z,3537.0
2018-12-13T06:15:00Z,2637.0
2018-12-13T06:20:00Z,1862.0
2018-12-13T06:25:00Z,1257.0
2018-12-13T06:30:00Z,1496.0
2018-12-13T06:35:00Z,1535.0
2018-12-13T06:40:00Z,1202.0
2018-12-13T06:45:00Z,1191.0
2018-12-13T06:50:00Z,1192.0
2018-12-13T06:55:00Z,1366.0
2018-12-13T07:00:00Z,2626.0
2018-12-13T07:05:00Z,5550.0
2018-12-13T07:10:00Z,2665.0
2018-12-13T07:15:00Z,3172.0
2018-12-13T07:20:00Z,2583.0
2018-12-13T07:25:00Z,2419.0
2018-12-13T07:30:00Z,3654.0
2018-12-13T07:35:00Z,2774.0
2018-12-13T07:40:00Z,2150.0
2018-12-13T07:45:00Z,2000.0
2018-12-13T07:50:00Z,1708.0
2018-12-13T07:55:00Z,1620.0
2018-12-13T08:00:00Z,2105.0
2018-12-13T08:05:00Z,2130.0
2018-12-13T08:10:00Z,2083.0
2018-12-13T08:15:00Z,1423.0
2018-12-13T08:20:00Z,1396.0
2018-12-13T08:25:00Z,1451.0
2018-12-13T08:30:00Z,986.0
2018-12-13T08:35:00Z,1214.0
2018-12-13T08:40:00Z,1084.0
2018-12-13T08:45:00Z,1026.0
2018-12-13T08:50:00Z,1871.0
2018-12-13T08:55:00Z,1315.0
2018-12-13T09:00:00Z,2127.0
2018-12-13T09:05:00Z,3838.0
2018-12-13T09:10:00Z,5487.0
2018-12-13T09:15:00Z,2618.0
2018-12-13T09:20:00Z,2715.0
2018-12-13T09:25:00Z,1627.0
2018-12-13T09:30:00Z,1906.0
2018-12-13T09:35:00Z,2038.0
2018-12-13T09:40:00Z,2914.0
2018-12-13T09:45:00Z,2261.0
2018-12-13T09:50:00Z,1803.0
2018-12-13T09:55:00Z,1872.0
2018-12-13T10:00:00Z,3824.0
2018-12-13T10:05:00Z,6637.0
2018-12-13T10:10:00Z,4203.0
2018-12-13T10:15:00Z,3423.0
2018-12-13T10:20:00Z,3573.0
2018-12-13T10:25:00Z,3466.0
2018-12-13T10:30:00Z,3777.0
2018-12-13T10:35:00Z,4380.0
2018-12-13T10:40:00Z,3939.0
2018-12-13T10:45:00Z,4307.0
2018-12-13T10:50:00Z,3612.0
2018-12-13T10:55:00Z,3824.0
2018-12-13T11:00:00Z,5742.0
2018-12-13T11:05:00Z,7549.0
2018-12-13T11:10:00Z,4754.0
2018-12-13T11:15:00Z,4835.0
2018-12-13T11:20:00Z,4724.0
2018-12-13T11:25:00Z,3569.0
2018-12-13T11:30:00Z,4648.0
2018-12-13T11:35:00Z,4579.0
2018-12-13T11:40:00Z,4706.0
2018-12-13T11:45:00Z,4076.0
2018-12-13T11:50:00Z,5287.0
2018-12-13T11:55:00Z,4868.0
2018-12-13T12:00:00Z,6423.0
2018-12-13T12:05:00Z,8607.0
2018-12-13T12:10:00Z,20206.0
2018-12-13T12:15:00Z,9813.0
2018-12-13T12:20:00Z,6108.0
2018-12-13T12:25:00Z,6292.0
2018-12-13T12:30:00Z,7931.0
2018-12-13T12:35:00Z,8589.0
2018-12-13T12:40:00Z,7349.0
2018-12-13T12:45:00Z,7407.0
2018-12-13T12:50:00Z,7800.0
2018-12-13T12:55:00Z,10107.0
2018-12-13T13:00:00Z,8770.0
2018-12-13T13:05:00Z,18947.0
2018-12-13T13:10:00Z,10559.0
2018-12-13T13:15:00Z,10646.0
2018-12-13T13:20:00Z,14027.0
2018-12-13T13:25:00Z,12409.0
2018-12-13T13:30:00Z,14998.0
2018-12-13T13:35:00Z,12647.0
2018-12-13T13:40:00Z,11845.0
2018-12-13T13:45:00Z,16126.0
2018-12-13T13:50:00Z,15357.0
2018-12-13T13:55:00Z,13568.0
2018-12-13T14:00:00Z,13744.0
2018-12-13T14:05:00Z,16718.0
2018-12-13T14:10:00Z,17615.0
2018-12-13T14:15:00Z,13471.0
2018-12-13T14:20:00Z,12442.0
2018-12-13T14:25:00Z,13760.0
2018-12-13T14:30:00Z,15915.0
2018-12-13T14:35:00Z,19088.0
2018-12-13T14:40:00Z,19298.0
2018-12-13T14:45:00Z,35080.0
2018-12-13T14:50:00Z,21178.0
2018-12-13T14:55:00Z,19332.0
2018-12-13T15:00:00Z,18266.0
2018-12-13T15:05:00Z,18581.0
2018-12-13T15:10:00Z,32178.0
2018-12-13T15:15:00Z,25820.0
2018-12-13T15:20:00Z,17253.0
2018-12-13T15:25:00Z,16519.0
2018-12-13T15:30:00Z,25942.0
2018-12-13T15:35:00Z,22398.0
2018-12-13T15:40:00Z,21662.0
2018-12-13T15:45:00Z,22595.0
2018-12-13T15:50:00Z,22960.0
2018-12-13T15:55:00Z,23270.0
2018-12-13T16:00:00Z,23802.0
2018-12-13T16:05:00Z,21905.0
2018-12-13T16:10:00Z,23057.0
2018-12-13T16:15:00Z,37453.0
2018-12-13T16:20:00Z,28560.0
2018-12-13T16:25:00Z,24085.0
2018-12-13T16:30:00Z,23269.0
2018-12-13T16:35:00Z,28522.0
2018-12-13T16:40:00Z,21597.0
2018-12-13T16:45:00Z,24813.0
2018-12-13T16:50:00Z,37365.0
2018-12-13T16:55:00Z,19833.0
2018-12-13T17:00:00Z,21469.0
2018-12-13T17:05:00Z,22354.0
2018-12-13T17:10:00Z,18692.0
2018-12-13T17:15:00Z,21119.0
2018-12-13T17:20:00Z,17951.0
2018-12-13T17:25:00Z,17997.0
2018-12-13T17:30:00Z,17628.0
2018-12-13T17:35:00Z,36043.0
2018-12-13T17:40:00Z,23313.0
2018-12-13T17:45:00Z,18795.0
2018-12-13T17:50:00Z,18874.0
2018-12-13T17:55:00Z,17808.0
2018-12-13T18:00:00Z,18919.0
2018-12-13T18:05:00Z,20957.0
2018-12-13T18:10:00Z,19181.0
2018-12-13T18:15:00Z,18183.0
2018-12-13T18:20:00Z,17478.0
2018-12-13T18:25:00Z,15638.0
2018-12-13T18:30:00Z,16885.0
2018-12-13T18:35:00Z,19405.0
2018-12-13T18:40:00Z,17291.0
2018-12-13T18:45:00Z,22198.0
2018-12-13T18:50:00Z,19943.0
2018-12-13T18:55:00Z,25275.0
2018-12-13T19:00:00Z,21811.0
2018-12-13T19:05:00Z,21708.0
2018-12-13T19:10:00Z,21081.0
2018-12-13T19:15:00Z,20906.0
2018-12-13T19:20:00Z,18994.0
2018-12-13T19:25:00Z,22412.0
2018-12-13T19:30:00Z,18484.0
2018-12-13T19:35:00Z,19771.0
2018-12-13T19:40:00Z,18284.0
2018-12-13T19:45:00Z,22469.0
2018-12-13T19:50:00Z,21464.0
2018-12-13T19:55:00Z,21378.0
2018-12-13T20:00:00Z,22438.0
2018-12-13T20:05:00Z,19199.0
2018-12-13T20:10:00Z,21116.0
2018-12-13T20:15:00Z,20037.0
2018-12-13T20:20:00Z,19120.0
2018-12-13T20:25:00Z,20140.0
2018-12-13T20:30:00Z,19306.0
2018-12-13T20:35:00Z,23744.0
2018-12-13T20:40:00Z,22433.0
2018-12-13T20:45:00Z,20141.0
2018-12-13T20:50:00Z,20043.0
2018-12-13T20:55:00Z,20592.0
2018-12-13T21:00:00Z,24168.0
2018-12-13T21:05:00Z,29584.0
2018-12-13T21:10:00Z,18537.0
2018-12-13T21:15:00Z,15053.0
2018-12-13T21:20:00Z,19236.0
2018-12-13T21:25:00Z,20450.0
2018-12-13T21:30:00Z,37344.0
2018-12-13T21:35:00Z,28307.0
2018-12-13T21:40:00Z,30521.0
2018-12-13T21:45:00Z,21933.0
2018-12-13T21:50:00Z,19114.0
2018-12-13T21:55:00Z,19780.0
2018-12-13T22:00:00Z,19679.0
2018-12-13T22:05:00Z,18888.0
2018-12-13T22:10:00Z,18957.0
2018-12-13T22:15:00Z,17330.0
2018-12-13T22:20:00Z,15712.0
2018-12-13T22:25:00Z,14766.0
2018-12-13T22:30:00Z,19152.0
2018-12-13T22:35:00Z,15604.0
2018-12-13T22:40:00Z,16782.0
2018-12-13T22:45:00Z,19396.0
2018-12-13T22:50:00Z,14404.0
2018-12-13T22:55:00Z,15262.0
2018-12-13T23:00:00Z,15116.0
2018-12-13T23:05:00Z,16973.0
2018-12-13T23:10:00Z,14193.0
2018-12-13T23:15:00Z,14710.0
2018-12-13T23:20:00Z,10823.0
2018-12-13T23:25:00Z,11044.0
2018-12-13T23:30:00Z,11104.0
2018-12-13T23:35:00Z,12575.0
2018-12-13T23:40:00Z,11116.0
2018-12-13T23:45:00Z,10362.0
2018-12-13T23:50:00Z,10236.0
2018-12-13T23:55:00Z,10128.0
2018-12-14T00:00:00Z,10248.0
2018-12-14T00:05:00Z,10471.0
2018-12-14T00:10:00Z,9621.0
2018-12-14T00:15:00Z,9145.0
2018-12-14T00:20:00Z,9316.0
2018-12-14T00:25:00Z,9007.0
2018-12-14T00:30:00Z,8838.0
2018-12-14T00:35:00Z,7826.0
2018-12-14T00:40:00Z,7189.0
2018-12-14T00:45:00Z,7220.0
2018-12-14T00:50:00Z,7403.0
2018-12-14T00:55:00Z,5974.0
2018-12-14T01:00:00Z,5857.0
2018-12-14T01:05:00Z,6525.0
2018-12-14T01:10:00Z,6303.0
2018-12-14T01:15:00Z,4918.0
2018-12-14T01:20:00Z,4640.0
2018-12-14T01:25:00Z,4683.0
2018-12-14T01:30:00Z,5049.0
2018-12-14T01:35:00Z,5817.0
2018-12-14T01:40:00Z,4855.0
2018-12-14T01:45:00Z,3849.0
2018-12-14T01:50:00Z,3747.0
2018-12-14T01:55:00Z,3843.0
2018-12-14T02:00:00Z,5308.0
2018-12-14T02:05:00Z,4158.0
2018-12-14T02:10:00Z,4204.0
2018-12-14T02:15:00Z,3376.0
2018-12-14T02:20:00Z,3689.0
2018-12-14T02:25:00Z,3750.0
2018-12-14T02:30:00Z,3288.0
2018-12-14T02:35:00Z,3462.0
2018-12-14T02:40:00Z,2589.0
2018-12-14T02:45:00Z,3358.0
2018-12-14T02:50:00Z,5177.0
2018-12-14T02:55:00Z,5094.0
2018-12-14T03:00:00Z,3714.0
2018-12-14T03:05:00Z,5663.0
2018-12-14T03:10:00Z,10545.0
2018-12-14T03:15:00Z,2513.0
2018-12-14T03:20:00Z,2633.0
2018-12-14T03:25:00Z,2517.0
2018-12-14T03:30:00Z,2922.0
2018-12-14T03:35:00Z,2577.0
2018-12-14T03:40:00Z,2589.0
2018-12-14T03:45:00Z,3077.0
2018-12-14T03:50:00Z,2821.0
2018-12-14T03:55:00Z,2766.0
2018-12-14T04:00:00Z,4099.0
2018-12-14T04:05:00Z,3406.0
2018-12-14T04:10:00Z,2894.0
2018-12-14T04:15:00Z,2659.0
2018-12-14T04:20:00Z,2777.0
2018-12-14T04:25:00Z,3193.0
2018-12-14T04:30:00Z,3009.0
2018-12-14T04:35:00Z,2971.0
2018-12-14T04:40:00Z,2279.0
2018-12-14T04:45:00Z,2367.0
2018-12-14T04:50:00Z,2148.0
2018-12-14T04:55:00Z,2042.0
2018-12-14T05:00:00Z,3774.0
2018-12-14T05:05:00Z,4729.0
2018-12-14T05:10:00Z,3042.0
2018-12-14T05:15:00Z,2287.0
2018-12-14T05:20:00Z,1530.0
2018-12-14T05:25:00Z,5141.0
2018-12-14T05:30:00Z,8239.0
2018-12-14T05:35:00Z,6845.0
2018-12-14T05:40:00Z,6537.0
2018-12-14T05:45:00Z,5549.0
2018-12-14T05:50:00Z,4905.0
2018-12-14T05:55:00Z,5652.0
2018-12-14T06:00:00Z,5748.0
2018-12-14T06:05:00Z,5095.0
2018-12-14T06:10:00Z,3600.0
2018-12-14T06:15:00Z,2364.0
2018-12-14T06:20:00Z,2116.0
2018-12-14T06:25:00Z,1536.0
2018-12-14T06:30:00Z,1576.0
2018-12-14T06:35:00Z,1178.0
2018-12-14T06:40:00Z,1086.0
2018-12-14T06:45:00Z,1308.0
2018-12-14T06:50:00Z,1458.0
2018-12-14T06:55:00Z,1160.0
2018-12-14T07:00:00Z,2506.0
2018-12-14T07:05:00Z,4527.0
2018-12-14T07:10:00Z,2937.0
2018-12-14T07:15:00Z,3948.0
2018-12-14T07:20:00Z,1981.0
2018-12-14T07:25:00Z,3316.0
2018-12-14T07:30:00Z,3045.0
2018-12-14T07:35:00Z,3200.0
2018-12-14T07:40:00Z,1772.0
2018-12-14T07:45:00Z,2315.0
2018-12-14T07:50:00Z,2338.0
2018-12-14T07:55:00Z,2316.0
2018-12-14T08:00:00Z,2618.0
2018-12-14T08:05:00Z,2641.0
2018-12-14T08:10:00Z,2070.0
2018-12-14T08:15:00Z,1147.0
2018-12-14T08:20:00Z,1037.0
2018-12-14T08:25:00Z,1931.0
2018-12-14T08:30:00Z,1302.0
2018-12-14T08:35:00Z,1330.0
2018-12-14T08:40:00Z,1333.0
2018-12-14T08:45:00Z,1581.0
2018-12-14T08:50:00Z,2265.0
2018-12-14T08:55:00Z,1171.0
2018-12-14T09:00:00Z,3232.0
2018-12-14T09:05:00Z,4212.0
2018-12-14T09:10:00Z,5382.0
2018-12-14T09:15:00Z,2521.0
2018-12-14T09:20:00Z,2631.0
2018-12-14T09:25:00Z,1927.0
2018-12-14T09:30:00Z,1945.0
2018-12-14T09:35:00Z,2109.0
2018-12-14T09:40:00Z,2718.0
2018-12-14T09:45:00Z,2253.0
2018-12-14T09:50:00Z,2168.0
2018-12-14T09:55:00Z,1632.0
2018-12-14T10:00:00Z,3655.0
2018-12-14T10:05:00Z,7372.0
2018-12-14T10:10:00Z,3282.0
2018-12-14T10:15:00Z,3957.0
2018-12-14T10:20:00Z,3526.0
2018-12-14T10:25:00Z,3305.0
2018-12-14T10:30:00Z,3651.0
2018-12-14T10:35:00Z,3876.0
2018-12-14T10:40:00Z,3713.0
2018-12-14T10:45:00Z,4245.0
2018-12-14T10:50:00Z,3783.0
2018-12-14T10:55:00Z,5418.0
2018-12-14T11:00:00Z,5471.0
2018-12-14T11:05:00Z,7561.0
2018-12-14T11:10:00Z,4760.0
2018-12-14T11:15:00Z,3788.0
2018-12-14T11:20:00Z,4213.0
2018-12-14T11:25:00Z,3708.0
2018-12-14T11:30:00Z,3213.0
2018-12-14T11:35:00Z,3457.0
2018-12-14T11:40:00Z,3279.0
2018-12-14T11:45:00Z,3881.0
2018-12-14T11:50:00Z,3447.0
2018-12-14T11:55:00Z,4358.0
2018-12-14T12:00:00Z,6747.0
2018-12-14T12:05:00Z,7632.0
2018-12-14T12:10:00Z,4829.0
2018-12-14T12:15:00Z,4283.0
2018-12-14T12:20:00Z,5052.0
2018-12-14T12:25:00Z,5140.0
2018-12-14T12:30:00Z,6632.0
2018-12-14T12:35:00Z,6395.0
2018-12-14T12:40:00Z,7285.0
2018-12-14T12:45:00Z,7594.0
2018-12-14T12:50:00Z,7576.0
2018-12-14T12:55:00Z,7873.0
2018-12-14T13:00:00Z,10576.0
2018-12-14T13:05:00Z,15122.0
2018-12-14T13:10:00Z,10878.0
2018-12-14T13:15:00Z,10782.0
2018-12-14T13:20:00Z,13189.0
2018-12-14T13:25:00Z,10659.0
2018-12-14T13:30:00Z,9945.0
2018-12-14T13:35:00Z,10469.0
2018-12-14T13:40:00Z,13349.0
2018-12-14T13:45:00Z,11741.0
2018-12-14T13:50:00Z,9306.0
2018-12-14T13:55:00Z,12697.0
2018-12-14T14:00:00Z,13290.0
2018-12-14T14:05:00Z,15405.0
2018-12-14T14:10:00Z,13665.0
2018-12-14T14:15:00Z,11648.0
2018-12-14T14:20:00Z,12364.0
2018-12-14T14:25:00Z,13220.0
2018-12-14T14:30:00Z,12301.0
2018-12-14T14:35:00Z,13358.0
2018-12-14T14:40:00Z,14239.0
2018-12-14T14:45:00Z,11425.0
2018-12-14T14:50:00Z,15229.0
2018-12-14T14:55:00Z,14655.0
2018-12-14T15:00:00Z,14090.0
2018-12-14T15:05:00Z,21512.0
2018-12-14T15:10:00Z,35164.0
2018-12-14T15:15:00Z,20271.0
2018-12-14T15:20:00Z,15702.0
2018-12-14T15:25:00Z,13570.0
2018-12-14T15:30:00Z,16454.0
2018-12-14T15:35:00Z,15749.0
2018-12-14T15:40:00Z,16997.0
2018-12-14T15:45:00Z,15965.0
2018-12-14T15:50:00Z,15605.0
2018-12-14T15:55:00Z,15637.0
2018-12-14T16:00:00Z,17951.0
2018-12-14T16:05:00Z,18294.0
2018-12-14T16:10:00Z,19274.0
2018-12-14T16:15:00Z,20377.0
2018-12-14T16:20:00Z,15588.0
2018-12-14T16:25:00Z,18617.0
2018-12-14T16:30:00Z,19001.0
2018-12-14T16:35:00Z,16717.0
2018-12-14T16:40:00Z,14736.0
2018-12-14T16:45:00Z,17169.0
2018-12-14T16:50:00Z,16284.0
2018-12-14T16:55:00Z,17052.0
2018-12-14T17:00:00Z,21864.0
2018-12-14T17:05:00Z,21787.0
2018-12-14T17:10:00Z,20722.0
2018-12-14T17:15:00Z,22649.0
2018-12-14T17:20:00Z,19187.0
2018-12-14T17:25:00Z,17673.0
2018-12-14T17:30:00Z,19738.0
2018-12-14T17:35:00Z,17850.0
2018-12-14T17:40:00Z,15242.0
2018-12-14T17:45:00Z,17927.0
2018-12-14T17:50:00Z,18813.0
2018-12-14T17:55:00Z,16867.0
2018-12-14T18:00:00Z,16914.0
2018-12-14T18:05:00Z,24572.0
2018-12-14T18:10:00Z,19331.0
2018-12-14T18:15:00Z,15995.0
2018-12-14T18:20:00Z,13456.0
2018-12-14T18:25:00Z,15596.0
2018-12-14T18:30:00Z,16812.0
2018-12-14T18:35:00Z,18119.0
2018-12-14T18:40:00Z,16924.0
2018-12-14T18:45:00Z,16371.0
2018-12-14T18:50:00Z,20054.0
2018-12-14T18:55:00Z,16458.0
2018-12-14T19:00:00Z,17271.0
2018-12-14T19:05:00Z,18258.0
2018-12-14T19:10:00Z,17982.0
2018-12-14T19:15:00Z,16330.0
2018-12-14T19:20:00Z,17122.0
2018-12-14T19:25:00Z,15470.0
2018-12-14T19:30:00Z,17724.0
2018-12-14T19:35:00Z,17406.0
2018-12-14T19:40:00Z,18633.0
2018-12-14T19:45:00Z,18300.0
2018-12-14T19:50:00Z,18992.0
2018-12-14T19:55:00Z,23112.0
2018-12-14T20:00:00Z,16852.0
2018-12-14T20:05:00Z,16015.0
2018-12-14T20:10:00Z,15050.0
2018-12-14T20:15:00Z,15147.0
2018-12-14T20:20:00Z,15855.0
2018-12-14T20:25:00Z,15396.0
2018-12-14T20:30:00Z,17034.0
2018-12-14T20:35:00Z,16817.0
2018-12-14T20:40:00Z,16585.0
2018-12-14T20:45:00Z,16558.0
2018-12-14T20:50:00Z,14275.0
2018-12-14T20:55:00Z,15018.0
2018-12-14T21:00:00Z,15344.0
2018-12-14T21:05:00Z,15219.0
2018-12-14T21:10:00Z,16004.0
2018-12-14T21:15:00Z,19130.0
2018-12-14T21:20:00Z,18056.0
2018-12-14T21:25:00Z,18022.0
2018-12-14T21:30:00Z,16360.0
2018-12-14T21:35:00Z,17581.0
2018-12-14T21:40:00Z,18182.0
2018-12-14T21:45:00Z,18425.0
2018-12-14T21:50:00Z,16948.0
2018-12-14T21:55:00Z,17681.0
2018-12-14T22:00:00Z,17328.0
2018-12-14T22:05:00Z,15127.0
2018-12-14T22:10:00Z,12022.0
2018-12-14T22:15:00Z,11373.0
2018-12-14T22:20:00Z,10765.0
2018-12-14T22:25:00Z,9648.0
2018-12-14T22:30:00Z,9244.0
2018-12-14T22:35:00Z,10398.0
2018-12-14T22:40:00Z,8791.0
2018-12-14T22:45:00Z,10236.0
2018-12-14T22:50:00Z,9672.0
2018-12-14T22:55:00Z,8632.0
2018-12-14T23:00:00Z,9303.0
2018-12-14T23:05:00Z,15665.0
2018-12-14T23:10:00Z,9345.0
2018-12-14T23:15:00Z,8301.0
2018-12-14T23:20:00Z,8224.0
2018-12-14T23:25:00Z,7343.0
2018-12-14T23:30:00Z,7744.0
2018-12-14T23:35:00Z,7210.0
2018-12-14T23:40:00Z,7340.0
2018-12-14T23:45:00Z,5840.0
2018-12-14T23:50:00Z,7382.0
2018-12-14T23:55:00Z,6326.0
2018-12-15T00:00:00Z,6799.0
2018-12-15T00:05:00Z,7193.0
2018-12-15T00:10:00Z,6347.0
2018-12-15T00:15:00Z,5349.0
2018-12-15T00:20:00Z,5886.0
2018-12-15T00:25:00Z,6112.0
2018-12-15T00:30:00Z,4890.0
2018-12-15T00:35:00Z,6220.0
2018-12-15T00:40:00Z,3661.0
2018-12-15T00:45:00Z,3928.0
2018-12-15T00:50:00Z,3688.0
2018-12-15T00:55:00Z,4083.0
2018-12-15T01:00:00Z,4542.0
2018-12-15T01:05:00Z,3951.0
2018-12-15T01:10:00Z,3093.0
2018-12-15T01:15:00Z,2975.0
2018-12-15T01:20:00Z,3217.0
2018-12-15T01:25:00Z,2400.0
2018-12-15T01:30:00Z,2627.0
2018-12-15T01:35:00Z,4322.0
2018-12-15T01:40:00Z,3274.0
2018-12-15T01:45:00Z,2621.0
2018-12-15T01:50:00Z,3034.0
2018-12-15T01:55:00Z,2364.0
2018-12-15T02:00:00Z,3101.0
2018-12-15T02:05:00Z,2986.0
2018-12-15T02:10:00Z,2028.0
2018-12-15T02:15:00Z,2344.0
2018-12-15T02:20:00Z,2371.0
2018-12-15T02:25:00Z,2657.0
2018-12-15T02:30:00Z,2133.0
2018-12-15T02:35:00Z,2310.0
2018-12-15T02:40:00Z,2092.0
2018-12-15T02:45:00Z,1811.0
2018-12-15T02:50:00Z,2304.0
2018-12-15T02:55:00Z,3322.0
2018-12-15T03:00:00Z,4272.0
2018-12-15T03:05:00Z,5483.0
2018-12-15T03:10:00Z,9859.0
2018-12-15T03:15:00Z,1902.0
2018-12-15T03:20:00Z,1780.0
2018-12-15T03:25:00Z,1678.0
2018-12-15T03:30:00Z,1683.0
2018-12-15T03:35:00Z,1831.0
2018-12-15T03:40:00Z,1301.0
2018-12-15T03:45:00Z,1387.0
2018-12-15T03:50:00Z,1660.0
2018-12-15T03:55:00Z,1634.0
2018-12-15T04:00:00Z,1931.0
2018-12-15T04:05:00Z,1960.0
2018-12-15T04:10:00Z,1821.0
2018-12-15T04:15:00Z,1591.0
2018-12-15T04:20:00Z,1431.0
2018-12-15T04:25:00Z,1530.0
2018-12-15T04:30:00Z,1872.0
2018-12-15T04:35:00Z,1719.0
2018-12-15T04:40:00Z,1345.0
2018-12-15T04:45:00Z,1315.0
2018-12-15T04:50:00Z,1328.0
2018-12-15T04:55:00Z,1539.0
2018-12-15T05:00:00Z,2115.0
2018-12-15T05:05:00Z,2409.0
2018-12-15T05:10:00Z,1156.0
2018-12-15T05:15:00Z,1112.0
2018-12-15T05:20:00Z,1155.0
2018-12-15T05:25:00Z,981.0
2018-12-15T05:30:00Z,1970.0
2018-12-15T05:35:00Z,1864.0
2018-12-15T05:40:00Z,1044.0
2018-12-15T05:45:00Z,1140.0
2018-12-15T05:50:00Z,1061.0
2018-12-15T05:55:00Z,1544.0
2018-12-15T06:00:00Z,2143.0
2018-12-15T06:05:00Z,3188.0
2018-12-15T06:10:00Z,2338.0
2018-12-15T06:15:00Z,2006.0
2018-12-15T06:20:00Z,1346.0
2018-12-15T06:25:00Z,1103.0
2018-12-15T06:30:00Z,1129.0
2018-12-15T06:35:00Z,1953.0
2018-12-15T06:40:00Z,1303.0
2018-12-15T06:45:00Z,1002.0
2018-12-15T06:50:00Z,870.0
2018-12-15T06:55:00Z,844.0
2018-12-15T07:00:00Z,1391.0
2018-12-15T07:05:00Z,2656.0
2018-12-15T07:10:00Z,2147.0
2018-12-15T07:15:00Z,1841.0
2018-12-15T07:20:00Z,1429.0
2018-12-15T07:25:00Z,1196.0
2018-12-15T07:30:00Z,1604.0
2018-12-15T07:35:00Z,3545.0
2018-12-15T07:40:00Z,1719.0
2018-12-15T07:45:00Z,2182.0
2018-12-15T07:50:00Z,1582.0
2018-12-15T07:55:00Z,2059.0
2018-12-15T08:00:00Z,2928.0
2018-12-15T08:05:00Z,3546.0
2018-12-15T08:10:00Z,3328.0
2018-12-15T08:15:00Z,2917.0
2018-12-15T08:20:00Z,2566.0
2018-12-15T08:25:00Z,2450.0
2018-12-15T08:30:00Z,1497.0
2018-12-15T08:35:00Z,1522.0
2018-12-15T08:40:00Z,826.0
2018-12-15T08:45:00Z,771.0
2018-12-15T08:50:00Z,1363.0
2018-12-15T08:55:00Z,840.0
2018-12-15T09:00:00Z,1459.0
2018-12-15T09:05:00Z,3801.0
2018-12-15T09:10:00Z,4919.0
2018-12-15T09:15:00Z,3218.0
2018-12-15T09:20:00Z,2357.0
2018-12-15T09:25:00Z,1924.0
2018-12-15T09:30:00Z,1679.0
2018-12-15T09:35:00Z,1528.0
2018-12-15T09:40:00Z,2258.0
2018-12-15T09:45:00Z,2137.0
2018-12-15T09:50:00Z,1622.0
2018-12-15T09:55:00Z,1372.0
2018-12-15T10:00:00Z,2396.0
2018-12-15T10:05:00Z,4456.0
2018-12-15T10:10:00Z,2886.0
2018-12-15T10:15:00Z,3086.0
2018-12-15T10:20:00Z,2898.0
2018-12-15T10:25:00Z,2526.0
2018-12-15T10:30:00Z,2389.0
2018-12-15T10:35:00Z,2979.0
2018-12-15T10:40:00Z,2957.0
2018-12-15T10:45:00Z,2841.0
2018-12-15T10:50:00Z,2403.0
2018-12-15T10:55:00Z,2908.0
2018-12-15T11:00:00Z,3762.0
2018-12-15T11:05:00Z,3323.0
2018-12-15T11:10:00Z,1828.0
2018-12-15T11:15:00Z,1945.0
2018-12-15T11:20:00Z,2375.0
2018-12-15T11:25:00Z,2009.0
2018-12-15T11:30:00Z,1790.0
2018-12-15T11:35:00Z,1902.0
2018-12-15T11:40:00Z,1594.0
2018-12-15T11:45:00Z,1507.0
2018-12-15T11:50:00Z,1440.0
2018-12-15T11:55:00Z,1663.0
2018-12-15T12:00:00Z,2440.0
2018-12-15T12:05:00Z,3408.0
2018-12-15T12:10:00Z,2778.0
2018-12-15T12:15:00Z,2207.0
2018-12-15T12:20:00Z,2117.0
2018-12-15T12:25:00Z,2434.0
2018-12-15T12:30:00Z,2826.0
2018-12-15T12:35:00Z,3461.0
2018-12-15T12:40:00Z,2493.0
2018-12-15T12:45:00Z,2106.0
2018-12-15T12:50:00Z,1770.0
2018-12-15T12:55:00Z,1575.0
2018-12-15T13:00:00Z,2716.0
2018-12-15T13:05:00Z,3572.0
2018-12-15T13:10:00Z,2446.0
2018-12-15T13:15:00Z,3486.0
2018-12-15T13:20:00Z,6417.0
2018-12-15T13:25:00Z,4182.0
2018-12-15T13:30:00Z,2445.0
2018-12-15T13:35:00Z,2685.0
2018-12-15T13:40:00Z,1642.0
2018-12-15T13:45:00Z,1542.0
2018-12-15T13:50:00Z,1490.0
2018-12-15T13:55:00Z,1521.0
2018-12-15T14:00:00Z,2340.0
2018-12-15T14:05:00Z,2926.0
2018-12-15T14:10:00Z,2982.0
2018-12-15T14:15:00Z,2353.0
2018-12-15T14:20:00Z,2093.0
2018-12-15T14:25:00Z,2171.0
2018-12-15T14:30:00Z,2610.0
2018-12-15T14:35:00Z,2356.0
2018-12-15T14:40:00Z,2065.0
2018-12-15T14:45:00Z,2074.0
2018-12-15T14:50:00Z,1993.0
2018-12-15T14:55:00Z,1826.0
2018-12-15T15:00:00Z,2095.0
2018-12-15T15:05:00Z,2822.0
2018-12-15T15:10:00Z,2329.0
2018-12-15T15:15:00Z,2216.0
2018-12-15T15:20:00Z,2207.0
2018-12-15T15:25:00Z,2439.0
2018-12-15T15:30:00Z,2221.0
2018-12-15T15:35:00Z,2649.0
2018-12-15T15:40:00Z,2532.0
2018-12-15T15:45:00Z,2812.0
2018-12-15T15:50:00Z,2540.0
2018-12-15T15:55:00Z,2183.0
2018-12-15T16:00:00Z,2834.0
2018-12-15T16:05:00Z,4559.0
2018-12-15T16:10:00Z,2560.0
2018-12-15T16:15:00Z,3181.0
2018-12-15T16:20:00Z,3482.0
2018-12-15T16:25:00Z,3162.0
2018-12-15T16:30:00Z,2182.0
2018-12-15T16:35:00Z,2066.0
2018-12-15T16:40:00Z,2135.0
2018-12-15T16:45:00Z,2111.0
2018-12-15T16:50:00Z,2143.0
2018-12-15T16:55:00Z,1856.0
2018-12-15T17:00:00Z,2713.0
2018-12-15T17:05:00Z,3486.0
2018-12-15T17:10:00Z,2406.0
2018-12-15T17:15:00Z,2494.0
2018-12-15T17:20:00Z,2369.0
2018-12-15T17:25:00Z,1906.0
2018-12-15T17:30:00Z,2324.0
2018-12-15T17:35:00Z,2874.0
2018-12-15T17:40:00Z,2516.0
2018-12-15T17:45:00Z,2552.0
2018-12-15T17:50:00Z,2772.0
2018-12-15T17:55:00Z,2655.0
2018-12-15T18:00:00Z,3708.0
2018-12-15T18:05:00Z,3726.0
2018-12-15T18:10:00Z,2466.0
2018-12-15T18:15:00Z,2250.0
2018-12-15T18:20:00Z,1912.0
2018-12-15T18:25:00Z,1831.0
2018-12-15T18:30:00Z,1659.0
2018-12-15T18:35:00Z,1703.0
2018-12-15T18:40:00Z,1637.0
2018-12-15T18:45:00Z,2004.0
2018-12-15T18:50:00Z,1602.0
2018-12-15T18:55:00Z,1716.0
2018-12-15T19:00:00Z,2382.0
2018-12-15T19:05:00Z,2189.0
2018-12-15T19:10:00Z,1614.0
2018-12-15T19:15:00Z,1384.0
2018-12-15T19:20:00Z,1845.0
2018-12-15T19:25:00Z,1845.0
2018-12-15T19:30:00Z,1781.0
2018-12-15T19:35:00Z,2348.0
2018-12-15T19:40:00Z,2053.0
2018-12-15T19:45:00Z,1537.0
2018-12-15T19:50:00Z,1523.0
2018-12-15T19:55:00Z,1539.0
2018-12-15T20:00:00Z,1703.0
2018-12-15T20:05:00Z,3306.0
2018-12-15T20:10:00Z,2234.0
2018-12-15T20:15:00Z,1810.0
2018-12-15T20:20:00Z,1628.0
2018-12-15T20:25:00Z,1568.0
2018-12-15T20:30:00Z,1464.0
2018-12-15T20:35:00Z,1607.0
2018-12-15T20:40:00Z,1588.0
2018-12-15T20:45:00Z,1664.0
2018-12-15T20:50:00Z,1329.0
2018-12-15T20:55:00Z,1625.0
2018-12-15T21:00:00Z,1410.0
2018-12-15T21:05:00Z,2368.0
2018-12-15T21:10:00Z,1624.0
2018-12-15T21:15:00Z,1491.0
2018-12-15T21:20:00Z,1439.0
2018-12-15T21:25:00Z,1418.0
2018-12-15T21:30:00Z,1582.0
2018-12-15T21:35:00Z,1799.0
2018-12-15T21:40:00Z,1507.0
2018-12-15T21:45:00Z,1596.0
2018-12-15T21:50:00Z,2008.0
2018-12-15T21:55:00Z,2141.0
2018-12-15T22:00:00Z,2255.0
2018-12-15T22:05:00Z,2212.0
2018-12-15T22:10:00Z,1807.0
2018-12-15T22:15:00Z,1920.0
2018-12-15T22:20:00Z,1368.0
2018-12-15T22:25:00Z,1812.0
2018-12-15T22:30:00Z,2225.0
2018-12-15T22:35:00Z,1763.0
2018-12-15T22:40:00Z,1349.0
2018-12-15T22:45:00Z,1324.0
2018-12-15T22:50:00Z,1241.0
2018-12-15T22:55:00Z,1225.0
2018-12-15T23:00:00Z,1682.0
2018-12-15T23:05:00Z,1868.0
2018-12-15T23:10:00Z,1811.0
2018-12-15T23:15:00Z,1511.0
2018-12-15T23:20:00Z,1324.0
2018-12-15T23:25:00Z,1481.0
2018-12-15T23:30:00Z,1239.0
2018-12-15T23:35:00Z,1303.0
2018-12-15T23:40:00Z,1124.0
2018-12-15T23:45:00Z,1122.0
2018-12-15T23:50:00Z,1605.0
2018-12-15T23:55:00Z,1139.0
2018-12-16T00:00:00Z,1889.0
2018-12-16T00:05:00Z,2268.0
2018-12-16T00:10:00Z,1514.0
2018-12-16T00:15:00Z,1879.0
2018-12-16T00:20:00Z,1384.0
2018-12-16T00:25:00Z,1716.0
2018-12-16T00:30:00Z,1322.0
2018-12-16T00:35:00Z,1336.0
2018-12-16T00:40:00Z,1203.0
2018-12-16T00:45:00Z,1241.0
2018-12-16T00:50:00Z,1062.0
2018-12-16T00:55:00Z,1187.0
2018-12-16T01:00:00Z,2114.0
2018-12-16T01:05:00Z,2321.0
2018-12-16T01:10:00Z,2068.0
2018-12-16T01:15:00Z,1673.0
2018-12-16T01:20:00Z,1732.0
2018-12-16T01:25:00Z,1923.0
2018-12-16T01:30:00Z,2619.0
2018-12-16T01:35:00Z,2813.0
2018-12-16T01:40:00Z,1673.0
2018-12-16T01:45:00Z,1336.0
2018-12-16T01:50:00Z,1136.0
2018-12-16T01:55:00Z,1150.0
2018-12-16T02:00:00Z,1470.0
2018-12-16T02:05:00Z,1762.0
2018-12-16T02:10:00Z,1045.0
2018-12-16T02:15:00Z,960.0
2018-12-16T02:20:00Z,891.0
2018-12-16T02:25:00Z,843.0
2018-12-16T02:30:00Z,1317.0
2018-12-16T02:35:00Z,1063.0
2018-12-16T02:40:00Z,1212.0
2018-12-16T02:45:00Z,887.0
2018-12-16T02:50:00Z,682.0
2018-12-16T02:55:00Z,826.0
2018-12-16T03:00:00Z,995.0
2018-12-16T03:05:00Z,3317.0
2018-12-16T03:10:00Z,9176.0
2018-12-16T03:15:00Z,673.0
2018-12-16T03:20:00Z,791.0
2018-12-16T03:25:00Z,684.0
2018-12-16T03:30:00Z,661.0
2018-12-16T03:35:00Z,760.0
2018-12-16T03:40:00Z,693.0
2018-12-16T03:45:00Z,664.0
2018-12-16T03:50:00Z,669.0
2018-12-16T03:55:00Z,627.0
2018-12-16T04:00:00Z,982.0
2018-12-16T04:05:00Z,1837.0
2018-12-16T04:10:00Z,846.0
2018-12-16T04:15:00Z,814.0
2018-12-16T04:20:00Z,687.0
2018-12-16T04:25:00Z,841.0
2018-12-16T04:30:00Z,786.0
2018-12-16T04:35:00Z,1125.0
2018-12-16T04:40:00Z,641.0
2018-12-16T04:45:00Z,825.0
2018-12-16T04:50:00Z,838.0
2018-12-16T04:55:00Z,760.0
2018-12-16T05:00:00Z,1610.0
2018-12-16T05:05:00Z,1656.0
2018-12-16T05:10:00Z,913.0
2018-12-16T05:15:00Z,897.0
2018-12-16T05:20:00Z,863.0
2018-12-16T05:25:00Z,734.0
2018-12-16T05:30:00Z,1717.0
2018-12-16T05:35:00Z,1383.0
2018-12-16T05:40:00Z,621.0
2018-12-16T05:45:00Z,753.0
2018-12-16T05:50:00Z,795.0
2018-12-16T05:55:00Z,1435.0
2018-12-16T06:00:00Z,1932.0
2018-12-16T06:05:00Z,2699.0
2018-12-16T06:10:00Z,1514.0
2018-12-16T06:15:00Z,1283.0
2018-12-16T06:20:00Z,1770.0
2018-12-16T06:25:00Z,1380.0
2018-12-16T06:30:00Z,1159.0
2018-12-16T06:35:00Z,1112.0
2018-12-16T06:40:00Z,980.0
2018-12-16T06:45:00Z,1050.0
2018-12-16T06:50:00Z,850.0
2018-12-16T06:55:00Z,948.0
2018-12-16T07:00:00Z,1866.0
2018-12-16T07:05:00Z,3035.0
2018-12-16T07:10:00Z,2394.0
2018-12-16T07:15:00Z,3141.0
2018-12-16T07:20:00Z,2087.0
2018-12-16T07:25:00Z,1783.0
2018-12-16T07:30:00Z,1549.0
2018-12-16T07:35:00Z,2157.0
2018-12-16T07:40:00Z,797.0
2018-12-16T07:45:00Z,1912.0
2018-12-16T07:50:00Z,1567.0
2018-12-16T07:55:00Z,904.0
2018-12-16T08:00:00Z,1038.0
2018-12-16T08:05:00Z,1867.0
2018-12-16T08:10:00Z,1929.0
2018-12-16T08:15:00Z,1190.0
2018-12-16T08:20:00Z,870.0
2018-12-16T08:25:00Z,863.0
2018-12-16T08:30:00Z,904.0
2018-12-16T08:35:00Z,1030.0
2018-12-16T08:40:00Z,1043.0
2018-12-16T08:45:00Z,945.0
2018-12-16T08:50:00Z,1695.0
2018-12-16T08:55:00Z,922.0
2018-12-16T09:00:00Z,1366.0
2018-12-16T09:05:00Z,3229.0
2018-12-16T09:10:00Z,3010.0
2018-12-16T09:15:00Z,1640.0
2018-12-16T09:20:00Z,2039.0
2018-12-16T09:25:00Z,1605.0
2018-12-16T09:30:00Z,1440.0
2018-12-16T09:35:00Z,1079.0
2018-12-16T09:40:00Z,2005.0
2018-12-16T09:45:00Z,1643.0
2018-12-16T09:50:00Z,2207.0
2018-12-16T09:55:00Z,2805.0
2018-12-16T10:00:00Z,6486.0
2018-12-16T10:05:00Z,7625.0
2018-12-16T10:10:00Z,4813.0
2018-12-16T10:15:00Z,1858.0
2018-12-16T10:20:00Z,2044.0
2018-12-16T10:25:00Z,1887.0
2018-12-16T10:30:00Z,1707.0
2018-12-16T10:35:00Z,1957.0
2018-12-16T10:40:00Z,2564.0
2018-12-16T10:45:00Z,3038.0
2018-12-16T10:50:00Z,1808.0
2018-12-16T10:55:00Z,2004.0
2018-12-16T11:00:00Z,3076.0
2018-12-16T11:05:00Z,3640.0
2018-12-16T11:10:00Z,2024.0
2018-12-16T11:15:00Z,1741.0
2018-12-16T11:20:00Z,2340.0
2018-12-16T11:25:00Z,1459.0
2018-12-16T11:30:00Z,1598.0
2018-12-16T11:35:00Z,1700.0
2018-12-16T11:40:00Z,1672.0
2018-12-16T11:45:00Z,1158.0
2018-12-16T11:50:00Z,1317.0
2018-12-16T11:55:00Z,1327.0
2018-12-16T12:00:00Z,1600.0
2018-12-16T12:05:00Z,2678.0
2018-12-16T12:10:00Z,1441.0
2018-12-16T12:15:00Z,1884.0
2018-12-16T12:20:00Z,1799.0
2018-12-16T12:25:00Z,1245.0
2018-12-16T12:30:00Z,1236.0
2018-12-16T12:35:00Z,1387.0
2018-12-16T12:40:00Z,1090.0
2018-12-16T12:45:00Z,1069.0
2018-12-16T12:50:00Z,1109.0
2018-12-16T12:55:00Z,1057.0
2018-12-16T13:00:00Z,1869.0
2018-12-16T13:05:00Z,2275.0
2018-12-16T13:10:00Z,1431.0
2018-12-16T13:15:00Z,1996.0
2018-12-16T13:20:00Z,3167.0
2018-12-16T13:25:00Z,1797.0
2018-12-16T13:30:00Z,1604.0
2018-12-16T13:35:00Z,1423.0
2018-12-16T13:40:00Z,1080.0
2018-12-16T13:45:00Z,894.0
2018-12-16T13:50:00Z,1103.0
2018-12-16T13:55:00Z,1251.0
2018-12-16T14:00:00Z,1735.0
2018-12-16T14:05:00Z,3449.0
2018-12-16T14:10:00Z,1940.0
2018-12-16T14:15:00Z,1861.0
2018-12-16T14:20:00Z,1616.0
2018-12-16T14:25:00Z,1398.0
2018-12-16T14:30:00Z,1629.0
2018-12-16T14:35:00Z,1344.0
2018-12-16T14:40:00Z,1265.0
2018-12-16T14:45:00Z,1219.0
2018-12-16T14:50:00Z,1456.0
2018-12-16T14:55:00Z,1231.0
2018-12-16T15:00:00Z,1737.0
2018-12-16T15:05:00Z,2957.0
2018-12-16T15:10:00Z,2283.0
2018-12-16T15:15:00Z,1999.0
2018-12-16T15:20:00Z,2122.0
2018-12-16T15:25:00Z,2106.0
2018-12-16T15:30:00Z,2038.0
2018-12-16T15:35:00Z,2132.0
2018-12-16T15:40:00Z,2012.0
2018-12-16T15:45:00Z,1781.0
2018-12-16T15:50:00Z,1649.0
2018-12-16T15:55:00Z,1553.0
2018-12-16T16:00:00Z,2596.0
2018-12-16T16:05:00Z,2701.0
2018-12-16T16:10:00Z,3237.0
2018-12-16T16:15:00Z,2512.0
2018-12-16T16:20:00Z,1952.0
2018-12-16T16:25:00Z,1607.0
2018-12-16T16:30:00Z,1673.0
2018-12-16T16:35:00Z,1873.0
2018-12-16T16:40:00Z,1355.0
2018-12-16T16:45:00Z,1604.0
2018-12-16T16:50:00Z,1342.0
2018-12-16T16:55:00Z,1120.0
2018-12-16T17:00:00Z,1899.0
2018-12-16T17:05:00Z,2647.0
2018-12-16T17:10:00Z,1689.0
2018-12-16T17:15:00Z,2034.0
2018-12-16T17:20:00Z,1838.0
2018-12-16T17:25:00Z,1548.0
2018-12-16T17:30:00Z,1546.0
2018-12-16T17:35:00Z,1485.0
2018-12-16T17:40:00Z,1444.0
2018-12-16T17:45:00Z,1406.0
2018-12-16T17:50:00Z,1441.0
2018-12-16T17:55:00Z,1590.0
2018-12-16T18:00:00Z,1991.0
2018-12-16T18:05:00Z,2308.0
2018-12-16T18:10:00Z,2275.0
2018-12-16T18:15:00Z,1409.0
2018-12-16T18:20:00Z,1518.0
2018-12-16T18:25:00Z,1603.0
2018-12-16T18:30:00Z,1576.0
2018-12-16T18:35:00Z,1325.0
2018-12-16T18:40:00Z,1338.0
2018-12-16T18:45:00Z,1767.0
2018-12-16T18:50:00Z,1395.0
2018-12-16T18:55:00Z,1002.0
2018-12-16T19:00:00Z,1877.0
2018-12-16T19:05:00Z,2187.0
2018-12-16T19:10:00Z,1935.0
2018-12-16T19:15:00Z,2105.0
2018-12-16T19:20:00Z,2010.0
2018-12-16T19:25:00Z,1553.0
2018-12-16T19:30:00Z,1507.0
2018-12-16T19:35:00Z,1852.0
2018-12-16T19:40:00Z,1709.0
2018-12-16T19:45:00Z,1732.0
2018-12-16T19:50:00Z,1552.0
2018-12-16T19:55:00Z,1377.0
2018-12-16T20:00:00Z,1951.0
2018-12-16T20:05:00Z,1695.0
2018-12-16T20:10:00Z,1808.0
2018-12-16T20:15:00Z,2028.0
2018-12-16T20:20:00Z,3258.0
2018-12-16T20:25:00Z,1653.0
2018-12-16T20:30:00Z,2055.0
2018-12-16T20:35:00Z,1966.0
2018-12-16T20:40:00Z,1892.0
2018-12-16T20:45:00Z,1723.0
2018-12-16T20:50:00Z,2153.0
2018-12-16T20:55:00Z,1921.0
2018-12-16T21:00:00Z,2071.0
2018-12-16T21:05:00Z,2573.0
2018-12-16T21:10:00Z,2125.0
2018-12-16T21:15:00Z,1759.0
2018-12-16T21:20:00Z,1802.0
2018-12-16T21:25:00Z,1487.0
2018-12-16T21:30:00Z,1635.0
2018-12-16T21:35:00Z,1810.0
2018-12-16T21:40:00Z,1764.0
2018-12-16T21:45:00Z,1678.0
2018-12-16T21:50:00Z,1632.0
2018-12-16T21:55:00Z,1806.0
2018-12-16T22:00:00Z,2177.0
2018-12-16T22:05:00Z,2187.0
2018-12-16T22:10:00Z,1632.0
2018-12-16T22:15:00Z,2159.0
2018-12-16T22:20:00Z,2202.0
2018-12-16T22:25:00Z,2400.0
2018-12-16T22:30:00Z,2941.0
2018-12-16T22:35:00Z,2499.0
2018-12-16T22:40:00Z,2256.0
2018-12-16T22:45:00Z,1597.0
2018-12-16T22:50:00Z,1783.0
2018-12-16T22:55:00Z,1614.0
2018-12-16T23:00:00Z,1521.0
2018-12-16T23:05:00Z,2205.0
2018-12-16T23:10:00Z,1559.0
2018-12-16T23:15:00Z,1858.0
2018-12-16T23:20:00Z,1873.0
2018-12-16T23:25:00Z,1827.0
2018-12-16T23:30:00Z,1956.0
2018-12-16T23:35:00Z,1777.0
2018-12-16T23:40:00Z,1819.0
2018-12-16T23:45:00Z,1390.0
2018-12-16T23:50:00Z,1493.0
2018-12-16T23:55:00Z,1749.0
2018-12-17T00:00:00Z,2613.0
2018-12-17T00:05:00Z,2595.0
2018-12-17T00:10:00Z,2640.0
2018-12-17T00:15:00Z,2036.0
2018-12-17T00:20:00Z,2430.0
2018-12-17T00:25:00Z,2511.0
2018-12-17T00:30:00Z,2246.0
2018-12-17T00:35:00Z,2565.0
2018-12-17T00:40:00Z,2396.0
2018-12-17T00:45:00Z,2423.0
2018-12-17T00:50:00Z,2958.0
2018-12-17T00:55:00Z,2271.0
2018-12-17T01:00:00Z,2463.0
2018-12-17T01:05:00Z,2708.0
2018-12-17T01:10:00Z,2016.0
2018-12-17T01:15:00Z,2331.0
2018-12-17T01:20:00Z,1861.0
2018-12-17T01:25:00Z,1692.0
2018-12-17T01:30:00Z,2330.0
2018-12-17T01:35:00Z,2034.0
2018-12-17T01:40:00Z,1438.0
2018-12-17T01:45:00Z,1412.0
2018-12-17T01:50:00Z,1724.0
2018-12-17T01:55:00Z,1561.0
2018-12-17T02:00:00Z,2049.0
2018-12-17T02:05:00Z,2949.0
2018-12-17T02:10:00Z,2780.0
2018-12-17T02:15:00Z,2030.0
2018-12-17T02:20:00Z,2695.0
2018-12-17T02:25:00Z,2161.0
2018-12-17T02:30:00Z,2330.0
2018-12-17T02:35:00Z,1969.0
2018-12-17T02:40:00Z,1515.0
2018-12-17T02:45:00Z,1408.0
2018-12-17T02:50:00Z,1248.0
2018-12-17T02:55:00Z,1308.0
2018-12-17T03:00:00Z,1878.0
2018-12-17T03:05:00Z,4201.0
2018-12-17T03:10:00Z,10357.0
2018-12-17T03:15:00Z,1428.0
2018-12-17T03:20:00Z,1432.0
2018-12-17T03:25:00Z,1167.0
2018-12-17T03:30:00Z,1230.0
2018-12-17T03:35:00Z,1247.0
2018-12-17T03:40:00Z,1126.0
2018-12-17T03:45:00Z,1428.0
2018-12-17T03:50:00Z,1575.0
2018-12-17T03:55:00Z,1197.0
2018-12-17T04:00:00Z,1483.0
2018-12-17T04:05:00Z,1646.0
2018-12-17T04:10:00Z,1261.0
2018-12-17T04:15:00Z,1516.0
2018-12-17T04:20:00Z,1371.0
2018-12-17T04:25:00Z,1508.0
2018-12-17T04:30:00Z,1387.0
2018-12-17T04:35:00Z,1748.0
2018-12-17T04:40:00Z,2085.0
2018-12-17T04:45:00Z,1981.0
2018-12-17T04:50:00Z,2960.0
2018-12-17T04:55:00Z,3153.0
2018-12-17T05:00:00Z,2605.0
2018-12-17T05:05:00Z,2938.0
2018-12-17T05:10:00Z,1816.0
2018-12-17T05:15:00Z,1785.0
2018-12-17T05:20:00Z,1451.0
2018-12-17T05:25:00Z,1276.0
2018-12-17T05:30:00Z,2112.0
2018-12-17T05:35:00Z,1546.0
2018-12-17T05:40:00Z,987.0
2018-12-17T05:45:00Z,1241.0
2018-12-17T05:50:00Z,1102.0
2018-12-17T05:55:00Z,2242.0
2018-12-17T06:00:00Z,3088.0
2018-12-17T06:05:00Z,3760.0
2018-12-17T06:10:00Z,2091.0
2018-12-17T06:15:00Z,2094.0
2018-12-17T06:20:00Z,1890.0
2018-12-17T06:25:00Z,1605.0
2018-12-17T06:30:00Z,996.0
2018-12-17T06:35:00Z,1280.0
2018-12-17T06:40:00Z,809.0
2018-12-17T06:45:00Z,772.0
2018-12-17T06:50:00Z,681.0
2018-12-17T06:55:00Z,690.0
2018-12-17T07:00:00Z,1921.0
2018-12-17T07:05:00Z,3251.0
2018-12-17T07:10:00Z,1975.0
2018-12-17T07:15:00Z,1799.0
2018-12-17T07:20:00Z,1316.0
2018-12-17T07:25:00Z,1067.0
2018-12-17T07:30:00Z,1017.0
2018-12-17T07:35:00Z,1245.0
2018-12-17T07:40:00Z,808.0
2018-12-17T07:45:00Z,863.0
2018-12-17T07:50:00Z,1281.0
2018-12-17T07:55:00Z,998.0
2018-12-17T08:00:00Z,1883.0
2018-12-17T08:05:00Z,2194.0
2018-12-17T08:10:00Z,2538.0
2018-12-17T08:15:00Z,3653.0
2018-12-17T08:20:00Z,3595.0
2018-12-17T08:25:00Z,3505.0
2018-12-17T08:30:00Z,2959.0
2018-12-17T08:35:00Z,1703.0
2018-12-17T08:40:00Z,1301.0
2018-12-17T08:45:00Z,1562.0
2018-12-17T08:50:00Z,2655.0
2018-12-17T08:55:00Z,2024.0
2018-12-17T09:00:00Z,2890.0
2018-12-17T09:05:00Z,7769.0
2018-12-17T09:10:00Z,7459.0
2018-12-17T09:15:00Z,7093.0
2018-12-17T09:20:00Z,5386.0
2018-12-17T09:25:00Z,2976.0
2018-12-17T09:30:00Z,2009.0
2018-12-17T09:35:00Z,1401.0
2018-12-17T09:40:00Z,3175.0
2018-12-17T09:45:00Z,2449.0
2018-12-17T09:50:00Z,2417.0
2018-12-17T09:55:00Z,1915.0
2018-12-17T10:00:00Z,5943.0
2018-12-17T10:05:00Z,9095.0
2018-12-17T10:10:00Z,2909.0
2018-12-17T10:15:00Z,4627.0
2018-12-17T10:20:00Z,3622.0
2018-12-17T10:25:00Z,2944.0
2018-12-17T10:30:00Z,2839.0
2018-12-17T10:35:00Z,3695.0
2018-12-17T10:40:00Z,2998.0
2018-12-17T10:45:00Z,4519.0
2018-12-17T10:50:00Z,3355.0
2018-12-17T10:55:00Z,2972.0
2018-12-17T11:00:00Z,4825.0
2018-12-17T11:05:00Z,6120.0
2018-12-17T11:10:00Z,4685.0
2018-12-17T11:15:00Z,5095.0
2018-12-17T11:20:00Z,4268.0
2018-12-17T11:25:00Z,3762.0
2018-12-17T11:30:00Z,4688.0
2018-12-17T11:35:00Z,4071.0
2018-12-17T11:40:00Z,3867.0
2018-12-17T11:45:00Z,4748.0
2018-12-17T11:50:00Z,5325.0
2018-12-17T11:55:00Z,4494.0
2018-12-17T12:00:00Z,8090.0
2018-12-17T12:05:00Z,8545.0
2018-12-17T12:10:00Z,6250.0
2018-12-17T12:15:00Z,6062.0
2018-12-17T12:20:00Z,6144.0
2018-12-17T12:25:00Z,6497.0
2018-12-17T12:30:00Z,6303.0
2018-12-17T12:35:00Z,8286.0
2018-12-17T12:40:00Z,8295.0
2018-12-17T12:45:00Z,7786.0
2018-12-17T12:50:00Z,7729.0
2018-12-17T12:55:00Z,10560.0
2018-12-17T13:00:00Z,10060.0
2018-12-17T13:05:00Z,12695.0
2018-12-17T13:10:00Z,11830.0
2018-12-17T13:15:00Z,11162.0
2018-12-17T13:20:00Z,9604.0
2018-12-17T13:25:00Z,9551.0
2018-12-17T13:30:00Z,9424.0
2018-12-17T13:35:00Z,11455.0
2018-12-17T13:40:00Z,12017.0
2018-12-17T13:45:00Z,13006.0
2018-12-17T13:50:00Z,14980.0
2018-12-17T13:55:00Z,17056.0
2018-12-17T14:00:00Z,27575.0
2018-12-17T14:05:00Z,19232.0
2018-12-17T14:10:00Z,16221.0
2018-12-17T14:15:00Z,16401.0
2018-12-17T14:20:00Z,14692.0
2018-12-17T14:25:00Z,12386.0
2018-12-17T14:30:00Z,16071.0
2018-12-17T14:35:00Z,14825.0
2018-12-17T14:40:00Z,14208.0
2018-12-17T14:45:00Z,13556.0
2018-12-17T14:50:00Z,16266.0
2018-12-17T14:55:00Z,16468.0
2018-12-17T15:00:00Z,18587.0
2018-12-17T15:05:00Z,29161.0
2018-12-17T15:10:00Z,24771.0
2018-12-17T15:15:00Z,18861.0
2018-12-17T15:20:00Z,19234.0
2018-12-17T15:25:00Z,19976.0
2018-12-17T15:30:00Z,15789.0
2018-12-17T15:35:00Z,16265.0
2018-12-17T15:40:00Z,15225.0
2018-12-17T15:45:00Z,15713.0
2018-12-17T15:50:00Z,21691.0
2018-12-17T15:55:00Z,27202.0
2018-12-17T16:00:00Z,22621.0
2018-12-17T16:05:00Z,19744.0
2018-12-17T16:10:00Z,19537.0
2018-12-17T16:15:00Z,21215.0
2018-12-17T16:20:00Z,22911.0
2018-12-17T16:25:00Z,19249.0
2018-12-17T16:30:00Z,19768.0
2018-12-17T16:35:00Z,18555.0
2018-12-17T16:40:00Z,16285.0
2018-12-17T16:45:00Z,22060.0
2018-12-17T16:50:00Z,21047.0
2018-12-17T16:55:00Z,20815.0
2018-12-17T17:00:00Z,22615.0
2018-12-17T17:05:00Z,22097.0
2018-12-17T17:10:00Z,26397.0
2018-12-17T17:15:00Z,21141.0
2018-12-17T17:20:00Z,19320.0
2018-12-17T17:25:00Z,14298.0
2018-12-17T17:30:00Z,19498.0
2018-12-17T17:35:00Z,19018.0
2018-12-17T17:40:00Z,17824.0
2018-12-17T17:45:00Z,17541.0
2018-12-17T17:50:00Z,20802.0
2018-12-17T17:55:00Z,23517.0
2018-12-17T18:00:00Z,21852.0
2018-12-17T18:05:00Z,20073.0
2018-12-17T18:10:00Z,18715.0
2018-12-17T18:15:00Z,18635.0
2018-12-17T18:20:00Z,19374.0
2018-12-17T18:25:00Z,17146.0
2018-12-17T18:30:00Z,19741.0
2018-12-17T18:35:00Z,23243.0
2018-12-17T18:40:00Z,22534.0
2018-12-17T18:45:00Z,17444.0
2018-12-17T18:50:00Z,16953.0
2018-12-17T18:55:00Z,22642.0
2018-12-17T19:00:00Z,19865.0
2018-12-17T19:05:00Z,22493.0
2018-12-17T19:10:00Z,21192.0
2018-12-17T19:15:00Z,20096.0
2018-12-17T19:20:00Z,19644.0
2018-12-17T19:25:00Z,21189.0
2018-12-17T19:30:00Z,23812.0
2018-12-17T19:35:00Z,19812.0
2018-12-17T19:40:00Z,20967.0
2018-12-17T19:45:00Z,39159.0
2018-12-17T19:50:00Z,28117.0
2018-12-17T19:55:00Z,18850.0
2018-12-17T20:00:00Z,19320.0
2018-12-17T20:05:00Z,21876.0
2018-12-17T20:10:00Z,18789.0
2018-12-17T20:15:00Z,15543.0
2018-12-17T20:20:00Z,17501.0
2018-12-17T20:25:00Z,18418.0
2018-12-17T20:30:00Z,18126.0
2018-12-17T20:35:00Z,18181.0
2018-12-17T20:40:00Z,20031.0
2018-12-17T20:45:00Z,23229.0
2018-12-17T20:50:00Z,17837.0
2018-12-17T20:55:00Z,18801.0
2018-12-17T21:00:00Z,20577.0
2018-12-17T21:05:00Z,19819.0
2018-12-17T21:10:00Z,18000.0
2018-12-17T21:15:00Z,16013.0
2018-12-17T21:20:00Z,17012.0
2018-12-17T21:25:00Z,16174.0
2018-12-17T21:30:00Z,17388.0
2018-12-17T21:35:00Z,21906.0
2018-12-17T21:40:00Z,20784.0
2018-12-17T21:45:00Z,18082.0
2018-12-17T21:50:00Z,19512.0
2018-12-17T21:55:00Z,18041.0
2018-12-17T22:00:00Z,18322.0
2018-12-17T22:05:00Z,19773.0
2018-12-17T22:10:00Z,16922.0
2018-12-17T22:15:00Z,16160.0
2018-12-17T22:20:00Z,17365.0
2018-12-17T22:25:00Z,16490.0
2018-12-17T22:30:00Z,15739.0
2018-12-17T22:35:00Z,16118.0
2018-12-17T22:40:00Z,13766.0
2018-12-17T22:45:00Z,14179.0
2018-12-17T22:50:00Z,13827.0
2018-12-17T22:55:00Z,13429.0
2018-12-17T23:00:00Z,14460.0
2018-12-17T23:05:00Z,19197.0
2018-12-17T23:10:00Z,13448.0
2018-12-17T23:15:00Z,11380.0
2018-12-17T23:20:00Z,10492.0
2018-12-17T23:25:00Z,10656.0
2018-12-17T23:30:00Z,12511.0
2018-12-17T23:35:00Z,9708.0
2018-12-17T23:40:00Z,10272.0
2018-12-17T23:45:00Z,9271.0
2018-12-17T23:50:00Z,8580.0
2018-12-17T23:55:00Z,8788.0
2018-12-18T00:00:00Z,9553.0
2018-12-18T00:05:00Z,9361.0
2018-12-18T00:10:00Z,8386.0
2018-12-18T00:15:00Z,6431.0
2018-12-18T00:20:00Z,7657.0
2018-12-18T00:25:00Z,6800.0
2018-12-18T00:30:00Z,7523.0
2018-12-18T00:35:00Z,6403.0
2018-12-18T00:40:00Z,5942.0
2018-12-18T00:45:00Z,7218.0
2018-12-18T00:50:00Z,8648.0
2018-12-18T00:55:00Z,6430.0
2018-12-18T01:00:00Z,5445.0
2018-12-18T01:05:00Z,5967.0
2018-12-18T01:10:00Z,6729.0
2018-12-18T01:15:00Z,5050.0
2018-12-18T01:20:00Z,4689.0
2018-12-18T01:25:00Z,4860.0
2018-12-18T01:30:00Z,4695.0
2018-12-18T01:35:00Z,4858.0
2018-12-18T01:40:00Z,4231.0
2018-12-18T01:45:00Z,3926.0
2018-12-18T01:50:00Z,3708.0
2018-12-18T01:55:00Z,3006.0
2018-12-18T02:00:00Z,4132.0
2018-12-18T02:05:00Z,5146.0
2018-12-18T02:10:00Z,3948.0
2018-12-18T02:15:00Z,3491.0
2018-12-18T02:20:00Z,4082.0
2018-12-18T02:25:00Z,3874.0
2018-12-18T02:30:00Z,4233.0
2018-12-18T02:35:00Z,3759.0
2018-12-18T02:40:00Z,3546.0
2018-12-18T02:45:00Z,3795.0
2018-12-18T02:50:00Z,3568.0
2018-12-18T02:55:00Z,3696.0
2018-12-18T03:00:00Z,6584.0
2018-12-18T03:05:00Z,11556.0
2018-12-18T03:10:00Z,3281.0
2018-12-18T03:15:00Z,3040.0
2018-12-18T03:20:00Z,3158.0
2018-12-18T03:25:00Z,2927.0
2018-12-18T03:30:00Z,2703.0
2018-12-18T03:35:00Z,2598.0
2018-12-18T03:40:00Z,2699.0
2018-12-18T03:45:00Z,2598.0
2018-12-18T03:50:00Z,2546.0
2018-12-18T03:55:00Z,2167.0
2018-12-18T04:00:00Z,3116.0
2018-12-18T04:05:00Z,3884.0
2018-12-18T04:10:00Z,4012.0
2018-12-18T04:15:00Z,4366.0
2018-12-18T04:20:00Z,4184.0
2018-12-18T04:25:00Z,3513.0
2018-12-18T04:30:00Z,2390.0
2018-12-18T04:35:00Z,3693.0
2018-12-18T04:40:00Z,2938.0
2018-12-18T04:45:00Z,3027.0
2018-12-18T04:50:00Z,2582.0
2018-12-18T04:55:00Z,2845.0
2018-12-18T05:00:00Z,3576.0
2018-12-18T05:05:00Z,5478.0
2018-12-18T05:10:00Z,2365.0
2018-12-18T05:15:00Z,2245.0
2018-12-18T05:20:00Z,2360.0
2018-12-18T05:25:00Z,1812.0
2018-12-18T05:30:00Z,2256.0
2018-12-18T05:35:00Z,2149.0
2018-12-18T05:40:00Z,1704.0
2018-12-18T05:45:00Z,1756.0
2018-12-18T05:50:00Z,1479.0
2018-12-18T05:55:00Z,2020.0
2018-12-18T06:00:00Z,2980.0
2018-12-18T06:05:00Z,4254.0
2018-12-18T06:10:00Z,2391.0
2018-12-18T06:15:00Z,2546.0
2018-12-18T06:20:00Z,2022.0
2018-12-18T06:25:00Z,1923.0
2018-12-18T06:30:00Z,2126.0
2018-12-18T06:35:00Z,2240.0
2018-12-18T06:40:00Z,1583.0
2018-12-18T06:45:00Z,1166.0
2018-12-18T06:50:00Z,926.0
2018-12-18T06:55:00Z,910.0
2018-12-18T07:00:00Z,2131.0
2018-12-18T07:05:00Z,4598.0
2018-12-18T07:10:00Z,2189.0
2018-12-18T07:15:00Z,2615.0
2018-12-18T07:20:00Z,2593.0
2018-12-18T07:25:00Z,1988.0
2018-12-18T07:30:00Z,1819.0
2018-12-18T07:35:00Z,2104.0
2018-12-18T07:40:00Z,2217.0
2018-12-18T07:45:00Z,1539.0
2018-12-18T07:50:00Z,1191.0
2018-12-18T07:55:00Z,1038.0
2018-12-18T08:00:00Z,2049.0
2018-12-18T08:05:00Z,2232.0
2018-12-18T08:10:00Z,1807.0
2018-12-18T08:15:00Z,1731.0
2018-12-18T08:20:00Z,1216.0
2018-12-18T08:25:00Z,1733.0
2018-12-18T08:30:00Z,1722.0
2018-12-18T08:35:00Z,1718.0
2018-12-18T08:40:00Z,1125.0
2018-12-18T08:45:00Z,1214.0
2018-12-18T08:50:00Z,1992.0
2018-12-18T08:55:00Z,1392.0
2018-12-18T09:00:00Z,2140.0
2018-12-18T09:05:00Z,3800.0
2018-12-18T09:10:00Z,5833.0
2018-12-18T09:15:00Z,4839.0
2018-12-18T09:20:00Z,3754.0
2018-12-18T09:25:00Z,2092.0
2018-12-18T09:30:00Z,2052.0
2018-12-18T09:35:00Z,1433.0
2018-12-18T09:40:00Z,2792.0
2018-12-18T09:45:00Z,3206.0
2018-12-18T09:50:00Z,2270.0
2018-12-18T09:55:00Z,1677.0
2018-12-18T10:00:00Z,3115.0
2018-12-18T10:05:00Z,5704.0
2018-12-18T10:10:00Z,3773.0
2018-12-18T10:15:00Z,3073.0
2018-12-18T10:20:00Z,2544.0
2018-12-18T10:25:00Z,2605.0
2018-12-18T10:30:00Z,2978.0
2018-12-18T10:35:00Z,3441.0
2018-12-18T10:40:00Z,3456.0
2018-12-18T10:45:00Z,3892.0
2018-12-18T10:50:00Z,3751.0
2018-12-18T10:55:00Z,3208.0
2018-12-18T11:00:00Z,6818.0
2018-12-18T11:05:00Z,6397.0
2018-12-18T11:10:00Z,3874.0
2018-12-18T11:15:00Z,3948.0
2018-12-18T11:20:00Z,4496.0
2018-12-18T11:25:00Z,3771.0
2018-12-18T11:30:00Z,3581.0
2018-12-18T11:35:00Z,4232.0
2018-12-18T11:40:00Z,4421.0
2018-12-18T11:45:00Z,4843.0
2018-12-18T11:50:00Z,4677.0
2018-12-18T11:55:00Z,5274.0
2018-12-18T12:00:00Z,6345.0
2018-12-18T12:05:00Z,9092.0
2018-12-18T12:10:00Z,7001.0
2018-12-18T12:15:00Z,6350.0
2018-12-18T12:20:00Z,6395.0
2018-12-18T12:25:00Z,6557.0
2018-12-18T12:30:00Z,6794.0
2018-12-18T12:35:00Z,6787.0
2018-12-18T12:40:00Z,8832.0
2018-12-18T12:45:00Z,7853.0
2018-12-18T12:50:00Z,7770.0
2018-12-18T12:55:00Z,7359.0
2018-12-18T13:00:00Z,7807.0
2018-12-18T13:05:00Z,13899.0
2018-12-18T13:10:00Z,9913.0
2018-12-18T13:15:00Z,12794.0
2018-12-18T13:20:00Z,15353.0
2018-12-18T13:25:00Z,9319.0
2018-12-18T13:30:00Z,11187.0
2018-12-18T13:35:00Z,12359.0
2018-12-18T13:40:00Z,11395.0
2018-12-18T13:45:00Z,11720.0
2018-12-18T13:50:00Z,12019.0
2018-12-18T13:55:00Z,14369.0
2018-12-18T14:00:00Z,13225.0
2018-12-18T14:05:00Z,13984.0
2018-12-18T14:10:00Z,16444.0
2018-12-18T14:15:00Z,17276.0
2018-12-18T14:20:00Z,15944.0
2018-12-18T14:25:00Z,13676.0
2018-12-18T14:30:00Z,15243.0
2018-12-18T14:35:00Z,16037.0
2018-12-18T14:40:00Z,15240.0
2018-12-18T14:45:00Z,14284.0
2018-12-18T14:50:00Z,17211.0
2018-12-18T14:55:00Z,16050.0
2018-12-18T15:00:00Z,21233.0
2018-12-18T15:05:00Z,19705.0
2018-12-18T15:10:00Z,20130.0
2018-12-18T15:15:00Z,22970.0
2018-12-18T15:20:00Z,18928.0
2018-12-18T15:25:00Z,18639.0
2018-12-18T15:30:00Z,21848.0
2018-12-18T15:35:00Z,17809.0
2018-12-18T15:40:00Z,18685.0
2018-12-18T15:45:00Z,16010.0
2018-12-18T15:50:00Z,20721.0
2018-12-18T15:55:00Z,24009.0
2018-12-18T16:00:00Z,20341.0
2018-12-18T16:05:00Z,23092.0
2018-12-18T16:10:00Z,29031.0
2018-12-18T16:15:00Z,36901.0
2018-12-18T16:20:00Z,47060.0
2018-12-18T16:25:00Z,43564.0
2018-12-18T16:30:00Z,26298.0
2018-12-18T16:35:00Z,22387.0
2018-12-18T16:40:00Z,20181.0
2018-12-18T16:45:00Z,19074.0
2018-12-18T16:50:00Z,19339.0
2018-12-18T16:55:00Z,32375.0
2018-12-18T17:00:00Z,36400.0
2018-12-18T17:05:00Z,17998.0
2018-12-18T17:10:00Z,17207.0
2018-12-18T17:15:00Z,19291.0
2018-12-18T17:20:00Z,15474.0
2018-12-18T17:25:00Z,18705.0
2018-12-18T17:30:00Z,17307.0
2018-12-18T17:35:00Z,15986.0
2018-12-18T17:40:00Z,17672.0
2018-12-18T17:45:00Z,20057.0
2018-12-18T17:50:00Z,26775.0
2018-12-18T17:55:00Z,17842.0
2018-12-18T18:00:00Z,21515.0
2018-12-18T18:05:00Z,21089.0
2018-12-18T18:10:00Z,23280.0
2018-12-18T18:15:00Z,17112.0
2018-12-18T18:20:00Z,16090.0
2018-12-18T18:25:00Z,16248.0
2018-12-18T18:30:00Z,16863.0
2018-12-18T18:35:00Z,18798.0
2018-12-18T18:40:00Z,15413.0
2018-12-18T18:45:00Z,22494.0
2018-12-18T18:50:00Z,24380.0
2018-12-18T18:55:00Z,20781.0
2018-12-18T19:00:00Z,20675.0
2018-12-18T19:05:00Z,20922.0
2018-12-18T19:10:00Z,20399.0
2018-12-18T19:15:00Z,19453.0
2018-12-18T19:20:00Z,18492.0
2018-12-18T19:25:00Z,20340.0
2018-12-18T19:30:00Z,18599.0
2018-12-18T19:35:00Z,17644.0
2018-12-18T19:40:00Z,19922.0
2018-12-18T19:45:00Z,19197.0
2018-12-18T19:50:00Z,19646.0
2018-12-18T19:55:00Z,19468.0
2018-12-18T20:00:00Z,30457.0
2018-12-18T20:05:00Z,37252.0
2018-12-18T20:10:00Z,20551.0
2018-12-18T20:15:00Z,17718.0
2018-12-18T20:20:00Z,17025.0
2018-12-18T20:25:00Z,19396.0
2018-12-18T20:30:00Z,20094.0
2018-12-18T20:35:00Z,16402.0
2018-12-18T20:40:00Z,21006.0
2018-12-18T20:45:00Z,36848.0
2018-12-18T20:50:00Z,24122.0
2018-12-18T20:55:00Z,20602.0
2018-12-18T21:00:00Z,22959.0
2018-12-18T21:05:00Z,24681.0
2018-12-18T21:10:00Z,19504.0
2018-12-18T21:15:00Z,21016.0
2018-12-18T21:20:00Z,19059.0
2018-12-18T21:25:00Z,18874.0
2018-12-18T21:30:00Z,17418.0
2018-12-18T21:35:00Z,20197.0
2018-12-18T21:40:00Z,17746.0
2018-12-18T21:45:00Z,19178.0
2018-12-18T21:50:00Z,18289.0
2018-12-18T21:55:00Z,18212.0
2018-12-18T22:00:00Z,18207.0
2018-12-18T22:05:00Z,20752.0
2018-12-18T22:10:00Z,15253.0
2018-12-18T22:15:00Z,15328.0
2018-12-18T22:20:00Z,14446.0
2018-12-18T22:25:00Z,13392.0
2018-12-18T22:30:00Z,15186.0
2018-12-18T22:35:00Z,14191.0
2018-12-18T22:40:00Z,13756.0
2018-12-18T22:45:00Z,12051.0
2018-12-18T22:50:00Z,12594.0
2018-12-18T22:55:00Z,12389.0
2018-12-18T23:00:00Z,12007.0
2018-12-18T23:05:00Z,13163.0
2018-12-18T23:10:00Z,12670.0
2018-12-18T23:15:00Z,11294.0
2018-12-18T23:20:00Z,13978.0
2018-12-18T23:25:00Z,10396.0
2018-12-18T23:30:00Z,11826.0
2018-12-18T23:35:00Z,10846.0
2018-12-18T23:40:00Z,9380.0
2018-12-18T23:45:00Z,9734.0
2018-12-18T23:50:00Z,18912.0
2018-12-18T23:55:00Z,20443.0
2018-12-19T00:00:00Z,12076.0
2018-12-19T00:05:00Z,10468.0
2018-12-19T00:10:00Z,8099.0
2018-12-19T00:15:00Z,7366.0
2018-12-19T00:20:00Z,7497.0
2018-12-19T00:25:00Z,10158.0
2018-12-19T00:30:00Z,8072.0
2018-12-19T00:35:00Z,6989.0
2018-12-19T00:40:00Z,6162.0
2018-12-19T00:45:00Z,5619.0
2018-12-19T00:50:00Z,5235.0
2018-12-19T00:55:00Z,5732.0
2018-12-19T01:00:00Z,6239.0
2018-12-19T01:05:00Z,7901.0
2018-12-19T01:10:00Z,5730.0
2018-12-19T01:15:00Z,5141.0
2018-12-19T01:20:00Z,4208.0
2018-12-19T01:25:00Z,4839.0
2018-12-19T01:30:00Z,6377.0
2018-12-19T01:35:00Z,6648.0
2018-12-19T01:40:00Z,5220.0
2018-12-19T01:45:00Z,3735.0
2018-12-19T01:50:00Z,3613.0
2018-12-19T01:55:00Z,4384.0
2018-12-19T02:00:00Z,4469.0
2018-12-19T02:05:00Z,3991.0
2018-12-19T02:10:00Z,2825.0
2018-12-19T02:15:00Z,2963.0
2018-12-19T02:20:00Z,2898.0
2018-12-19T02:25:00Z,3149.0
2018-12-19T02:30:00Z,3328.0
2018-12-19T02:35:00Z,2826.0
2018-12-19T02:40:00Z,2489.0
2018-12-19T02:45:00Z,2661.0
2018-12-19T02:50:00Z,4371.0
2018-12-19T02:55:00Z,4995.0
2018-12-19T03:00:00Z,3314.0
2018-12-19T03:05:00Z,3949.0
2018-12-19T03:10:00Z,11729.0
2018-12-19T03:15:00Z,2615.0
2018-12-19T03:20:00Z,2156.0
2018-12-19T03:25:00Z,1783.0
2018-12-19T03:30:00Z,1998.0
2018-12-19T03:35:00Z,2362.0
2018-12-19T03:40:00Z,1852.0
2018-12-19T03:45:00Z,2184.0
2018-12-19T03:50:00Z,2299.0
2018-12-19T03:55:00Z,3341.0
2018-12-19T04:00:00Z,3917.0
2018-12-19T04:05:00Z,3304.0
2018-12-19T04:10:00Z,3446.0
2018-12-19T04:15:00Z,3084.0
2018-12-19T04:20:00Z,2969.0
2018-12-19T04:25:00Z,3097.0
2018-12-19T04:30:00Z,3013.0
2018-12-19T04:35:00Z,3309.0
2018-12-19T04:40:00Z,2424.0
2018-12-19T04:45:00Z,2769.0
2018-12-19T04:50:00Z,2131.0
2018-12-19T04:55:00Z,2501.0
2018-12-19T05:00:00Z,3451.0
2018-12-19T05:05:00Z,3429.0
2018-12-19T05:10:00Z,2494.0
2018-12-19T05:15:00Z,2621.0
2018-12-19T05:20:00Z,2811.0
2018-12-19T05:25:00Z,2045.0
2018-12-19T05:30:00Z,2471.0
2018-12-19T05:35:00Z,2062.0
2018-12-19T05:40:00Z,1715.0
2018-12-19T05:45:00Z,1764.0
2018-12-19T05:50:00Z,1596.0
2018-12-19T05:55:00Z,1900.0
2018-12-19T06:00:00Z,2972.0
2018-12-19T06:05:00Z,4324.0
2018-12-19T06:10:00Z,2000.0
2018-12-19T06:15:00Z,1598.0
2018-12-19T06:20:00Z,1805.0
2018-12-19T06:25:00Z,1348.0
2018-12-19T06:30:00Z,1464.0
2018-12-19T06:35:00Z,1591.0
2018-12-19T06:40:00Z,1034.0
2018-12-19T06:45:00Z,957.0
2018-12-19T06:50:00Z,965.0
2018-12-19T06:55:00Z,1042.0
2018-12-19T07:00:00Z,2049.0
2018-12-19T07:05:00Z,3762.0
2018-12-19T07:10:00Z,4047.0
2018-12-19T07:15:00Z,4487.0
2018-12-19T07:20:00Z,2658.0
2018-12-19T07:25:00Z,1374.0
2018-12-19T07:30:00Z,1393.0
2018-12-19T07:35:00Z,1363.0
2018-12-19T07:40:00Z,1188.0
2018-12-19T07:45:00Z,1946.0
2018-12-19T07:50:00Z,1846.0
2018-12-19T07:55:00Z,1344.0
2018-12-19T08:00:00Z,1800.0
2018-12-19T08:05:00Z,2050.0
2018-12-19T08:10:00Z,1739.0
2018-12-19T08:15:00Z,1209.0
2018-12-19T08:20:00Z,1035.0
2018-12-19T08:25:00Z,1225.0
2018-12-19T08:30:00Z,1169.0
2018-12-19T08:35:00Z,1572.0
2018-12-19T08:40:00Z,1211.0
2018-12-19T08:45:00Z,2602.0
2018-12-19T08:50:00Z,1625.0
2018-12-19T08:55:00Z,1152.0
2018-12-19T09:00:00Z,1628.0
2018-12-19T09:05:00Z,4949.0
2018-12-19T09:10:00Z,7141.0
2018-12-19T09:15:00Z,4033.0
2018-12-19T09:20:00Z,1914.0
2018-12-19T09:25:00Z,1526.0
2018-12-19T09:30:00Z,2211.0
2018-12-19T09:35:00Z,1454.0
2018-12-19T09:40:00Z,1920.0
2018-12-19T09:45:00Z,2097.0
2018-12-19T09:50:00Z,2353.0
2018-12-19T09:55:00Z,1500.0
2018-12-19T10:00:00Z,2682.0
2018-12-19T10:05:00Z,7149.0
2018-12-19T10:10:00Z,4405.0
2018-12-19T10:15:00Z,3485.0
2018-12-19T10:20:00Z,2893.0
2018-12-19T10:25:00Z,2729.0
2018-12-19T10:30:00Z,3410.0
2018-12-19T10:35:00Z,3417.0
2018-12-19T10:40:00Z,3689.0
2018-12-19T10:45:00Z,4014.0
2018-12-19T10:50:00Z,4020.0
2018-12-19T10:55:00Z,3813.0
2018-12-19T11:00:00Z,5030.0
2018-12-19T11:05:00Z,7568.0
2018-12-19T11:10:00Z,5737.0
2018-12-19T11:15:00Z,3598.0
2018-12-19T11:20:00Z,4117.0
2018-12-19T11:25:00Z,3313.0
2018-12-19T11:30:00Z,4392.0
2018-12-19T11:35:00Z,4582.0
2018-12-19T11:40:00Z,4256.0
2018-12-19T11:45:00Z,3947.0
2018-12-19T11:50:00Z,6516.0
2018-12-19T11:55:00Z,3713.0
2018-12-19T12:00:00Z,5603.0
2018-12-19T12:05:00Z,7928.0
2018-12-19T12:10:00Z,6511.0
2018-12-19T12:15:00Z,5380.0
2018-12-19T12:20:00Z,6760.0
2018-12-19T12:25:00Z,5892.0
2018-12-19T12:30:00Z,6739.0
2018-12-19T12:35:00Z,6807.0
2018-12-19T12:40:00Z,6776.0
2018-12-19T12:45:00Z,6340.0
2018-12-19T12:50:00Z,6982.0
2018-12-19T12:55:00Z,7077.0
2018-12-19T13:00:00Z,9380.0
2018-12-19T13:05:00Z,11330.0
2018-12-19T13:10:00Z,10268.0
2018-12-19T13:15:00Z,10098.0
2018-12-19T13:20:00Z,13791.0
2018-12-19T13:25:00Z,11035.0
2018-12-19T13:30:00Z,10279.0
2018-12-19T13:35:00Z,11243.0
2018-12-19T13:40:00Z,11411.0
2018-12-19T13:45:00Z,11736.0
2018-12-19T13:50:00Z,10369.0
2018-12-19T13:55:00Z,12175.0
2018-12-19T14:00:00Z,13869.0
2018-12-19T14:05:00Z,17742.0
2018-12-19T14:10:00Z,11024.0
2018-12-19T14:15:00Z,14284.0
2018-12-19T14:20:00Z,12186.0
2018-12-19T14:25:00Z,12733.0
2018-12-19T14:30:00Z,13396.0
2018-12-19T14:35:00Z,16789.0
2018-12-19T14:40:00Z,12844.0
2018-12-19T14:45:00Z,18009.0
2018-12-19T14:50:00Z,15603.0
2018-12-19T14:55:00Z,13358.0
2018-12-19T15:00:00Z,16432.0
2018-12-19T15:05:00Z,20805.0
2018-12-19T15:10:00Z,22500.0
2018-12-19T15:15:00Z,20870.0
2018-12-19T15:20:00Z,20561.0
2018-12-19T15:25:00Z,16697.0
2018-12-19T15:30:00Z,17603.0
2018-12-19T15:35:00Z,17463.0
2018-12-19T15:40:00Z,20690.0
2018-12-19T15:45:00Z,37990.0
2018-12-19T15:50:00Z,23143.0
2018-12-19T15:55:00Z,23594.0
2018-12-19T16:00:00Z,19741.0
2018-12-19T16:05:00Z,21379.0
2018-12-19T16:10:00Z,20582.0
2018-12-19T16:15:00Z,15273.0
2018-12-19T16:20:00Z,18733.0
2018-12-19T16:25:00Z,14984.0
2018-12-19T16:30:00Z,20609.0
2018-12-19T16:35:00Z,20182.0
2018-12-19T16:40:00Z,20763.0
2018-12-19T16:45:00Z,21433.0
2018-12-19T16:50:00Z,25311.0
2018-12-19T16:55:00Z,18959.0
2018-12-19T17:00:00Z,20654.0
2018-12-19T17:05:00Z,20278.0
2018-12-19T17:10:00Z,22455.0
2018-12-19T17:15:00Z,20437.0
2018-12-19T17:20:00Z,21963.0
2018-12-19T17:25:00Z,18655.0
2018-12-19T17:30:00Z,18662.0
2018-12-19T17:35:00Z,19813.0
2018-12-19T17:40:00Z,19091.0
2018-12-19T17:45:00Z,16926.0
2018-12-19T17:50:00Z,19230.0
2018-12-19T17:55:00Z,18036.0
2018-12-19T18:00:00Z,19687.0
2018-12-19T18:05:00Z,21550.0
2018-12-19T18:10:00Z,17428.0
2018-12-19T18:15:00Z,14498.0
2018-12-19T18:20:00Z,28635.0
2018-12-19T18:25:00Z,20172.0
2018-12-19T18:30:00Z,15242.0
2018-12-19T18:35:00Z,16887.0
2018-12-19T18:40:00Z,18025.0
2018-12-19T18:45:00Z,19337.0
2018-12-19T18:50:00Z,20623.0
2018-12-19T18:55:00Z,21804.0
2018-12-19T19:00:00Z,19371.0
2018-12-19T19:05:00Z,18735.0
2018-12-19T19:10:00Z,17483.0
2018-12-19T19:15:00Z,18124.0
2018-12-19T19:20:00Z,13472.0
2018-12-19T19:25:00Z,16445.0
2018-12-19T19:30:00Z,18138.0
2018-12-19T19:35:00Z,15992.0
2018-12-19T19:40:00Z,19122.0
2018-12-19T19:45:00Z,17445.0
2018-12-19T19:50:00Z,16820.0
2018-12-19T19:55:00Z,17975.0
2018-12-19T20:00:00Z,19977.0
2018-12-19T20:05:00Z,18270.0
2018-12-19T20:10:00Z,16418.0
2018-12-19T20:15:00Z,18312.0
2018-12-19T20:20:00Z,17238.0
2018-12-19T20:25:00Z,15687.0
2018-12-19T20:30:00Z,17452.0
2018-12-19T20:35:00Z,17769.0
2018-12-19T20:40:00Z,17456.0
2018-12-19T20:45:00Z,20242.0
2018-12-19T20:50:00Z,21572.0
2018-12-19T20:55:00Z,20784.0
2018-12-19T21:00:00Z,21201.0
2018-12-19T21:05:00Z,18120.0
2018-12-19T21:10:00Z,18549.0
2018-12-19T21:15:00Z,16570.0
2018-12-19T21:20:00Z,16322.0
2018-12-19T21:25:00Z,13102.0
2018-12-19T21:30:00Z,15384.0
2018-12-19T21:35:00Z,15204.0
2018-12-19T21:40:00Z,16024.0
2018-12-19T21:45:00Z,16528.0
2018-12-19T21:50:00Z,15196.0
2018-12-19T21:55:00Z,15207.0
2018-12-19T22:00:00Z,14748.0
2018-12-19T22:05:00Z,17485.0
2018-12-19T22:10:00Z,15758.0
2018-12-19T22:15:00Z,13033.0
2018-12-19T22:20:00Z,13212.0
2018-12-19T22:25:00Z,12502.0
2018-12-19T22:30:00Z,10446.0
2018-12-19T22:35:00Z,16368.0
2018-12-19T22:40:00Z,11536.0
2018-12-19T22:45:00Z,11586.0
2018-12-19T22:50:00Z,13398.0
2018-12-19T22:55:00Z,11264.0
2018-12-19T23:00:00Z,11774.0
2018-12-19T23:05:00Z,12215.0
2018-12-19T23:10:00Z,8971.0
2018-12-19T23:15:00Z,8645.0
2018-12-19T23:20:00Z,8625.0
2018-12-19T23:25:00Z,9167.0
2018-12-19T23:30:00Z,8516.0
2018-12-19T23:35:00Z,8406.0
2018-12-19T23:40:00Z,8199.0
2018-12-19T23:45:00Z,8956.0
2018-12-19T23:50:00Z,7223.0
2018-12-19T23:55:00Z,7556.0
2018-12-20T00:00:00Z,7897.0
2018-12-20T00:05:00Z,8367.0
2018-12-20T00:10:00Z,7671.0
2018-12-20T00:15:00Z,6375.0
2018-12-20T00:20:00Z,5539.0
2018-12-20T00:25:00Z,6250.0
2018-12-20T00:30:00Z,5992.0
2018-12-20T00:35:00Z,6687.0
2018-12-20T00:40:00Z,6618.0
2018-12-20T00:45:00Z,6218.0
2018-12-20T00:50:00Z,5125.0
2018-12-20T00:55:00Z,4228.0
2018-12-20T01:00:00Z,5143.0
2018-12-20T01:05:00Z,5508.0
2018-12-20T01:10:00Z,4036.0
2018-12-20T01:15:00Z,3407.0
2018-12-20T01:20:00Z,3390.0
2018-12-20T01:25:00Z,3536.0
2018-12-20T01:30:00Z,5226.0
2018-12-20T01:35:00Z,6982.0
2018-12-20T01:40:00Z,4288.0
2018-12-20T01:45:00Z,3958.0
2018-12-20T01:50:00Z,4122.0
2018-12-20T01:55:00Z,3140.0
2018-12-20T02:00:00Z,4105.0
2018-12-20T02:05:00Z,4158.0
2018-12-20T02:10:00Z,2920.0
2018-12-20T02:15:00Z,2688.0
2018-12-20T02:20:00Z,2702.0
2018-12-20T02:25:00Z,2858.0
2018-12-20T02:30:00Z,3051.0
2018-12-20T02:35:00Z,3356.0
2018-12-20T02:40:00Z,2589.0
2018-12-20T02:45:00Z,2584.0
2018-12-20T02:50:00Z,2924.0
2018-12-20T02:55:00Z,3719.0
2018-12-20T03:00:00Z,4461.0
2018-12-20T03:05:00Z,6584.0
2018-12-20T03:10:00Z,10223.0
2018-12-20T03:15:00Z,3048.0
2018-12-20T03:20:00Z,2500.0
2018-12-20T03:25:00Z,2692.0
2018-12-20T03:30:00Z,2506.0
2018-12-20T03:35:00Z,2522.0
2018-12-20T03:40:00Z,2136.0
2018-12-20T03:45:00Z,2724.0
2018-12-20T03:50:00Z,2086.0
2018-12-20T03:55:00Z,2372.0
2018-12-20T04:00:00Z,3488.0
2018-12-20T04:05:00Z,4000.0
2018-12-20T04:10:00Z,2410.0
2018-12-20T04:15:00Z,1744.0
2018-12-20T04:20:00Z,1564.0
2018-12-20T04:25:00Z,2722.0
2018-12-20T04:30:00Z,2278.0
2018-12-20T04:35:00Z,2200.0
2018-12-20T04:40:00Z,1696.0
2018-12-20T04:45:00Z,1748.0
2018-12-20T04:50:00Z,1852.0
2018-12-20T04:55:00Z,2551.0
2018-12-20T05:00:00Z,3430.0
2018-12-20T05:05:00Z,3177.0
2018-12-20T05:10:00Z,2433.0
2018-12-20T05:15:00Z,1638.0
2018-12-20T05:20:00Z,1903.0
2018-12-20T05:25:00Z,1812.0
2018-12-20T05:30:00Z,3399.0
2018-12-20T05:35:00Z,3060.0
2018-12-20T05:40:00Z,2092.0
2018-12-20T05:45:00Z,2081.0
2018-12-20T05:50:00Z,2214.0
2018-12-20T05:55:00Z,1902.0
2018-12-20T06:00:00Z,2609.0
2018-12-20T06:05:00Z,3772.0
2018-12-20T06:10:00Z,2335.0
2018-12-20T06:15:00Z,1623.0
2018-12-20T06:20:00Z,1552.0
2018-12-20T06:25:00Z,1438.0
2018-12-20T06:30:00Z,1355.0
2018-12-20T06:35:00Z,1336.0
2018-12-20T06:40:00Z,1434.0
2018-12-20T06:45:00Z,1218.0
2018-12-20T06:50:00Z,940.0
2018-12-20T06:55:00Z,944.0
2018-12-20T07:00:00Z,2461.0
2018-12-20T07:05:00Z,4273.0
2018-12-20T07:10:00Z,3227.0
2018-12-20T07:15:00Z,3679.0
2018-12-20T07:20:00Z,2090.0
2018-12-20T07:25:00Z,2261.0
2018-12-20T07:30:00Z,3319.0
2018-12-20T07:35:00Z,2154.0
2018-12-20T07:40:00Z,2530.0
2018-12-20T07:45:00Z,2447.0
2018-12-20T07:50:00Z,1660.0
2018-12-20T07:55:00Z,941.0
2018-12-20T08:00:00Z,2192.0
2018-12-20T08:05:00Z,2669.0
2018-12-20T08:10:00Z,1667.0
2018-12-20T08:15:00Z,1293.0
2018-12-20T08:20:00Z,948.0
2018-12-20T08:25:00Z,1538.0
2018-12-20T08:30:00Z,1173.0
2018-12-20T08:35:00Z,1265.0
2018-12-20T08:40:00Z,1130.0
2018-12-20T08:45:00Z,1119.0
2018-12-20T08:50:00Z,2089.0
2018-12-20T08:55:00Z,1019.0
2018-12-20T09:00:00Z,2302.0
2018-12-20T09:05:00Z,4203.0
2018-12-20T09:10:00Z,4987.0
2018-12-20T09:15:00Z,3025.0
2018-12-20T09:20:00Z,2291.0
2018-12-20T09:25:00Z,1421.0
2018-12-20T09:30:00Z,2337.0
2018-12-20T09:35:00Z,1774.0
2018-12-20T09:40:00Z,2545.0
2018-12-20T09:45:00Z,2228.0
2018-12-20T09:50:00Z,2298.0
2018-12-20T09:55:00Z,1931.0
2018-12-20T10:00:00Z,3706.0
2018-12-20T10:05:00Z,5646.0
2018-12-20T10:10:00Z,3963.0
2018-12-20T10:15:00Z,3215.0
2018-12-20T10:20:00Z,2916.0
2018-12-20T10:25:00Z,3176.0
2018-12-20T10:30:00Z,3941.0
2018-12-20T10:35:00Z,4280.0
2018-12-20T10:40:00Z,3449.0
2018-12-20T10:45:00Z,5139.0
2018-12-20T10:50:00Z,4091.0
2018-12-20T10:55:00Z,3700.0
2018-12-20T11:00:00Z,5774.0
2018-12-20T11:05:00Z,7380.0
2018-12-20T11:10:00Z,5425.0
2018-12-20T11:15:00Z,4018.0
2018-12-20T11:20:00Z,4608.0
2018-12-20T11:25:00Z,3824.0
2018-12-20T11:30:00Z,4635.0
2018-12-20T11:35:00Z,4771.0
2018-12-20T11:40:00Z,4407.0
2018-12-20T11:45:00Z,3422.0
2018-12-20T11:50:00Z,3623.0
2018-12-20T11:55:00Z,3767.0
2018-12-20T12:00:00Z,6354.0
2018-12-20T12:05:00Z,6725.0
2018-12-20T12:10:00Z,18843.0
2018-12-20T12:15:00Z,12734.0
2018-12-20T12:20:00Z,4146.0
2018-12-20T12:25:00Z,4844.0
2018-12-20T12:30:00Z,4744.0
2018-12-20T12:35:00Z,5820.0
2018-12-20T12:40:00Z,5682.0
2018-12-20T12:45:00Z,6099.0
2018-12-20T12:50:00Z,6238.0
2018-12-20T12:55:00Z,6021.0
2018-12-20T13:00:00Z,8393.0
2018-12-20T13:05:00Z,10915.0
2018-12-20T13:10:00Z,9152.0
2018-12-20T13:15:00Z,9103.0
2018-12-20T13:20:00Z,10771.0
2018-12-20T13:25:00Z,8426.0
2018-12-20T13:30:00Z,8461.0
2018-12-20T13:35:00Z,11138.0
2018-12-20T13:40:00Z,10232.0
2018-12-20T13:45:00Z,9501.0
2018-12-20T13:50:00Z,12083.0
2018-12-20T13:55:00Z,10363.0
2018-12-20T14:00:00Z,15471.0
2018-12-20T14:05:00Z,14270.0
2018-12-20T14:10:00Z,12175.0
2018-12-20T14:15:00Z,11655.0
2018-12-20T14:20:00Z,12926.0
2018-12-20T14:25:00Z,13244.0
2018-12-20T14:30:00Z,12450.0
2018-12-20T14:35:00Z,13228.0
2018-12-20T14:40:00Z,12954.0
2018-12-20T14:45:00Z,12612.0
2018-12-20T14:50:00Z,10861.0
2018-12-20T14:55:00Z,14126.0
2018-12-20T15:00:00Z,15123.0
2018-12-20T15:05:00Z,16471.0
2018-12-20T15:10:00Z,13379.0
2018-12-20T15:15:00Z,15080.0
2018-12-20T15:20:00Z,16246.0
2018-12-20T15:25:00Z,15100.0
2018-12-20T15:30:00Z,14087.0
2018-12-20T15:35:00Z,18069.0
2018-12-20T15:40:00Z,14474.0
2018-12-20T15:45:00Z,16170.0
2018-12-20T15:50:00Z,31253.0
2018-12-20T15:55:00Z,22500.0
2018-12-20T16:00:00Z,17174.0
2018-12-20T16:05:00Z,17125.0
2018-12-20T16:10:00Z,12919.0
2018-12-20T16:15:00Z,15836.0
2018-12-20T16:20:00Z,14294.0
2018-12-20T16:25:00Z,16113.0
2018-12-20T16:30:00Z,17497.0
2018-12-20T16:35:00Z,16157.0
2018-12-20T16:40:00Z,17535.0
2018-12-20T16:45:00Z,17078.0
2018-12-20T16:50:00Z,15890.0
2018-12-20T16:55:00Z,15893.0
2018-12-20T17:00:00Z,15712.0
2018-12-20T17:05:00Z,16949.0
2018-12-20T17:10:00Z,17992.0
2018-12-20T17:15:00Z,17086.0
2018-12-20T17:20:00Z,16993.0
2018-12-20T17:25:00Z,13044.0
2018-12-20T17:30:00Z,16926.0
2018-12-20T17:35:00Z,18111.0
2018-12-20T17:40:00Z,16875.0
2018-12-20T17:45:00Z,15735.0
2018-12-20T17:50:00Z,18122.0
2018-12-20T17:55:00Z,18071.0
2018-12-20T18:00:00Z,18073.0
2018-12-20T18:05:00Z,16527.0
2018-12-20T18:10:00Z,16002.0
2018-12-20T18:15:00Z,13099.0
2018-12-20T18:20:00Z,12283.0
2018-12-20T18:25:00Z,13091.0
2018-12-20T18:30:00Z,14169.0
2018-12-20T18:35:00Z,13180.0
2018-12-20T18:40:00Z,13965.0
2018-12-20T18:45:00Z,13620.0
2018-12-20T18:50:00Z,16871.0
2018-12-20T18:55:00Z,13930.0
2018-12-20T19:00:00Z,15411.0
2018-12-20T19:05:00Z,16363.0
2018-12-20T19:10:00Z,14172.0
2018-12-20T19:15:00Z,14310.0
2018-12-20T19:20:00Z,16959.0
2018-12-20T19:25:00Z,13624.0
2018-12-20T19:30:00Z,15788.0
2018-12-20T19:35:00Z,14615.0
2018-12-20T19:40:00Z,12993.0
2018-12-20T19:45:00Z,16027.0
2018-12-20T19:50:00Z,14790.0
2018-12-20T19:55:00Z,15682.0
2018-12-20T20:00:00Z,18516.0
2018-12-20T20:05:00Z,16438.0
2018-12-20T20:10:00Z,14505.0
2018-12-20T20:15:00Z,15792.0
2018-12-20T20:20:00Z,15295.0
2018-12-20T20:25:00Z,12928.0
2018-12-20T20:30:00Z,16990.0
2018-12-20T20:35:00Z,14742.0
2018-12-20T20:40:00Z,18422.0
2018-12-20T20:45:00Z,16030.0
2018-12-20T20:50:00Z,15760.0
2018-12-20T20:55:00Z,15429.0
2018-12-20T21:00:00Z,25098.0
2018-12-20T21:05:00Z,15810.0
2018-12-20T21:10:00Z,13311.0
2018-12-20T21:15:00Z,12283.0
2018-12-20T21:20:00Z,11315.0
2018-12-20T21:25:00Z,11552.0
2018-12-20T21:30:00Z,11981.0
2018-12-20T21:35:00Z,13104.0
2018-12-20T21:40:00Z,11689.0
2018-12-20T21:45:00Z,11232.0
2018-12-20T21:50:00Z,10623.0
2018-12-20T21:55:00Z,12647.0
2018-12-20T22:00:00Z,12697.0
2018-12-20T22:05:00Z,13319.0
2018-12-20T22:10:00Z,10451.0
2018-12-20T22:15:00Z,11487.0
2018-12-20T22:20:00Z,10277.0
2018-12-20T22:25:00Z,11849.0
2018-12-20T22:30:00Z,9447.0
2018-12-20T22:35:00Z,14874.0
2018-12-20T22:40:00Z,9642.0
2018-12-20T22:45:00Z,8335.0
2018-12-20T22:50:00Z,8764.0
2018-12-20T22:55:00Z,8109.0
2018-12-20T23:00:00Z,8027.0
2018-12-20T23:05:00Z,9825.0
2018-12-20T23:10:00Z,8632.0
2018-12-20T23:15:00Z,7625.0
2018-12-20T23:20:00Z,6793.0
2018-12-20T23:25:00Z,7178.0
2018-12-20T23:30:00Z,7063.0
2018-12-20T23:35:00Z,6495.0
2018-12-20T23:40:00Z,6283.0
2018-12-20T23:45:00Z,5900.0
2018-12-20T23:50:00Z,5372.0
2018-12-20T23:55:00Z,5863.0
2018-12-21T00:00:00Z,7103.0
2018-12-21T00:05:00Z,7215.0
2018-12-21T00:10:00Z,6081.0
2018-12-21T00:15:00Z,4807.0
2018-12-21T00:20:00Z,4983.0
2018-12-21T00:25:00Z,5644.0
2018-12-21T00:30:00Z,5006.0
2018-12-21T00:35:00Z,4239.0
2018-12-21T00:40:00Z,4313.0
2018-12-21T00:45:00Z,3648.0
2018-12-21T00:50:00Z,3682.0
2018-12-21T00:55:00Z,3600.0
2018-12-21T01:00:00Z,3782.0
2018-12-21T01:05:00Z,5493.0
2018-12-21T01:10:00Z,3460.0
2018-12-21T01:15:00Z,3065.0
2018-12-21T01:20:00Z,3084.0
2018-12-21T01:25:00Z,2906.0
2018-12-21T01:30:00Z,3404.0
2018-12-21T01:35:00Z,4677.0
2018-12-21T01:40:00Z,3523.0
2018-12-21T01:45:00Z,2459.0
2018-12-21T01:50:00Z,2781.0
2018-12-21T01:55:00Z,2394.0
2018-12-21T02:00:00Z,3973.0
2018-12-21T02:05:00Z,3526.0
2018-12-21T02:10:00Z,3489.0
2018-12-21T02:15:00Z,3086.0
2018-12-21T02:20:00Z,3546.0
2018-12-21T02:25:00Z,2963.0
2018-12-21T02:30:00Z,3140.0
2018-12-21T02:35:00Z,2781.0
2018-12-21T02:40:00Z,1969.0
2018-12-21T02:45:00Z,2844.0
2018-12-21T02:50:00Z,3384.0
2018-12-21T02:55:00Z,3899.0
2018-12-21T03:00:00Z,2516.0
2018-12-21T03:05:00Z,2045.0
2018-12-21T03:10:00Z,1862.0
2018-12-21T03:15:00Z,1913.0
2018-12-21T03:20:00Z,1811.0
2018-12-21T03:25:00Z,1857.0
2018-12-21T03:30:00Z,2013.0
2018-12-21T03:35:00Z,1885.0
2018-12-21T03:40:00Z,1886.0
2018-12-21T03:45:00Z,2068.0
2018-12-21T03:50:00Z,1653.0
2018-12-21T03:55:00Z,2107.0
2018-12-21T04:00:00Z,1789.0
2018-12-21T04:05:00Z,2181.0
2018-12-21T04:10:00Z,1403.0
2018-12-21T04:15:00Z,1402.0
2018-12-21T04:20:00Z,1716.0
2018-12-21T04:25:00Z,1681.0
2018-12-21T04:30:00Z,2262.0
2018-12-21T04:35:00Z,3472.0
2018-12-21T04:40:00Z,2357.0
2018-12-21T04:45:00Z,1641.0
2018-12-21T04:50:00Z,2114.0
2018-12-21T04:55:00Z,1384.0
2018-12-21T05:00:00Z,2452.0
2018-12-21T05:05:00Z,2575.0
2018-12-21T05:10:00Z,1769.0
2018-12-21T05:15:00Z,1274.0
2018-12-21T05:20:00Z,1403.0
2018-12-21T05:25:00Z,1658.0
2018-12-21T05:30:00Z,2135.0
2018-12-21T05:35:00Z,2074.0
2018-12-21T05:40:00Z,1240.0
2018-12-21T05:45:00Z,1201.0
2018-12-21T05:50:00Z,1197.0
2018-12-21T05:55:00Z,1772.0
2018-12-21T06:00:00Z,2281.0
2018-12-21T06:05:00Z,2833.0
2018-12-21T06:10:00Z,1432.0
2018-12-21T06:15:00Z,1102.0
2018-12-21T06:20:00Z,1185.0
2018-12-21T06:25:00Z,1160.0
2018-12-21T06:30:00Z,1100.0
2018-12-21T06:35:00Z,1349.0
2018-12-21T06:40:00Z,1292.0
2018-12-21T06:45:00Z,1367.0
2018-12-21T06:50:00Z,1135.0
2018-12-21T06:55:00Z,949.0
2018-12-21T07:00:00Z,1665.0
2018-12-21T07:05:00Z,3164.0
2018-12-21T07:10:00Z,2144.0
2018-12-21T07:15:00Z,2202.0
2018-12-21T07:20:00Z,1726.0
2018-12-21T07:25:00Z,1788.0
2018-12-21T07:30:00Z,2338.0
2018-12-21T07:35:00Z,1910.0
2018-12-21T07:40:00Z,1132.0
2018-12-21T07:45:00Z,1063.0
2018-12-21T07:50:00Z,1304.0
2018-12-21T07:55:00Z,1881.0
2018-12-21T08:00:00Z,2516.0
2018-12-21T08:05:00Z,2532.0
2018-12-21T08:10:00Z,1978.0
2018-12-21T08:15:00Z,1468.0
2018-12-21T08:20:00Z,1546.0
2018-12-21T08:25:00Z,2008.0
2018-12-21T08:30:00Z,1585.0
2018-12-21T08:35:00Z,1338.0
2018-12-21T08:40:00Z,1156.0
2018-12-21T08:45:00Z,2071.0
2018-12-21T08:50:00Z,1953.0
2018-12-21T08:55:00Z,1233.0
2018-12-21T09:00:00Z,2142.0
2018-12-21T09:05:00Z,4368.0
2018-12-21T09:10:00Z,6910.0
2018-12-21T09:15:00Z,4050.0
2018-12-21T09:20:00Z,2882.0
2018-12-21T09:25:00Z,2078.0
2018-12-21T09:30:00Z,2605.0
2018-12-21T09:35:00Z,2299.0
2018-12-21T09:40:00Z,2639.0
2018-12-21T09:45:00Z,2633.0
2018-12-21T09:50:00Z,2298.0
2018-12-21T09:55:00Z,1914.0
2018-12-21T10:00:00Z,3418.0
2018-12-21T10:05:00Z,5244.0
2018-12-21T10:10:00Z,3692.0
2018-12-21T10:15:00Z,3182.0
2018-12-21T10:20:00Z,3261.0
2018-12-21T10:25:00Z,2630.0
2018-12-21T10:30:00Z,2901.0
2018-12-21T10:35:00Z,3959.0
2018-12-21T10:40:00Z,4546.0
2018-12-21T10:45:00Z,4482.0
2018-12-21T10:50:00Z,3342.0
2018-12-21T10:55:00Z,3081.0
2018-12-21T11:00:00Z,4714.0
2018-12-21T11:05:00Z,7647.0
2018-12-21T11:10:00Z,4019.0
2018-12-21T11:15:00Z,3372.0
2018-12-21T11:20:00Z,4015.0
2018-12-21T11:25:00Z,3059.0
2018-12-21T11:30:00Z,3631.0
2018-12-21T11:35:00Z,3081.0
2018-12-21T11:40:00Z,3126.0
2018-12-21T11:45:00Z,4214.0
2018-12-21T11:50:00Z,3878.0
2018-12-21T11:55:00Z,3221.0
2018-12-21T12:00:00Z,4486.0
2018-12-21T12:05:00Z,5597.0
2018-12-21T12:10:00Z,4335.0
2018-12-21T12:15:00Z,5534.0
2018-12-21T12:20:00Z,5382.0
2018-12-21T12:25:00Z,5307.0
2018-12-21T12:30:00Z,5256.0
2018-12-21T12:35:00Z,4406.0
2018-12-21T12:40:00Z,4470.0
2018-12-21T12:45:00Z,5164.0
2018-12-21T12:50:00Z,3750.0
2018-12-21T12:55:00Z,4507.0
2018-12-21T13:00:00Z,6067.0
2018-12-21T13:05:00Z,8229.0
2018-12-21T13:10:00Z,7895.0
2018-12-21T13:15:00Z,7595.0
2018-12-21T13:20:00Z,9945.0
2018-12-21T13:25:00Z,8047.0
2018-12-21T13:30:00Z,5653.0
2018-12-21T13:35:00Z,6166.0
2018-12-21T13:40:00Z,6480.0
2018-12-21T13:45:00Z,6610.0
2018-12-21T13:50:00Z,5676.0
2018-12-21T13:55:00Z,5702.0
2018-12-21T14:00:00Z,8620.0
2018-12-21T14:05:00Z,10074.0
2018-12-21T14:10:00Z,7797.0
2018-12-21T14:15:00Z,7938.0
2018-12-21T14:20:00Z,6833.0
2018-12-21T14:25:00Z,7975.0
2018-12-21T14:30:00Z,8867.0
2018-12-21T14:35:00Z,7840.0
2018-12-21T14:40:00Z,8248.0
2018-12-21T14:45:00Z,8531.0
2018-12-21T14:50:00Z,8059.0
2018-12-21T14:55:00Z,6955.0
2018-12-21T15:00:00Z,8549.0
2018-12-21T15:05:00Z,9679.0
2018-12-21T15:10:00Z,9543.0
2018-12-21T15:15:00Z,7565.0
2018-12-21T15:20:00Z,7331.0
2018-12-21T15:25:00Z,7209.0
2018-12-21T15:30:00Z,9649.0
2018-12-21T15:35:00Z,9302.0
2018-12-21T15:40:00Z,7434.0
2018-12-21T15:45:00Z,10023.0
2018-12-21T15:50:00Z,8369.0
2018-12-21T15:55:00Z,9224.0
2018-12-21T16:00:00Z,9459.0
2018-12-21T16:05:00Z,10841.0
2018-12-21T16:10:00Z,8452.0
2018-12-21T16:15:00Z,10250.0
2018-12-21T16:20:00Z,9194.0
2018-12-21T16:25:00Z,8706.0
2018-12-21T16:30:00Z,8522.0
2018-12-21T16:35:00Z,8601.0
2018-12-21T16:40:00Z,7064.0
2018-12-21T16:45:00Z,7412.0
2018-12-21T16:50:00Z,9199.0
2018-12-21T16:55:00Z,10003.0
2018-12-21T17:00:00Z,9268.0
2018-12-21T17:05:00Z,9978.0
2018-12-21T17:10:00Z,8388.0
2018-12-21T17:15:00Z,8306.0
2018-12-21T17:20:00Z,8675.0
2018-12-21T17:25:00Z,8282.0
2018-12-21T17:30:00Z,8267.0
2018-12-21T17:35:00Z,7270.0
2018-12-21T17:40:00Z,7650.0
2018-12-21T17:45:00Z,7190.0
2018-12-21T17:50:00Z,7004.0
2018-12-21T17:55:00Z,7084.0
2018-12-21T18:00:00Z,9228.0
2018-12-21T18:05:00Z,10789.0
2018-12-21T18:10:00Z,10362.0
2018-12-21T18:15:00Z,9028.0
2018-12-21T18:20:00Z,7206.0
2018-12-21T18:25:00Z,7390.0
2018-12-21T18:30:00Z,7596.0
2018-12-21T18:35:00Z,8157.0
2018-12-21T18:40:00Z,6327.0
2018-12-21T18:45:00Z,6642.0
2018-12-21T18:50:00Z,7776.0
2018-12-21T18:55:00Z,7468.0
2018-12-21T19:00:00Z,8195.0
2018-12-21T19:05:00Z,10361.0
2018-12-21T19:10:00Z,9061.0
2018-12-21T19:15:00Z,7503.0
2018-12-21T19:20:00Z,7323.0
2018-12-21T19:25:00Z,7332.0
2018-12-21T19:30:00Z,7914.0
2018-12-21T19:35:00Z,8218.0
2018-12-21T19:40:00Z,7811.0
2018-12-21T19:45:00Z,7652.0
2018-12-21T19:50:00Z,5730.0
2018-12-21T19:55:00Z,6503.0
2018-12-21T20:00:00Z,9249.0
2018-12-21T20:05:00Z,7903.0
2018-12-21T20:10:00Z,7749.0
2018-12-21T20:15:00Z,7614.0
2018-12-21T20:20:00Z,7534.0
2018-12-21T20:25:00Z,6702.0
2018-12-21T20:30:00Z,7455.0
2018-12-21T20:35:00Z,7569.0
2018-12-21T20:40:00Z,7337.0
2018-12-21T20:45:00Z,7550.0
2018-12-21T20:50:00Z,6136.0
2018-12-21T20:55:00Z,6095.0
2018-12-21T21:00:00Z,6736.0
2018-12-21T21:05:00Z,8396.0
2018-12-21T21:10:00Z,6128.0
2018-12-21T21:15:00Z,5879.0
2018-12-21T21:20:00Z,5309.0
2018-12-21T21:25:00Z,5976.0
2018-12-21T21:30:00Z,5800.0
2018-12-21T21:35:00Z,12150.0
2018-12-21T21:40:00Z,14271.0
2018-12-21T21:45:00Z,14156.0
2018-12-21T21:50:00Z,16239.0
2018-12-21T21:55:00Z,6796.0
2018-12-21T22:00:00Z,9784.0
2018-12-21T22:05:00Z,8016.0
2018-12-21T22:10:00Z,4284.0
2018-12-21T22:15:00Z,3785.0
2018-12-21T22:20:00Z,3770.0
2018-12-21T22:25:00Z,3811.0
2018-12-21T22:30:00Z,3637.0
2018-12-21T22:35:00Z,3166.0
2018-12-21T22:40:00Z,3011.0
2018-12-21T22:45:00Z,3623.0
2018-12-21T22:50:00Z,3159.0
2018-12-21T22:55:00Z,4072.0
2018-12-21T23:00:00Z,3539.0
2018-12-21T23:05:00Z,4226.0
2018-12-21T23:10:00Z,4125.0
2018-12-21T23:15:00Z,3161.0
2018-12-21T23:20:00Z,3316.0
2018-12-21T23:25:00Z,2992.0
2018-12-21T23:30:00Z,3156.0
2018-12-21T23:35:00Z,2940.0
2018-12-21T23:40:00Z,3030.0
2018-12-21T23:45:00Z,2792.0
2018-12-21T23:50:00Z,2767.0
2018-12-21T23:55:00Z,2800.0
2018-12-22T00:00:00Z,4737.0
2018-12-22T00:05:00Z,4632.0
2018-12-22T00:10:00Z,2978.0
2018-12-22T00:15:00Z,3690.0
2018-12-22T00:20:00Z,6792.0
2018-12-22T00:25:00Z,2950.0
2018-12-22T00:30:00Z,2416.0
2018-12-22T00:35:00Z,1995.0
2018-12-22T00:40:00Z,1919.0
2018-12-22T00:45:00Z,1863.0
2018-12-22T00:50:00Z,2575.0
2018-12-22T00:55:00Z,2057.0
2018-12-22T01:00:00Z,2089.0
2018-12-22T01:05:00Z,2460.0
2018-12-22T01:10:00Z,1914.0
2018-12-22T01:15:00Z,1543.0
2018-12-22T01:20:00Z,20971.0
2018-12-22T01:25:00Z,3907.0
2018-12-22T01:30:00Z,2006.0
2018-12-22T01:35:00Z,4961.0
2018-12-22T01:40:00Z,4832.0
2018-12-22T01:45:00Z,2293.0
2018-12-22T01:50:00Z,1353.0
2018-12-22T01:55:00Z,2022.0
2018-12-22T02:00:00Z,2774.0
2018-12-22T02:05:00Z,3318.0
2018-12-22T02:10:00Z,1257.0
2018-12-22T02:15:00Z,1182.0
2018-12-22T02:20:00Z,1117.0
2018-12-22T02:25:00Z,1144.0
2018-12-22T02:30:00Z,1564.0
2018-12-22T02:35:00Z,1607.0
2018-12-22T02:40:00Z,1341.0
2018-12-22T02:45:00Z,1258.0
2018-12-22T02:50:00Z,1414.0
2018-12-22T02:55:00Z,14930.0
2018-12-22T03:00:00Z,12646.0
2018-12-22T03:05:00Z,2892.0
2018-12-22T03:10:00Z,6667.0
2018-12-22T03:15:00Z,7543.0
2018-12-22T03:20:00Z,1872.0
2018-12-22T03:25:00Z,1703.0
2018-12-22T03:30:00Z,1534.0
2018-12-22T03:35:00Z,1773.0
2018-12-22T03:40:00Z,1109.0
2018-12-22T03:45:00Z,1078.0
2018-12-22T03:50:00Z,1199.0
2018-12-22T03:55:00Z,1475.0
2018-12-22T04:00:00Z,1556.0
2018-12-22T04:05:00Z,1412.0
2018-12-22T04:10:00Z,1126.0
2018-12-22T04:15:00Z,912.0
2018-12-22T04:20:00Z,874.0
2018-12-22T04:25:00Z,1165.0
2018-12-22T04:30:00Z,1357.0
2018-12-22T04:35:00Z,1366.0
2018-12-22T04:40:00Z,858.0
2018-12-22T04:45:00Z,827.0
2018-12-22T04:50:00Z,933.0
2018-12-22T04:55:00Z,1122.0
2018-12-22T05:00:00Z,1575.0
2018-12-22T05:05:00Z,1712.0
2018-12-22T05:10:00Z,1536.0
2018-12-22T05:15:00Z,1344.0
2018-12-22T05:20:00Z,1331.0
2018-12-22T05:25:00Z,953.0
2018-12-22T05:30:00Z,1516.0
2018-12-22T05:35:00Z,1415.0
2018-12-22T05:40:00Z,894.0
2018-12-22T05:45:00Z,1079.0
2018-12-22T05:50:00Z,864.0
2018-12-22T05:55:00Z,1943.0
2018-12-22T06:00:00Z,1731.0
2018-12-22T06:05:00Z,2865.0
2018-12-22T06:10:00Z,1368.0
2018-12-22T06:15:00Z,818.0
2018-12-22T06:20:00Z,1109.0
2018-12-22T06:25:00Z,1074.0
2018-12-22T06:30:00Z,830.0
2018-12-22T06:35:00Z,1515.0
2018-12-22T06:40:00Z,657.0
2018-12-22T06:45:00Z,655.0
2018-12-22T06:50:00Z,649.0
2018-12-22T06:55:00Z,801.0
2018-12-22T07:00:00Z,1123.0
2018-12-22T07:05:00Z,1690.0
2018-12-22T07:10:00Z,1020.0
2018-12-22T07:15:00Z,1431.0
2018-12-22T07:20:00Z,854.0
2018-12-22T07:25:00Z,1332.0
2018-12-22T07:30:00Z,742.0
2018-12-22T07:35:00Z,2715.0
2018-12-22T07:40:00Z,773.0
2018-12-22T07:45:00Z,770.0
2018-12-22T07:50:00Z,565.0
2018-12-22T07:55:00Z,706.0
2018-12-22T08:00:00Z,1092.0
2018-12-22T08:05:00Z,1125.0
2018-12-22T08:10:00Z,1367.0
2018-12-22T08:15:00Z,1126.0
2018-12-22T08:20:00Z,1371.0
2018-12-22T08:25:00Z,1507.0
2018-12-22T08:30:00Z,877.0
2018-12-22T08:35:00Z,1139.0
2018-12-22T08:40:00Z,1294.0
2018-12-22T08:45:00Z,857.0
2018-12-22T08:50:00Z,1717.0
2018-12-22T08:55:00Z,1060.0
2018-12-22T09:00:00Z,1460.0
2018-12-22T09:05:00Z,3835.0
2018-12-22T09:10:00Z,4494.0
2018-12-22T09:15:00Z,3111.0
2018-12-22T09:20:00Z,2050.0
2018-12-22T09:25:00Z,1461.0
2018-12-22T09:30:00Z,1443.0
2018-12-22T09:35:00Z,1295.0
2018-12-22T09:40:00Z,2142.0
2018-12-22T09:45:00Z,1882.0
2018-12-22T09:50:00Z,1830.0
2018-12-22T09:55:00Z,1494.0
2018-12-22T10:00:00Z,2499.0
2018-12-22T10:05:00Z,3698.0
2018-12-22T10:10:00Z,2672.0
2018-12-22T10:15:00Z,2876.0
2018-12-22T10:20:00Z,2747.0
2018-12-22T10:25:00Z,2862.0
2018-12-22T10:30:00Z,2291.0
2018-12-22T10:35:00Z,2906.0
2018-12-22T10:40:00Z,2712.0
2018-12-22T10:45:00Z,2859.0
2018-12-22T10:50:00Z,2250.0
2018-12-22T10:55:00Z,2342.0
2018-12-22T11:00:00Z,3721.0
2018-12-22T11:05:00Z,3832.0
2018-12-22T11:10:00Z,1923.0
2018-12-22T11:15:00Z,1627.0
2018-12-22T11:20:00Z,2111.0
2018-12-22T11:25:00Z,1350.0
2018-12-22T11:30:00Z,1482.0
2018-12-22T11:35:00Z,1878.0
2018-12-22T11:40:00Z,1891.0
2018-12-22T11:45:00Z,1536.0
2018-12-22T11:50:00Z,1360.0
2018-12-22T11:55:00Z,1577.0
2018-12-22T12:00:00Z,2654.0
2018-12-22T12:05:00Z,2976.0
2018-12-22T12:10:00Z,1964.0
2018-12-22T12:15:00Z,1895.0
2018-12-22T12:20:00Z,1979.0
2018-12-22T12:25:00Z,1685.0
2018-12-22T12:30:00Z,2015.0
2018-12-22T12:35:00Z,3157.0
2018-12-22T12:40:00Z,2091.0
2018-12-22T12:45:00Z,2035.0
2018-12-22T12:50:00Z,1654.0
2018-12-22T12:55:00Z,1833.0
2018-12-22T13:00:00Z,2823.0
2018-12-22T13:05:00Z,3810.0
2018-12-22T13:10:00Z,2702.0
2018-12-22T13:15:00Z,3728.0
2018-12-22T13:20:00Z,5797.0
2018-12-22T13:25:00Z,2214.0
2018-12-22T13:30:00Z,2432.0
2018-12-22T13:35:00Z,2094.0
2018-12-22T13:40:00Z,1381.0
2018-12-22T13:45:00Z,1747.0
2018-12-22T13:50:00Z,1244.0
2018-12-22T13:55:00Z,1085.0
2018-12-22T14:00:00Z,2041.0
2018-12-22T14:05:00Z,2731.0
2018-12-22T14:10:00Z,1933.0
2018-12-22T14:15:00Z,1637.0
2018-12-22T14:20:00Z,1596.0
2018-12-22T14:25:00Z,2702.0
2018-12-22T14:30:00Z,2030.0
2018-12-22T14:35:00Z,1548.0
2018-12-22T14:40:00Z,1293.0
2018-12-22T14:45:00Z,1602.0
2018-12-22T14:50:00Z,1502.0
2018-12-22T14:55:00Z,1622.0
2018-12-22T15:00:00Z,2849.0
2018-12-22T15:05:00Z,2526.0
2018-12-22T15:10:00Z,2204.0
2018-12-22T15:15:00Z,1672.0
2018-12-22T15:20:00Z,1864.0
2018-12-22T15:25:00Z,1677.0
2018-12-22T15:30:00Z,1654.0
2018-12-22T15:35:00Z,1629.0
2018-12-22T15:40:00Z,1121.0
2018-12-22T15:45:00Z,1570.0
2018-12-22T15:50:00Z,1113.0
2018-12-22T15:55:00Z,1200.0
2018-12-22T16:00:00Z,2173.0
2018-12-22T16:05:00Z,3076.0
2018-12-22T16:10:00Z,1660.0
2018-12-22T16:15:00Z,2133.0
2018-12-22T16:20:00Z,1750.0
2018-12-22T16:25:00Z,1616.0
2018-12-22T16:30:00Z,1794.0
2018-12-22T16:35:00Z,1476.0
2018-12-22T16:40:00Z,1037.0
2018-12-22T16:45:00Z,1799.0
2018-12-22T16:50:00Z,1294.0
2018-12-22T16:55:00Z,1791.0
2018-12-22T17:00:00Z,1860.0
2018-12-22T17:05:00Z,2293.0
2018-12-22T17:10:00Z,1840.0
2018-12-22T17:15:00Z,1863.0
2018-12-22T17:20:00Z,2457.0
2018-12-22T17:25:00Z,1685.0
2018-12-22T17:30:00Z,1624.0
2018-12-22T17:35:00Z,1495.0
2018-12-22T17:40:00Z,1181.0
2018-12-22T17:45:00Z,1202.0
2018-12-22T17:50:00Z,1102.0
2018-12-22T17:55:00Z,1238.0
2018-12-22T18:00:00Z,1793.0
2018-12-22T18:05:00Z,2271.0
2018-12-22T18:10:00Z,1403.0
2018-12-22T18:15:00Z,1200.0
2018-12-22T18:20:00Z,1052.0
2018-12-22T18:25:00Z,941.0
2018-12-22T18:30:00Z,1160.0
2018-12-22T18:35:00Z,1133.0
2018-12-22T18:40:00Z,947.0
2018-12-22T18:45:00Z,1175.0
2018-12-22T18:50:00Z,820.0
2018-12-22T18:55:00Z,1101.0
2018-12-22T19:00:00Z,1334.0
2018-12-22T19:05:00Z,2078.0
2018-12-22T19:10:00Z,1277.0
2018-12-22T19:15:00Z,1373.0
2018-12-22T19:20:00Z,1028.0
2018-12-22T19:25:00Z,1082.0
2018-12-22T19:30:00Z,1690.0
2018-12-22T19:35:00Z,1302.0
2018-12-22T19:40:00Z,913.0
2018-12-22T19:45:00Z,1293.0
2018-12-22T19:50:00Z,990.0
2018-12-22T19:55:00Z,1257.0
2018-12-22T20:00:00Z,1375.0
2018-12-22T20:05:00Z,1778.0
2018-12-22T20:10:00Z,1189.0
2018-12-22T20:15:00Z,913.0
2018-12-22T20:20:00Z,843.0
2018-12-22T20:25:00Z,1056.0
2018-12-22T20:30:00Z,1101.0
2018-12-22T20:35:00Z,1050.0
2018-12-22T20:40:00Z,1004.0
2018-12-22T20:45:00Z,958.0
2018-12-22T20:50:00Z,865.0
2018-12-22T20:55:00Z,728.0
2018-12-22T21:00:00Z,1431.0
2018-12-22T21:05:00Z,1381.0
2018-12-22T21:10:00Z,991.0
2018-12-22T21:15:00Z,864.0
2018-12-22T21:20:00Z,1004.0
2018-12-22T21:25:00Z,1019.0
2018-12-22T21:30:00Z,961.0
2018-12-22T21:35:00Z,861.0
2018-12-22T21:40:00Z,843.0
2018-12-22T21:45:00Z,941.0
2018-12-22T21:50:00Z,729.0
2018-12-22T21:55:00Z,682.0
2018-12-22T22:00:00Z,1215.0
2018-12-22T22:05:00Z,1360.0
2018-12-22T22:10:00Z,888.0
2018-12-22T22:15:00Z,1398.0
2018-12-22T22:20:00Z,1472.0
2018-12-22T22:25:00Z,988.0
2018-12-22T22:30:00Z,912.0
2018-12-22T22:35:00Z,1139.0
2018-12-22T22:40:00Z,792.0
2018-12-22T22:45:00Z,907.0
2018-12-22T22:50:00Z,590.0
2018-12-22T22:55:00Z,696.0
2018-12-22T23:00:00Z,744.0
2018-12-22T23:05:00Z,1578.0
2018-12-22T23:10:00Z,849.0
2018-12-22T23:15:00Z,852.0
2018-12-22T23:20:00Z,720.0
2018-12-22T23:25:00Z,826.0
2018-12-22T23:30:00Z,1003.0
2018-12-22T23:35:00Z,983.0
2018-12-22T23:40:00Z,839.0
2018-12-22T23:45:00Z,622.0
2018-12-22T23:50:00Z,530.0
2018-12-22T23:55:00Z,713.0
2018-12-23T00:00:00Z,1551.0
2018-12-23T00:05:00Z,1598.0
2018-12-23T00:10:00Z,815.0
2018-12-23T00:15:00Z,690.0
2018-12-23T00:20:00Z,1386.0
2018-12-23T00:25:00Z,1087.0
2018-12-23T00:30:00Z,832.0
2018-12-23T00:35:00Z,727.0
2018-12-23T00:40:00Z,580.0
2018-12-23T00:45:00Z,674.0
2018-12-23T00:50:00Z,613.0
2018-12-23T00:55:00Z,576.0
2018-12-23T01:00:00Z,1009.0
2018-12-23T01:05:00Z,1351.0
2018-12-23T01:10:00Z,719.0
2018-12-23T01:15:00Z,803.0
2018-12-23T01:20:00Z,718.0
2018-12-23T01:25:00Z,665.0
2018-12-23T01:30:00Z,840.0
2018-12-23T01:35:00Z,1380.0
2018-12-23T01:40:00Z,732.0
2018-12-23T01:45:00Z,651.0
2018-12-23T01:50:00Z,729.0
2018-12-23T01:55:00Z,751.0
2018-12-23T02:00:00Z,1068.0
2018-12-23T02:05:00Z,1419.0
2018-12-23T02:10:00Z,1289.0
2018-12-23T02:15:00Z,1334.0
2018-12-23T02:20:00Z,1116.0
2018-12-23T02:25:00Z,613.0
2018-12-23T02:30:00Z,1316.0
2018-12-23T02:35:00Z,2279.0
2018-12-23T02:40:00Z,1330.0
2018-12-23T02:45:00Z,1328.0
2018-12-23T02:50:00Z,992.0
2018-12-23T02:55:00Z,1035.0
2018-12-23T03:00:00Z,1093.0
2018-12-23T03:05:00Z,3073.0
2018-12-23T03:10:00Z,9138.0
2018-12-23T03:15:00Z,1100.0
2018-12-23T03:20:00Z,976.0
2018-12-23T03:25:00Z,918.0
2018-12-23T03:30:00Z,989.0
2018-12-23T03:35:00Z,1015.0
2018-12-23T03:40:00Z,997.0
2018-12-23T03:45:00Z,1070.0
2018-12-23T03:50:00Z,720.0
2018-12-23T03:55:00Z,984.0
2018-12-23T04:00:00Z,934.0
2018-12-23T04:05:00Z,1119.0
2018-12-23T04:10:00Z,631.0
2018-12-23T04:15:00Z,673.0
2018-12-23T04:20:00Z,537.0
2018-12-23T04:25:00Z,538.0
2018-12-23T04:30:00Z,770.0
2018-12-23T04:35:00Z,845.0
2018-12-23T04:40:00Z,464.0
2018-12-23T04:45:00Z,544.0
2018-12-23T04:50:00Z,552.0
2018-12-23T04:55:00Z,690.0
2018-12-23T05:00:00Z,1384.0
2018-12-23T05:05:00Z,1176.0
2018-12-23T05:10:00Z,751.0
2018-12-23T05:15:00Z,715.0
2018-12-23T05:20:00Z,1085.0
2018-12-23T05:25:00Z,635.0
2018-12-23T05:30:00Z,1507.0
2018-12-23T05:35:00Z,1080.0
2018-12-23T05:40:00Z,713.0
2018-12-23T05:45:00Z,907.0
2018-12-23T05:50:00Z,1127.0
2018-12-23T05:55:00Z,1354.0
2018-12-23T06:00:00Z,1511.0
2018-12-23T06:05:00Z,1922.0
2018-12-23T06:10:00Z,766.0
2018-12-23T06:15:00Z,876.0
2018-12-23T06:20:00Z,1380.0
2018-12-23T06:25:00Z,1214.0
2018-12-23T06:30:00Z,1010.0
2018-12-23T06:35:00Z,887.0
2018-12-23T06:40:00Z,731.0
2018-12-23T06:45:00Z,648.0
2018-12-23T06:50:00Z,711.0
2018-12-23T06:55:00Z,547.0
2018-12-23T07:00:00Z,1337.0
2018-12-23T07:05:00Z,2521.0
2018-12-23T07:10:00Z,4005.0
2018-12-23T07:15:00Z,3293.0
2018-12-23T07:20:00Z,2235.0
2018-12-23T07:25:00Z,3368.0
2018-12-23T07:30:00Z,4298.0
2018-12-23T07:35:00Z,1731.0
2018-12-23T07:40:00Z,593.0
2018-12-23T07:45:00Z,665.0
2018-12-23T07:50:00Z,715.0
2018-12-23T07:55:00Z,618.0
2018-12-23T08:00:00Z,1518.0
2018-12-23T08:05:00Z,2138.0
2018-12-23T08:10:00Z,1329.0
2018-12-23T08:15:00Z,943.0
2018-12-23T08:20:00Z,749.0
2018-12-23T08:25:00Z,898.0
2018-12-23T08:30:00Z,855.0
2018-12-23T08:35:00Z,1150.0
2018-12-23T08:40:00Z,783.0
2018-12-23T08:45:00Z,1082.0
2018-12-23T08:50:00Z,1265.0
2018-12-23T08:55:00Z,859.0
2018-12-23T09:00:00Z,1259.0
2018-12-23T09:05:00Z,2445.0
2018-12-23T09:10:00Z,2971.0
2018-12-23T09:15:00Z,1495.0
2018-12-23T09:20:00Z,1986.0
2018-12-23T09:25:00Z,1255.0
2018-12-23T09:30:00Z,1003.0
2018-12-23T09:35:00Z,983.0
2018-12-23T09:40:00Z,1772.0
2018-12-23T09:45:00Z,1798.0
2018-12-23T09:50:00Z,2046.0
2018-12-23T09:55:00Z,1120.0
2018-12-23T10:00:00Z,1782.0
2018-12-23T10:05:00Z,2872.0
2018-12-23T10:10:00Z,1661.0
2018-12-23T10:15:00Z,1810.0
2018-12-23T10:20:00Z,2102.0
2018-12-23T10:25:00Z,1668.0
2018-12-23T10:30:00Z,1615.0
2018-12-23T10:35:00Z,1881.0
2018-12-23T10:40:00Z,1884.0
2018-12-23T10:45:00Z,2952.0
2018-12-23T10:50:00Z,2505.0
2018-12-23T10:55:00Z,1835.0
2018-12-23T11:00:00Z,2986.0
2018-12-23T11:05:00Z,3854.0
2018-12-23T11:10:00Z,1688.0
2018-12-23T11:15:00Z,1506.0
2018-12-23T11:20:00Z,2281.0
2018-12-23T11:25:00Z,2024.0
2018-12-23T11:30:00Z,1689.0
2018-12-23T11:35:00Z,1782.0
2018-12-23T11:40:00Z,1023.0
2018-12-23T11:45:00Z,1142.0
2018-12-23T11:50:00Z,1080.0
2018-12-23T11:55:00Z,1213.0
2018-12-23T12:00:00Z,1600.0
2018-12-23T12:05:00Z,2580.0
2018-12-23T12:10:00Z,1447.0
2018-12-23T12:15:00Z,1411.0
2018-12-23T12:20:00Z,1071.0
2018-12-23T12:25:00Z,1324.0
2018-12-23T12:30:00Z,1188.0
2018-12-23T12:35:00Z,1309.0
2018-12-23T12:40:00Z,1055.0
2018-12-23T12:45:00Z,973.0
2018-12-23T12:50:00Z,1222.0
2018-12-23T12:55:00Z,817.0
2018-12-23T13:00:00Z,1463.0
2018-12-23T13:05:00Z,2431.0
2018-12-23T13:10:00Z,1239.0
2018-12-23T13:15:00Z,2108.0
2018-12-23T13:20:00Z,3974.0
2018-12-23T13:25:00Z,1645.0
2018-12-23T13:30:00Z,1165.0
2018-12-23T13:35:00Z,1138.0
2018-12-23T13:40:00Z,873.0
2018-12-23T13:45:00Z,865.0
2018-12-23T13:50:00Z,950.0
2018-12-23T13:55:00Z,920.0
2018-12-23T14:00:00Z,1677.0
2018-12-23T14:05:00Z,1708.0
2018-12-23T14:10:00Z,1117.0
2018-12-23T14:15:00Z,1388.0
2018-12-23T14:20:00Z,1504.0
2018-12-23T14:25:00Z,1184.0
2018-12-23T14:30:00Z,1228.0
2018-12-23T14:35:00Z,1042.0
2018-12-23T14:40:00Z,1004.0
2018-12-23T14:45:00Z,1001.0
2018-12-23T14:50:00Z,930.0
2018-12-23T14:55:00Z,1090.0
2018-12-23T15:00:00Z,1345.0
2018-12-23T15:05:00Z,2301.0
2018-12-23T15:10:00Z,1820.0
2018-12-23T15:15:00Z,1407.0
2018-12-23T15:20:00Z,1294.0
2018-12-23T15:25:00Z,1151.0
2018-12-23T15:30:00Z,1288.0
2018-12-23T15:35:00Z,1123.0
2018-12-23T15:40:00Z,911.0
2018-12-23T15:45:00Z,874.0
2018-12-23T15:50:00Z,887.0
2018-12-23T15:55:00Z,1088.0
2018-12-23T16:00:00Z,2932.0
2018-12-23T16:05:00Z,2722.0
2018-12-23T16:10:00Z,1568.0
2018-12-23T16:15:00Z,1352.0
2018-12-23T16:20:00Z,1195.0
2018-12-23T16:25:00Z,1096.0
2018-12-23T16:30:00Z,1116.0
2018-12-23T16:35:00Z,1131.0
2018-12-23T16:40:00Z,865.0
2018-12-23T16:45:00Z,867.0
2018-12-23T16:50:00Z,1253.0
2018-12-23T16:55:00Z,1073.0
2018-12-23T17:00:00Z,1375.0
2018-12-23T17:05:00Z,1872.0
2018-12-23T17:10:00Z,1137.0
2018-12-23T17:15:00Z,1140.0
2018-12-23T17:20:00Z,1294.0
2018-12-23T17:25:00Z,1237.0
2018-12-23T17:30:00Z,1374.0
2018-12-23T17:35:00Z,1335.0
2018-12-23T17:40:00Z,947.0
2018-12-23T17:45:00Z,1250.0
2018-12-23T17:50:00Z,1015.0
2018-12-23T17:55:00Z,1023.0
2018-12-23T18:00:00Z,1663.0
2018-12-23T18:05:00Z,1602.0
2018-12-23T18:10:00Z,1220.0
2018-12-23T18:15:00Z,1205.0
2018-12-23T18:20:00Z,928.0
2018-12-23T18:25:00Z,930.0
2018-12-23T18:30:00Z,1014.0
2018-12-23T18:35:00Z,1215.0
2018-12-23T18:40:00Z,1036.0
2018-12-23T18:45:00Z,902.0
2018-12-23T18:50:00Z,1169.0
2018-12-23T18:55:00Z,1959.0
2018-12-23T19:00:00Z,1487.0
2018-12-23T19:05:00Z,1377.0
2018-12-23T19:10:00Z,1136.0
2018-12-23T19:15:00Z,911.0
2018-12-23T19:20:00Z,762.0
2018-12-23T19:25:00Z,816.0
2018-12-23T19:30:00Z,1025.0
2018-12-23T19:35:00Z,1404.0
2018-12-23T19:40:00Z,733.0
2018-12-23T19:45:00Z,791.0
2018-12-23T19:50:00Z,779.0
2018-12-23T19:55:00Z,789.0
2018-12-23T20:00:00Z,1003.0
2018-12-23T20:05:00Z,1231.0
2018-12-23T20:10:00Z,1021.0
2018-12-23T20:15:00Z,813.0
2018-12-23T20:20:00Z,801.0
2018-12-23T20:25:00Z,814.0
2018-12-23T20:30:00Z,897.0
2018-12-23T20:35:00Z,807.0
2018-12-23T20:40:00Z,640.0
2018-12-23T20:45:00Z,737.0
2018-12-23T20:50:00Z,631.0
2018-12-23T20:55:00Z,681.0
2018-12-23T21:00:00Z,840.0
2018-12-23T21:05:00Z,1114.0
2018-12-23T21:10:00Z,987.0
2018-12-23T21:15:00Z,835.0
2018-12-23T21:20:00Z,614.0
2018-12-23T21:25:00Z,747.0
2018-12-23T21:30:00Z,906.0
2018-12-23T21:35:00Z,952.0
2018-12-23T21:40:00Z,764.0
2018-12-23T21:45:00Z,989.0
2018-12-23T21:50:00Z,1075.0
2018-12-23T21:55:00Z,778.0
2018-12-23T22:00:00Z,1144.0
2018-12-23T22:05:00Z,1141.0
2018-12-23T22:10:00Z,878.0
2018-12-23T22:15:00Z,699.0
2018-12-23T22:20:00Z,981.0
2018-12-23T22:25:00Z,1090.0
2018-12-23T22:30:00Z,992.0
2018-12-23T22:35:00Z,844.0
2018-12-23T22:40:00Z,705.0
2018-12-23T22:45:00Z,675.0
2018-12-23T22:50:00Z,675.0
2018-12-23T22:55:00Z,658.0
2018-12-23T23:00:00Z,915.0
2018-12-23T23:05:00Z,1229.0
2018-12-23T23:10:00Z,1102.0
2018-12-23T23:15:00Z,1075.0
2018-12-23T23:20:00Z,800.0
2018-12-23T23:25:00Z,814.0
2018-12-23T23:30:00Z,1074.0
2018-12-23T23:35:00Z,1091.0
2018-12-23T23:40:00Z,732.0
2018-12-23T23:45:00Z,636.0
2018-12-23T23:50:00Z,604.0
2018-12-23T23:55:00Z,705.0
2018-12-24T00:00:00Z,1676.0
2018-12-24T00:05:00Z,1641.0
2018-12-24T00:10:00Z,931.0
2018-12-24T00:15:00Z,1238.0
2018-12-24T00:20:00Z,1174.0
2018-12-24T00:25:00Z,1296.0
2018-12-24T00:30:00Z,838.0
2018-12-24T00:35:00Z,855.0
2018-12-24T00:40:00Z,855.0
2018-12-24T00:45:00Z,651.0
2018-12-24T00:50:00Z,878.0
2018-12-24T00:55:00Z,699.0
2018-12-24T01:00:00Z,1231.0
2018-12-24T01:05:00Z,1807.0
2018-12-24T01:10:00Z,1258.0
2018-12-24T01:15:00Z,998.0
2018-12-24T01:20:00Z,858.0
2018-12-24T01:25:00Z,911.0
2018-12-24T01:30:00Z,1080.0
2018-12-24T01:35:00Z,1128.0
2018-12-24T01:40:00Z,574.0
2018-12-24T01:45:00Z,715.0
2018-12-24T01:50:00Z,717.0
2018-12-24T01:55:00Z,564.0
2018-12-24T02:00:00Z,1115.0
2018-12-24T02:05:00Z,1359.0
2018-12-24T02:10:00Z,680.0
2018-12-24T02:15:00Z,788.0
2018-12-24T02:20:00Z,1196.0
2018-12-24T02:25:00Z,837.0
2018-12-24T02:30:00Z,918.0
2018-12-24T02:35:00Z,937.0
2018-12-24T02:40:00Z,595.0
2018-12-24T02:45:00Z,1397.0
2018-12-24T02:50:00Z,478.0
2018-12-24T02:55:00Z,1311.0
2018-12-24T03:00:00Z,931.0
2018-12-24T03:05:00Z,2545.0
2018-12-24T03:10:00Z,9285.0
2018-12-24T03:15:00Z,662.0
2018-12-24T03:20:00Z,625.0
2018-12-24T03:25:00Z,676.0
2018-12-24T03:30:00Z,741.0
2018-12-24T03:35:00Z,726.0
2018-12-24T03:40:00Z,685.0
2018-12-24T03:45:00Z,584.0
2018-12-24T03:50:00Z,685.0
2018-12-24T03:55:00Z,690.0
2018-12-24T04:00:00Z,985.0
2018-12-24T04:05:00Z,1774.0
2018-12-24T04:10:00Z,893.0
2018-12-24T04:15:00Z,603.0
2018-12-24T04:20:00Z,539.0
2018-12-24T04:25:00Z,623.0
2018-12-24T04:30:00Z,886.0
2018-12-24T04:35:00Z,1087.0
2018-12-24T04:40:00Z,605.0
2018-12-24T04:45:00Z,624.0
2018-12-24T04:50:00Z,591.0
2018-12-24T04:55:00Z,568.0
2018-12-24T05:00:00Z,1171.0
2018-12-24T05:05:00Z,1898.0
2018-12-24T05:10:00Z,1543.0
2018-12-24T05:15:00Z,1578.0
2018-12-24T05:20:00Z,1171.0
2018-12-24T05:25:00Z,937.0
2018-12-24T05:30:00Z,1365.0
2018-12-24T05:35:00Z,1166.0
2018-12-24T05:40:00Z,730.0
2018-12-24T05:45:00Z,954.0
2018-12-24T05:50:00Z,612.0
2018-12-24T05:55:00Z,1273.0
2018-12-24T06:00:00Z,2170.0
2018-12-24T06:05:00Z,2387.0
2018-12-24T06:10:00Z,820.0
2018-12-24T06:15:00Z,825.0
2018-12-24T06:20:00Z,1348.0
2018-12-24T06:25:00Z,840.0
2018-12-24T06:30:00Z,711.0
2018-12-24T06:35:00Z,1275.0
2018-12-24T06:40:00Z,559.0
2018-12-24T06:45:00Z,585.0
2018-12-24T06:50:00Z,636.0
2018-12-24T06:55:00Z,637.0
2018-12-24T07:00:00Z,1796.0
2018-12-24T07:05:00Z,4394.0
2018-12-24T07:10:00Z,1814.0
2018-12-24T07:15:00Z,1899.0
2018-12-24T07:20:00Z,1137.0
2018-12-24T07:25:00Z,852.0
2018-12-24T07:30:00Z,871.0
2018-12-24T07:35:00Z,849.0
2018-12-24T07:40:00Z,780.0
2018-12-24T07:45:00Z,800.0
2018-12-24T07:50:00Z,718.0
2018-12-24T07:55:00Z,612.0
2018-12-24T08:00:00Z,1555.0
2018-12-24T08:05:00Z,2034.0
2018-12-24T08:10:00Z,2284.0
2018-12-24T08:15:00Z,3809.0
2018-12-24T08:20:00Z,3806.0
2018-12-24T08:25:00Z,3986.0
2018-12-24T08:30:00Z,2897.0
2018-12-24T08:35:00Z,1111.0
2018-12-24T08:40:00Z,1043.0
2018-12-24T08:45:00Z,1423.0
2018-12-24T08:50:00Z,1895.0
2018-12-24T08:55:00Z,1394.0
2018-12-24T09:00:00Z,2175.0
2018-12-24T09:05:00Z,4339.0
2018-12-24T09:10:00Z,4345.0
2018-12-24T09:15:00Z,3304.0
2018-12-24T09:20:00Z,2894.0
2018-12-24T09:25:00Z,1829.0
2018-12-24T09:30:00Z,1850.0
2018-12-24T09:35:00Z,2469.0
2018-12-24T09:40:00Z,2571.0
2018-12-24T09:45:00Z,2483.0
2018-12-24T09:50:00Z,2069.0
2018-12-24T09:55:00Z,1683.0
2018-12-24T10:00:00Z,6560.0
2018-12-24T10:05:00Z,7658.0
2018-12-24T10:10:00Z,2886.0
2018-12-24T10:15:00Z,2828.0
2018-12-24T10:20:00Z,3049.0
2018-12-24T10:25:00Z,2987.0
2018-12-24T10:30:00Z,2816.0
2018-12-24T10:35:00Z,3239.0
2018-12-24T10:40:00Z,3666.0
2018-12-24T10:45:00Z,4644.0
2018-12-24T10:50:00Z,3445.0
2018-12-24T10:55:00Z,2589.0
2018-12-24T11:00:00Z,5901.0
2018-12-24T11:05:00Z,7182.0
2018-12-24T11:10:00Z,3281.0
2018-12-24T11:15:00Z,2937.0
2018-12-24T11:20:00Z,2798.0
2018-12-24T11:25:00Z,2773.0
2018-12-24T11:30:00Z,2966.0
2018-12-24T11:35:00Z,3127.0
2018-12-24T11:40:00Z,2877.0
2018-12-24T11:45:00Z,2961.0
2018-12-24T11:50:00Z,3153.0
2018-12-24T11:55:00Z,2474.0
2018-12-24T12:00:00Z,3740.0
2018-12-24T12:05:00Z,4940.0
2018-12-24T12:10:00Z,2993.0
2018-12-24T12:15:00Z,2039.0
2018-12-24T12:20:00Z,1843.0
2018-12-24T12:25:00Z,1753.0
2018-12-24T12:30:00Z,1997.0
2018-12-24T12:35:00Z,2916.0
2018-12-24T12:40:00Z,2820.0
2018-12-24T12:45:00Z,2124.0
2018-12-24T12:50:00Z,1871.0
2018-12-24T12:55:00Z,1810.0
2018-12-24T13:00:00Z,3719.0
2018-12-24T13:05:00Z,5256.0
2018-12-24T13:10:00Z,3613.0
2018-12-24T13:15:00Z,3736.0
2018-12-24T13:20:00Z,5057.0
2018-12-24T13:25:00Z,3978.0
2018-12-24T13:30:00Z,2323.0
2018-12-24T13:35:00Z,2123.0
2018-12-24T13:40:00Z,1551.0
2018-12-24T13:45:00Z,1655.0
2018-12-24T13:50:00Z,1413.0
2018-12-24T13:55:00Z,1759.0
2018-12-24T14:00:00Z,3461.0
2018-12-24T14:05:00Z,5322.0
2018-12-24T14:10:00Z,2921.0
2018-12-24T14:15:00Z,2919.0
2018-12-24T14:20:00Z,2803.0
2018-12-24T14:25:00Z,1793.0
2018-12-24T14:30:00Z,2123.0
2018-12-24T14:35:00Z,2858.0
2018-12-24T14:40:00Z,1893.0
2018-12-24T14:45:00Z,1900.0
2018-12-24T14:50:00Z,2039.0
2018-12-24T14:55:00Z,1639.0
2018-12-24T15:00:00Z,5538.0
2018-12-24T15:05:00Z,6817.0
2018-12-24T15:10:00Z,3590.0
2018-12-24T15:15:00Z,2801.0
2018-12-24T15:20:00Z,2770.0
2018-12-24T15:25:00Z,3655.0
2018-12-24T15:30:00Z,2759.0
2018-12-24T15:35:00Z,2539.0
2018-12-24T15:40:00Z,2682.0
2018-12-24T15:45:00Z,2622.0
2018-12-24T15:50:00Z,2682.0
2018-12-24T15:55:00Z,2304.0
2018-12-24T16:00:00Z,3025.0
2018-12-24T16:05:00Z,4989.0
2018-12-24T16:10:00Z,2755.0
2018-12-24T16:15:00Z,2610.0
2018-12-24T16:20:00Z,2434.0
2018-12-24T16:25:00Z,2335.0
2018-12-24T16:30:00Z,2429.0
2018-12-24T16:35:00Z,2605.0
2018-12-24T16:40:00Z,2057.0
2018-12-24T16:45:00Z,1577.0
2018-12-24T16:50:00Z,1958.0
2018-12-24T16:55:00Z,1745.0
2018-12-24T17:00:00Z,2864.0
2018-12-24T17:05:00Z,3610.0
2018-12-24T17:10:00Z,1884.0
2018-12-24T17:15:00Z,2156.0
2018-12-24T17:20:00Z,2074.0
2018-12-24T17:25:00Z,2312.0
2018-12-24T17:30:00Z,2291.0
2018-12-24T17:35:00Z,2324.0
2018-12-24T17:40:00Z,1636.0
2018-12-24T17:45:00Z,1752.0
2018-12-24T17:50:00Z,1999.0
2018-12-24T17:55:00Z,2310.0
2018-12-24T18:00:00Z,3088.0
2018-12-24T18:05:00Z,2471.0
2018-12-24T18:10:00Z,2021.0
2018-12-24T18:15:00Z,1535.0
2018-12-24T18:20:00Z,2037.0
2018-12-24T18:25:00Z,2620.0
2018-12-24T18:30:00Z,2912.0
2018-12-24T18:35:00Z,2630.0
2018-12-24T18:40:00Z,1387.0
2018-12-24T18:45:00Z,1708.0
2018-12-24T18:50:00Z,1584.0
2018-12-24T18:55:00Z,1226.0
2018-12-24T19:00:00Z,1654.0
2018-12-24T19:05:00Z,2404.0
2018-12-24T19:10:00Z,1509.0
2018-12-24T19:15:00Z,1311.0
2018-12-24T19:20:00Z,1223.0
2018-12-24T19:25:00Z,1200.0
2018-12-24T19:30:00Z,1471.0
2018-12-24T19:35:00Z,1443.0
2018-12-24T19:40:00Z,1227.0
2018-12-24T19:45:00Z,1199.0
2018-12-24T19:50:00Z,1275.0
2018-12-24T19:55:00Z,1293.0
2018-12-24T20:00:00Z,1926.0
2018-12-24T20:05:00Z,2037.0
2018-12-24T20:10:00Z,1515.0
2018-12-24T20:15:00Z,1070.0
2018-12-24T20:20:00Z,1105.0
2018-12-24T20:25:00Z,1257.0
2018-12-24T20:30:00Z,1443.0
2018-12-24T20:35:00Z,1465.0
2018-12-24T20:40:00Z,977.0
2018-12-24T20:45:00Z,997.0
2018-12-24T20:50:00Z,1155.0
2018-12-24T20:55:00Z,1047.0
2018-12-24T21:00:00Z,1475.0
2018-12-24T21:05:00Z,2119.0
2018-12-24T21:10:00Z,1176.0
2018-12-24T21:15:00Z,1029.0
2018-12-24T21:20:00Z,873.0
2018-12-24T21:25:00Z,897.0
2018-12-24T21:30:00Z,1256.0
2018-12-24T21:35:00Z,1494.0
2018-12-24T21:40:00Z,1031.0
2018-12-24T21:45:00Z,775.0
2018-12-24T21:50:00Z,879.0
2018-12-24T21:55:00Z,908.0
2018-12-24T22:00:00Z,1287.0
2018-12-24T22:05:00Z,1648.0
2018-12-24T22:10:00Z,1120.0
2018-12-24T22:15:00Z,925.0
2018-12-24T22:20:00Z,828.0
2018-12-24T22:25:00Z,783.0
2018-12-24T22:30:00Z,816.0
2018-12-24T22:35:00Z,1203.0
2018-12-24T22:40:00Z,765.0
2018-12-24T22:45:00Z,710.0
2018-12-24T22:50:00Z,612.0
2018-12-24T22:55:00Z,712.0
2018-12-24T23:00:00Z,1182.0
2018-12-24T23:05:00Z,1483.0
2018-12-24T23:10:00Z,920.0
2018-12-24T23:15:00Z,823.0
2018-12-24T23:20:00Z,785.0
2018-12-24T23:25:00Z,739.0
2018-12-24T23:30:00Z,839.0
2018-12-24T23:35:00Z,845.0
2018-12-24T23:40:00Z,644.0
2018-12-24T23:45:00Z,713.0
2018-12-24T23:50:00Z,594.0
2018-12-24T23:55:00Z,605.0
2018-12-25T00:00:00Z,1430.0
2018-12-25T00:05:00Z,1566.0
2018-12-25T00:10:00Z,1366.0
2018-12-25T00:15:00Z,1069.0
2018-12-25T00:20:00Z,1245.0
2018-12-25T00:25:00Z,999.0
2018-12-25T00:30:00Z,783.0
2018-12-25T00:35:00Z,997.0
2018-12-25T00:40:00Z,715.0
2018-12-25T00:45:00Z,794.0
2018-12-25T00:50:00Z,750.0
2018-12-25T00:55:00Z,604.0
2018-12-25T01:00:00Z,1172.0
2018-12-25T01:05:00Z,1423.0
2018-12-25T01:10:00Z,862.0
2018-12-25T01:15:00Z,906.0
2018-12-25T01:20:00Z,600.0
2018-12-25T01:25:00Z,684.0
2018-12-25T01:30:00Z,765.0
2018-12-25T01:35:00Z,1016.0
2018-12-25T01:40:00Z,658.0
2018-12-25T01:45:00Z,792.0
2018-12-25T01:50:00Z,688.0
2018-12-25T01:55:00Z,716.0
2018-12-25T02:00:00Z,1337.0
2018-12-25T02:05:00Z,1368.0
2018-12-25T02:10:00Z,744.0
2018-12-25T02:15:00Z,650.0
2018-12-25T02:20:00Z,1067.0
2018-12-25T02:25:00Z,781.0
2018-12-25T02:30:00Z,913.0
2018-12-25T02:35:00Z,806.0
2018-12-25T02:40:00Z,573.0
2018-12-25T02:45:00Z,750.0
2018-12-25T02:50:00Z,999.0
2018-12-25T02:55:00Z,1732.0
2018-12-25T03:00:00Z,2325.0
2018-12-25T03:05:00Z,3916.0
2018-12-25T03:10:00Z,10597.0
2018-12-25T03:15:00Z,1003.0
2018-12-25T03:20:00Z,956.0
2018-12-25T03:25:00Z,910.0
2018-12-25T03:30:00Z,1086.0
2018-12-25T03:35:00Z,1019.0
2018-12-25T03:40:00Z,759.0
2018-12-25T03:45:00Z,763.0
2018-12-25T03:50:00Z,575.0
2018-12-25T03:55:00Z,584.0
2018-12-25T04:00:00Z,891.0
2018-12-25T04:05:00Z,1067.0
2018-12-25T04:10:00Z,652.0
2018-12-25T04:15:00Z,562.0
2018-12-25T04:20:00Z,458.0
2018-12-25T04:25:00Z,612.0
2018-12-25T04:30:00Z,884.0
2018-12-25T04:35:00Z,1172.0
2018-12-25T04:40:00Z,557.0
2018-12-25T04:45:00Z,500.0
2018-12-25T04:50:00Z,541.0
2018-12-25T04:55:00Z,627.0
2018-12-25T05:00:00Z,1239.0
2018-12-25T05:05:00Z,1354.0
2018-12-25T05:10:00Z,1005.0
2018-12-25T05:15:00Z,1007.0
2018-12-25T05:20:00Z,645.0
2018-12-25T05:25:00Z,690.0
2018-12-25T05:30:00Z,1488.0
2018-12-25T05:35:00Z,1401.0
2018-12-25T05:40:00Z,767.0
2018-12-25T05:45:00Z,961.0
2018-12-25T05:50:00Z,696.0
2018-12-25T05:55:00Z,1614.0
2018-12-25T06:00:00Z,1716.0
2018-12-25T06:05:00Z,1914.0
2018-12-25T06:10:00Z,897.0
2018-12-25T06:15:00Z,750.0
2018-12-25T06:20:00Z,731.0
2018-12-25T06:25:00Z,930.0
2018-12-25T06:30:00Z,1097.0
2018-12-25T06:35:00Z,981.0
2018-12-25T06:40:00Z,695.0
2018-12-25T06:45:00Z,639.0
2018-12-25T06:50:00Z,567.0
2018-12-25T06:55:00Z,650.0
2018-12-25T07:00:00Z,1370.0
2018-12-25T07:05:00Z,2744.0
2018-12-25T07:10:00Z,1141.0
2018-12-25T07:15:00Z,1251.0
2018-12-25T07:20:00Z,1242.0
2018-12-25T07:25:00Z,1212.0
2018-12-25T07:30:00Z,1031.0
2018-12-25T07:35:00Z,833.0
2018-12-25T07:40:00Z,530.0
2018-12-25T07:45:00Z,645.0
2018-12-25T07:50:00Z,597.0
2018-12-25T07:55:00Z,998.0
2018-12-25T08:00:00Z,2174.0
2018-12-25T08:05:00Z,2433.0
2018-12-25T08:10:00Z,1553.0
2018-12-25T08:15:00Z,1118.0
2018-12-25T08:20:00Z,970.0
2018-12-25T08:25:00Z,1972.0
2018-12-25T08:30:00Z,1162.0
2018-12-25T08:35:00Z,985.0
2018-12-25T08:40:00Z,942.0
2018-12-25T08:45:00Z,951.0
2018-12-25T08:50:00Z,1615.0
2018-12-25T08:55:00Z,1056.0
2018-12-25T09:00:00Z,1951.0
2018-12-25T09:05:00Z,3978.0
2018-12-25T09:10:00Z,6463.0
2018-12-25T09:15:00Z,4503.0
2018-12-25T09:20:00Z,4491.0
2018-12-25T09:25:00Z,3937.0
2018-12-25T09:30:00Z,1956.0
2018-12-25T09:35:00Z,1246.0
2018-12-25T09:40:00Z,2558.0
2018-12-25T09:45:00Z,3174.0
2018-12-25T09:50:00Z,1507.0
2018-12-25T09:55:00Z,1253.0
2018-12-25T10:00:00Z,2825.0
2018-12-25T10:05:00Z,4996.0
2018-12-25T10:10:00Z,4182.0
2018-12-25T10:15:00Z,2827.0
2018-12-25T10:20:00Z,2150.0
2018-12-25T10:25:00Z,2378.0
2018-12-25T10:30:00Z,2372.0
2018-12-25T10:35:00Z,2529.0
2018-12-25T10:40:00Z,2928.0
2018-12-25T10:45:00Z,3690.0
2018-12-25T10:50:00Z,2719.0
2018-12-25T10:55:00Z,2548.0
2018-12-25T11:00:00Z,3977.0
2018-12-25T11:05:00Z,4163.0
2018-12-25T11:10:00Z,2322.0
2018-12-25T11:15:00Z,2306.0
2018-12-25T11:20:00Z,2960.0
2018-12-25T11:25:00Z,2238.0
2018-12-25T11:30:00Z,2121.0
2018-12-25T11:35:00Z,1801.0
2018-12-25T11:40:00Z,1774.0
2018-12-25T11:45:00Z,1844.0
2018-12-25T11:50:00Z,1843.0
2018-12-25T11:55:00Z,1749.0
2018-12-25T12:00:00Z,3264.0
2018-12-25T12:05:00Z,3419.0
2018-12-25T12:10:00Z,2704.0
2018-12-25T12:15:00Z,1946.0
2018-12-25T12:20:00Z,1743.0
2018-12-25T12:25:00Z,2047.0
2018-12-25T12:30:00Z,2008.0
2018-12-25T12:35:00Z,1999.0
2018-12-25T12:40:00Z,1994.0
2018-12-25T12:45:00Z,1933.0
2018-12-25T12:50:00Z,1609.0
2018-12-25T12:55:00Z,1696.0
2018-12-25T13:00:00Z,3259.0
2018-12-25T13:05:00Z,3895.0
2018-12-25T13:10:00Z,2410.0
2018-12-25T13:15:00Z,3612.0
2018-12-25T13:20:00Z,5770.0
2018-12-25T13:25:00Z,2578.0
2018-12-25T13:30:00Z,2280.0
2018-12-25T13:35:00Z,2320.0
2018-12-25T13:40:00Z,1738.0
2018-12-25T13:45:00Z,1872.0
2018-12-25T13:50:00Z,1969.0
2018-12-25T13:55:00Z,1795.0
2018-12-25T14:00:00Z,3042.0
2018-12-25T14:05:00Z,3718.0
2018-12-25T14:10:00Z,2201.0
2018-12-25T14:15:00Z,2368.0
2018-12-25T14:20:00Z,2204.0
2018-12-25T14:25:00Z,2294.0
2018-12-25T14:30:00Z,2741.0
2018-12-25T14:35:00Z,2411.0
2018-12-25T14:40:00Z,1689.0
2018-12-25T14:45:00Z,1244.0
2018-12-25T14:50:00Z,912.0
2018-12-25T14:55:00Z,745.0
2018-12-25T15:00:00Z,1664.0
2018-12-25T15:05:00Z,2487.0
2018-12-25T15:10:00Z,1667.0
2018-12-25T15:15:00Z,1128.0
2018-12-25T15:20:00Z,996.0
2018-12-25T15:25:00Z,1037.0
2018-12-25T15:30:00Z,1421.0
2018-12-25T15:35:00Z,1446.0
2018-12-25T15:40:00Z,868.0
2018-12-25T15:45:00Z,820.0
2018-12-25T15:50:00Z,796.0
2018-12-25T15:55:00Z,1072.0
2018-12-25T16:00:00Z,2243.0
2018-12-25T16:05:00Z,2170.0
2018-12-25T16:10:00Z,1300.0
2018-12-25T16:15:00Z,1449.0
2018-12-25T16:20:00Z,1007.0
2018-12-25T16:25:00Z,976.0
2018-12-25T16:30:00Z,1042.0
2018-12-25T16:35:00Z,937.0
2018-12-25T16:40:00Z,703.0
2018-12-25T16:45:00Z,939.0
2018-12-25T16:50:00Z,906.0
2018-12-25T16:55:00Z,779.0
2018-12-25T17:00:00Z,1375.0
2018-12-25T17:05:00Z,1435.0
2018-12-25T17:10:00Z,950.0
2018-12-25T17:15:00Z,912.0
2018-12-25T17:20:00Z,986.0
2018-12-25T17:25:00Z,946.0
2018-12-25T17:30:00Z,1074.0
2018-12-25T17:35:00Z,1043.0
2018-12-25T17:40:00Z,710.0
2018-12-25T17:45:00Z,820.0
2018-12-25T17:50:00Z,797.0
2018-12-25T17:55:00Z,769.0
2018-12-25T18:00:00Z,1406.0
2018-12-25T18:05:00Z,1949.0
2018-12-25T18:10:00Z,1021.0
2018-12-25T18:15:00Z,907.0
2018-12-25T18:20:00Z,979.0
2018-12-25T18:25:00Z,900.0
2018-12-25T18:30:00Z,938.0
2018-12-25T18:35:00Z,963.0
2018-12-25T18:40:00Z,733.0
2018-12-25T18:45:00Z,820.0
2018-12-25T18:50:00Z,703.0
2018-12-25T18:55:00Z,735.0
2018-12-25T19:00:00Z,1050.0
2018-12-25T19:05:00Z,1444.0
2018-12-25T19:10:00Z,989.0
2018-12-25T19:15:00Z,869.0
2018-12-25T19:20:00Z,752.0
2018-12-25T19:25:00Z,748.0
2018-12-25T19:30:00Z,882.0
2018-12-25T19:35:00Z,793.0
2018-12-25T19:40:00Z,597.0
2018-12-25T19:45:00Z,733.0
2018-12-25T19:50:00Z,735.0
2018-12-25T19:55:00Z,724.0
2018-12-25T20:00:00Z,1312.0
2018-12-25T20:05:00Z,1292.0
2018-12-25T20:10:00Z,905.0
2018-12-25T20:15:00Z,712.0
2018-12-25T20:20:00Z,620.0
2018-12-25T20:25:00Z,806.0
2018-12-25T20:30:00Z,953.0
2018-12-25T20:35:00Z,873.0
2018-12-25T20:40:00Z,737.0
2018-12-25T20:45:00Z,773.0
2018-12-25T20:50:00Z,678.0
2018-12-25T20:55:00Z,506.0
2018-12-25T21:00:00Z,970.0
2018-12-25T21:05:00Z,1151.0
2018-12-25T21:10:00Z,762.0
2018-12-25T21:15:00Z,746.0
2018-12-25T21:20:00Z,666.0
2018-12-25T21:25:00Z,730.0
2018-12-25T21:30:00Z,819.0
2018-12-25T21:35:00Z,853.0
2018-12-25T21:40:00Z,637.0
2018-12-25T21:45:00Z,696.0
2018-12-25T21:50:00Z,919.0
2018-12-25T21:55:00Z,530.0
2018-12-25T22:00:00Z,1042.0
2018-12-25T22:05:00Z,1464.0
2018-12-25T22:10:00Z,765.0
2018-12-25T22:15:00Z,687.0
2018-12-25T22:20:00Z,517.0
2018-12-25T22:25:00Z,718.0
2018-12-25T22:30:00Z,1107.0
2018-12-25T22:35:00Z,743.0
2018-12-25T22:40:00Z,541.0
2018-12-25T22:45:00Z,551.0
2018-12-25T22:50:00Z,621.0
2018-12-25T22:55:00Z,432.0
2018-12-25T23:00:00Z,1005.0
2018-12-25T23:05:00Z,1208.0
2018-12-25T23:10:00Z,780.0
2018-12-25T23:15:00Z,655.0
2018-12-25T23:20:00Z,515.0
2018-12-25T23:25:00Z,649.0
2018-12-25T23:30:00Z,957.0
2018-12-25T23:35:00Z,785.0
2018-12-25T23:40:00Z,540.0
2018-12-25T23:45:00Z,653.0
2018-12-25T23:50:00Z,530.0
2018-12-25T23:55:00Z,544.0
2018-12-26T00:00:00Z,1352.0
2018-12-26T00:05:00Z,1237.0
2018-12-26T00:10:00Z,793.0
2018-12-26T00:15:00Z,665.0
2018-12-26T00:20:00Z,1107.0
2018-12-26T00:25:00Z,995.0
2018-12-26T00:30:00Z,773.0
2018-12-26T00:35:00Z,715.0
2018-12-26T00:40:00Z,489.0
2018-12-26T00:45:00Z,603.0
2018-12-26T00:50:00Z,648.0
2018-12-26T00:55:00Z,471.0
2018-12-26T01:00:00Z,1080.0
2018-12-26T01:05:00Z,1316.0
2018-12-26T01:10:00Z,726.0
2018-12-26T01:15:00Z,731.0
2018-12-26T01:20:00Z,635.0
2018-12-26T01:25:00Z,813.0
2018-12-26T01:30:00Z,954.0
2018-12-26T01:35:00Z,2453.0
2018-12-26T01:40:00Z,1010.0
2018-12-26T01:45:00Z,692.0
2018-12-26T01:50:00Z,902.0
2018-12-26T01:55:00Z,682.0
2018-12-26T02:00:00Z,1323.0
2018-12-26T02:05:00Z,1290.0
2018-12-26T02:10:00Z,940.0
2018-12-26T02:15:00Z,808.0
2018-12-26T02:20:00Z,1008.0
2018-12-26T02:25:00Z,987.0
2018-12-26T02:30:00Z,1262.0
2018-12-26T02:35:00Z,858.0
2018-12-26T02:40:00Z,764.0
2018-12-26T02:45:00Z,1052.0
2018-12-26T02:50:00Z,2832.0
2018-12-26T02:55:00Z,2418.0
2018-12-26T03:00:00Z,1564.0
2018-12-26T03:05:00Z,2878.0
2018-12-26T03:10:00Z,9948.0
2018-12-26T03:15:00Z,788.0
2018-12-26T03:20:00Z,503.0
2018-12-26T03:25:00Z,698.0
2018-12-26T03:30:00Z,814.0
2018-12-26T03:35:00Z,798.0
2018-12-26T03:40:00Z,578.0
2018-12-26T03:45:00Z,627.0
2018-12-26T03:50:00Z,525.0
2018-12-26T03:55:00Z,490.0
2018-12-26T04:00:00Z,871.0
2018-12-26T04:05:00Z,1853.0
2018-12-26T04:10:00Z,729.0
2018-12-26T04:15:00Z,670.0
2018-12-26T04:20:00Z,577.0
2018-12-26T04:25:00Z,922.0
2018-12-26T04:30:00Z,1215.0
2018-12-26T04:35:00Z,980.0
2018-12-26T04:40:00Z,649.0
2018-12-26T04:45:00Z,656.0
2018-12-26T04:50:00Z,703.0
2018-12-26T04:55:00Z,758.0
2018-12-26T05:00:00Z,1580.0
2018-12-26T05:05:00Z,1383.0
2018-12-26T05:10:00Z,1222.0
2018-12-26T05:15:00Z,774.0
2018-12-26T05:20:00Z,850.0
2018-12-26T05:25:00Z,708.0
2018-12-26T05:30:00Z,1491.0
2018-12-26T05:35:00Z,1101.0
2018-12-26T05:40:00Z,948.0
2018-12-26T05:45:00Z,812.0
2018-12-26T05:50:00Z,729.0
2018-12-26T05:55:00Z,1452.0
2018-12-26T06:00:00Z,2088.0
2018-12-26T06:05:00Z,2207.0
2018-12-26T06:10:00Z,1314.0
2018-12-26T06:15:00Z,849.0
2018-12-26T06:20:00Z,716.0
2018-12-26T06:25:00Z,746.0
2018-12-26T06:30:00Z,783.0
2018-12-26T06:35:00Z,853.0
2018-12-26T06:40:00Z,795.0
2018-12-26T06:45:00Z,756.0
2018-12-26T06:50:00Z,700.0
2018-12-26T06:55:00Z,722.0
2018-12-26T07:00:00Z,1650.0
2018-12-26T07:05:00Z,2410.0
2018-12-26T07:10:00Z,971.0
2018-12-26T07:15:00Z,803.0
2018-12-26T07:20:00Z,632.0
2018-12-26T07:25:00Z,645.0
2018-12-26T07:30:00Z,726.0
2018-12-26T07:35:00Z,893.0
2018-12-26T07:40:00Z,805.0
2018-12-26T07:45:00Z,1404.0
2018-12-26T07:50:00Z,731.0
2018-12-26T07:55:00Z,613.0
2018-12-26T08:00:00Z,1623.0
2018-12-26T08:05:00Z,1635.0
2018-12-26T08:10:00Z,1388.0
2018-12-26T08:15:00Z,1058.0
2018-12-26T08:20:00Z,957.0
2018-12-26T08:25:00Z,1283.0
2018-12-26T08:30:00Z,1093.0
2018-12-26T08:35:00Z,1123.0
2018-12-26T08:40:00Z,1390.0
2018-12-26T08:45:00Z,1619.0
2018-12-26T08:50:00Z,2170.0
2018-12-26T08:55:00Z,1079.0
2018-12-26T09:00:00Z,1788.0
2018-12-26T09:05:00Z,3775.0
2018-12-26T09:10:00Z,5328.0
2018-12-26T09:15:00Z,4277.0
2018-12-26T09:20:00Z,2229.0
2018-12-26T09:25:00Z,1172.0
2018-12-26T09:30:00Z,1511.0
2018-12-26T09:35:00Z,1158.0
2018-12-26T09:40:00Z,2001.0
2018-12-26T09:45:00Z,1889.0
2018-12-26T09:50:00Z,1710.0
2018-12-26T09:55:00Z,1473.0
2018-12-26T10:00:00Z,3445.0
2018-12-26T10:05:00Z,5289.0
2018-12-26T10:10:00Z,4108.0
2018-12-26T10:15:00Z,2945.0
2018-12-26T10:20:00Z,2999.0
2018-12-26T10:25:00Z,3048.0
2018-12-26T10:30:00Z,3054.0
2018-12-26T10:35:00Z,3442.0
2018-12-26T10:40:00Z,3702.0
2018-12-26T10:45:00Z,4304.0
2018-12-26T10:50:00Z,3435.0
2018-12-26T10:55:00Z,2844.0
2018-12-26T11:00:00Z,4520.0
2018-12-26T11:05:00Z,5079.0
2018-12-26T11:10:00Z,3361.0
2018-12-26T11:15:00Z,3397.0
2018-12-26T11:20:00Z,3671.0
2018-12-26T11:25:00Z,2847.0
2018-12-26T11:30:00Z,3272.0
2018-12-26T11:35:00Z,5053.0
2018-12-26T11:40:00Z,3682.0
2018-12-26T11:45:00Z,3605.0
2018-12-26T11:50:00Z,2972.0
2018-12-26T11:55:00Z,2366.0
2018-12-26T12:00:00Z,3422.0
2018-12-26T12:05:00Z,4067.0
2018-12-26T12:10:00Z,2883.0
2018-12-26T12:15:00Z,2457.0
2018-12-26T12:20:00Z,2589.0
2018-12-26T12:25:00Z,2749.0
2018-12-26T12:30:00Z,2626.0
2018-12-26T12:35:00Z,2540.0
2018-12-26T12:40:00Z,2018.0
2018-12-26T12:45:00Z,2063.0
2018-12-26T12:50:00Z,2267.0
2018-12-26T12:55:00Z,2236.0
2018-12-26T13:00:00Z,4557.0
2018-12-26T13:05:00Z,5749.0
2018-12-26T13:10:00Z,4422.0
2018-12-26T13:15:00Z,4420.0
2018-12-26T13:20:00Z,7035.0
2018-12-26T13:25:00Z,4989.0
2018-12-26T13:30:00Z,3377.0
2018-12-26T13:35:00Z,3456.0
2018-12-26T13:40:00Z,2747.0
2018-12-26T13:45:00Z,2941.0
2018-12-26T13:50:00Z,3106.0
2018-12-26T13:55:00Z,3266.0
2018-12-26T14:00:00Z,4636.0
2018-12-26T14:05:00Z,4901.0
2018-12-26T14:10:00Z,3197.0
2018-12-26T14:15:00Z,2781.0
2018-12-26T14:20:00Z,2806.0
2018-12-26T14:25:00Z,2488.0
2018-12-26T14:30:00Z,3450.0
2018-12-26T14:35:00Z,2817.0
2018-12-26T14:40:00Z,2378.0
2018-12-26T14:45:00Z,2157.0
2018-12-26T14:50:00Z,2066.0
2018-12-26T14:55:00Z,2193.0
2018-12-26T15:00:00Z,3313.0
2018-12-26T15:05:00Z,4714.0
2018-12-26T15:10:00Z,3739.0
2018-12-26T15:15:00Z,3419.0
2018-12-26T15:20:00Z,2483.0
2018-12-26T15:25:00Z,2225.0
2018-12-26T15:30:00Z,2368.0
2018-12-26T15:35:00Z,2587.0
2018-12-26T15:40:00Z,2375.0
2018-12-26T15:45:00Z,2660.0
2018-12-26T15:50:00Z,2992.0
2018-12-26T15:55:00Z,2509.0
2018-12-26T16:00:00Z,4010.0
2018-12-26T16:05:00Z,4572.0
2018-12-26T16:10:00Z,4070.0
2018-12-26T16:15:00Z,3022.0
2018-12-26T16:20:00Z,2452.0
2018-12-26T16:25:00Z,2505.0
2018-12-26T16:30:00Z,2373.0
2018-12-26T16:35:00Z,2727.0
2018-12-26T16:40:00Z,2662.0
2018-12-26T16:45:00Z,2586.0
2018-12-26T16:50:00Z,2586.0
2018-12-26T16:55:00Z,2406.0
2018-12-26T17:00:00Z,3248.0
2018-12-26T17:05:00Z,3747.0
2018-12-26T17:10:00Z,3671.0
2018-12-26T17:15:00Z,3272.0
2018-12-26T17:20:00Z,4148.0
2018-12-26T17:25:00Z,5732.0
2018-12-26T17:30:00Z,3500.0
2018-12-26T17:35:00Z,5526.0
2018-12-26T17:40:00Z,3677.0
2018-12-26T17:45:00Z,2888.0
2018-12-26T17:50:00Z,2698.0
2018-12-26T17:55:00Z,2096.0
2018-12-26T18:00:00Z,3172.0
2018-12-26T18:05:00Z,3414.0
2018-12-26T18:10:00Z,2654.0
2018-12-26T18:15:00Z,2290.0
2018-12-26T18:20:00Z,3824.0
2018-12-26T18:25:00Z,5750.0
2018-12-26T18:30:00Z,3256.0
2018-12-26T18:35:00Z,2900.0
2018-12-26T18:40:00Z,2380.0
2018-12-26T18:45:00Z,2367.0
2018-12-26T18:50:00Z,2534.0
2018-12-26T18:55:00Z,2333.0
2018-12-26T19:00:00Z,2684.0
2018-12-26T19:05:00Z,3128.0
2018-12-26T19:10:00Z,3698.0
2018-12-26T19:15:00Z,3183.0
2018-12-26T19:20:00Z,4015.0
2018-12-26T19:25:00Z,3796.0
2018-12-26T19:30:00Z,3064.0
2018-12-26T19:35:00Z,3292.0
2018-12-26T19:40:00Z,1901.0
2018-12-26T19:45:00Z,2404.0
2018-12-26T19:50:00Z,3682.0
2018-12-26T19:55:00Z,2473.0
2018-12-26T20:00:00Z,3571.0
2018-12-26T20:05:00Z,3156.0
2018-12-26T20:10:00Z,2417.0
2018-12-26T20:15:00Z,2322.0
2018-12-26T20:20:00Z,3254.0
2018-12-26T20:25:00Z,3896.0
2018-12-26T20:30:00Z,2710.0
2018-12-26T20:35:00Z,2502.0
2018-12-26T20:40:00Z,2064.0
2018-12-26T20:45:00Z,2537.0
2018-12-26T20:50:00Z,1867.0
2018-12-26T20:55:00Z,1635.0
2018-12-26T21:00:00Z,2315.0
2018-12-26T21:05:00Z,3253.0
2018-12-26T21:10:00Z,2618.0
2018-12-26T21:15:00Z,2211.0
2018-12-26T21:20:00Z,2463.0
2018-12-26T21:25:00Z,4118.0
2018-12-26T21:30:00Z,2586.0
2018-12-26T21:35:00Z,2673.0
2018-12-26T21:40:00Z,2050.0
2018-12-26T21:45:00Z,1526.0
2018-12-26T21:50:00Z,1862.0
2018-12-26T21:55:00Z,1961.0
2018-12-26T22:00:00Z,2368.0
2018-12-26T22:05:00Z,2272.0
2018-12-26T22:10:00Z,2154.0
2018-12-26T22:15:00Z,1769.0
2018-12-26T22:20:00Z,1474.0
2018-12-26T22:25:00Z,1179.0
2018-12-26T22:30:00Z,1216.0
2018-12-26T22:35:00Z,1425.0
2018-12-26T22:40:00Z,1146.0
2018-12-26T22:45:00Z,1063.0
2018-12-26T22:50:00Z,981.0
2018-12-26T22:55:00Z,1147.0
2018-12-26T23:00:00Z,2040.0
2018-12-26T23:05:00Z,2066.0
2018-12-26T23:10:00Z,1564.0
2018-12-26T23:15:00Z,1217.0
2018-12-26T23:20:00Z,1129.0
2018-12-26T23:25:00Z,1163.0
2018-12-26T23:30:00Z,1371.0
2018-12-26T23:35:00Z,1223.0
2018-12-26T23:40:00Z,1001.0
2018-12-26T23:45:00Z,863.0
2018-12-26T23:50:00Z,957.0
2018-12-26T23:55:00Z,1017.0
2018-12-27T00:00:00Z,1796.0
2018-12-27T00:05:00Z,2182.0
2018-12-27T00:10:00Z,1446.0
2018-12-27T00:15:00Z,1459.0
2018-12-27T00:20:00Z,1661.0
2018-12-27T00:25:00Z,1295.0
2018-12-27T00:30:00Z,1066.0
2018-12-27T00:35:00Z,1114.0
2018-12-27T00:40:00Z,805.0
2018-12-27T00:45:00Z,997.0
2018-12-27T00:50:00Z,1478.0
2018-12-27T00:55:00Z,1491.0
2018-12-27T01:00:00Z,1672.0
2018-12-27T01:05:00Z,3151.0
2018-12-27T01:10:00Z,1713.0
2018-12-27T01:15:00Z,1261.0
2018-12-27T01:20:00Z,1443.0
2018-12-27T01:25:00Z,1036.0
2018-12-27T01:30:00Z,1519.0
2018-12-27T01:35:00Z,2154.0
2018-12-27T01:40:00Z,948.0
2018-12-27T01:45:00Z,886.0
2018-12-27T01:50:00Z,1114.0
2018-12-27T01:55:00Z,926.0
2018-12-27T02:00:00Z,1363.0
2018-12-27T02:05:00Z,1683.0
2018-12-27T02:10:00Z,906.0
2018-12-27T02:15:00Z,902.0
2018-12-27T02:20:00Z,1155.0
2018-12-27T02:25:00Z,1077.0
2018-12-27T02:30:00Z,1107.0
2018-12-27T02:35:00Z,1181.0
2018-12-27T02:40:00Z,1060.0
2018-12-27T02:45:00Z,1053.0
2018-12-27T02:50:00Z,1287.0
2018-12-27T02:55:00Z,2177.0
2018-12-27T03:00:00Z,2494.0
2018-12-27T03:05:00Z,3725.0
2018-12-27T03:10:00Z,11079.0
2018-12-27T03:15:00Z,1211.0
2018-12-27T03:20:00Z,1403.0
2018-12-27T03:25:00Z,1175.0
2018-12-27T03:30:00Z,1329.0
2018-12-27T03:35:00Z,1460.0
2018-12-27T03:40:00Z,1042.0
2018-12-27T03:45:00Z,921.0
2018-12-27T03:50:00Z,674.0
2018-12-27T03:55:00Z,850.0
2018-12-27T04:00:00Z,1435.0
2018-12-27T04:05:00Z,2791.0
2018-12-27T04:10:00Z,995.0
2018-12-27T04:15:00Z,1041.0
2018-12-27T04:20:00Z,1148.0
2018-12-27T04:25:00Z,1204.0
2018-12-27T04:30:00Z,1185.0
2018-12-27T04:35:00Z,1306.0
2018-12-27T04:40:00Z,1286.0
2018-12-27T04:45:00Z,945.0
2018-12-27T04:50:00Z,1251.0
2018-12-27T04:55:00Z,1258.0
2018-12-27T05:00:00Z,1752.0
2018-12-27T05:05:00Z,1802.0
2018-12-27T05:10:00Z,1326.0
2018-12-27T05:15:00Z,1018.0
2018-12-27T05:20:00Z,802.0
2018-12-27T05:25:00Z,756.0
2018-12-27T05:30:00Z,1458.0
2018-12-27T05:35:00Z,1354.0
2018-12-27T05:40:00Z,759.0
2018-12-27T05:45:00Z,960.0
2018-12-27T05:50:00Z,706.0
2018-12-27T05:55:00Z,1229.0
2018-12-27T06:00:00Z,1909.0
2018-12-27T06:05:00Z,2074.0
2018-12-27T06:10:00Z,1027.0
2018-12-27T06:15:00Z,863.0
2018-12-27T06:20:00Z,793.0
2018-12-27T06:25:00Z,906.0
2018-12-27T06:30:00Z,956.0
2018-12-27T06:35:00Z,873.0
2018-12-27T06:40:00Z,661.0
2018-12-27T06:45:00Z,659.0
2018-12-27T06:50:00Z,493.0
2018-12-27T06:55:00Z,603.0
2018-12-27T07:00:00Z,1753.0
2018-12-27T07:05:00Z,2679.0
2018-12-27T07:10:00Z,1420.0
2018-12-27T07:15:00Z,1989.0
2018-12-27T07:20:00Z,1093.0
2018-12-27T07:25:00Z,1291.0
2018-12-27T07:30:00Z,1670.0
2018-12-27T07:35:00Z,1168.0
2018-12-27T07:40:00Z,881.0
2018-12-27T07:45:00Z,1698.0
2018-12-27T07:50:00Z,996.0
2018-12-27T07:55:00Z,744.0
2018-12-27T08:00:00Z,1850.0
2018-12-27T08:05:00Z,1900.0
2018-12-27T08:10:00Z,1561.0
2018-12-27T08:15:00Z,1431.0
2018-12-27T08:20:00Z,1307.0
2018-12-27T08:25:00Z,1332.0
2018-12-27T08:30:00Z,1577.0
2018-12-27T08:35:00Z,995.0
2018-12-27T08:40:00Z,983.0
2018-12-27T08:45:00Z,843.0
2018-12-27T08:50:00Z,1483.0
2018-12-27T08:55:00Z,827.0
2018-12-27T09:00:00Z,1633.0
2018-12-27T09:05:00Z,3592.0
2018-12-27T09:10:00Z,5135.0
2018-12-27T09:15:00Z,3088.0
2018-12-27T09:20:00Z,2536.0
2018-12-27T09:25:00Z,1339.0
2018-12-27T09:30:00Z,1348.0
2018-12-27T09:35:00Z,1195.0
2018-12-27T09:40:00Z,2251.0
2018-12-27T09:45:00Z,1921.0
2018-12-27T09:50:00Z,1604.0
2018-12-27T09:55:00Z,1378.0
2018-12-27T10:00:00Z,4406.0
2018-12-27T10:05:00Z,5511.0
2018-12-27T10:10:00Z,4998.0
2018-12-27T10:15:00Z,3730.0
2018-12-27T10:20:00Z,3018.0
2018-12-27T10:25:00Z,2920.0
2018-12-27T10:30:00Z,3500.0
2018-12-27T10:35:00Z,3409.0
2018-12-27T10:40:00Z,3762.0
2018-12-27T10:45:00Z,3724.0
2018-12-27T10:50:00Z,3197.0
2018-12-27T10:55:00Z,2962.0
2018-12-27T11:00:00Z,4687.0
2018-12-27T11:05:00Z,5411.0
2018-12-27T11:10:00Z,3646.0
2018-12-27T11:15:00Z,3340.0
2018-12-27T11:20:00Z,4267.0
2018-12-27T11:25:00Z,3099.0
2018-12-27T11:30:00Z,3716.0
2018-12-27T11:35:00Z,3278.0
2018-12-27T11:40:00Z,3256.0
2018-12-27T11:45:00Z,2380.0
2018-12-27T11:50:00Z,2277.0
2018-12-27T11:55:00Z,2167.0
2018-12-27T12:00:00Z,3984.0
2018-12-27T12:05:00Z,4562.0
2018-12-27T12:10:00Z,3271.0
2018-12-27T12:15:00Z,3015.0
2018-12-27T12:20:00Z,2754.0
2018-12-27T12:25:00Z,2540.0
2018-12-27T12:30:00Z,2688.0
2018-12-27T12:35:00Z,3001.0
2018-12-27T12:40:00Z,3163.0
2018-12-27T12:45:00Z,2561.0
2018-12-27T12:50:00Z,2854.0
2018-12-27T12:55:00Z,3106.0
2018-12-27T13:00:00Z,4455.0
2018-12-27T13:05:00Z,7464.0
2018-12-27T13:10:00Z,4111.0
2018-12-27T13:15:00Z,4484.0
2018-12-27T13:20:00Z,7134.0
2018-12-27T13:25:00Z,4256.0
2018-12-27T13:30:00Z,3128.0
2018-12-27T13:35:00Z,3637.0
2018-12-27T13:40:00Z,2593.0
2018-12-27T13:45:00Z,3148.0
2018-12-27T13:50:00Z,4093.0
2018-12-27T13:55:00Z,2652.0
2018-12-27T14:00:00Z,4285.0
2018-12-27T14:05:00Z,5946.0
2018-12-27T14:10:00Z,4566.0
2018-12-27T14:15:00Z,3258.0
2018-12-27T14:20:00Z,2782.0
2018-12-27T14:25:00Z,2542.0
2018-12-27T14:30:00Z,3460.0
2018-12-27T14:35:00Z,3180.0
2018-12-27T14:40:00Z,1977.0
2018-12-27T14:45:00Z,2377.0
2018-12-27T14:50:00Z,2773.0
2018-12-27T14:55:00Z,2921.0
2018-12-27T15:00:00Z,5698.0
2018-12-27T15:05:00Z,7678.0
2018-12-27T15:10:00Z,5413.0
2018-12-27T15:15:00Z,3266.0
2018-12-27T15:20:00Z,2898.0
2018-12-27T15:25:00Z,2808.0
2018-12-27T15:30:00Z,3725.0
2018-12-27T15:35:00Z,3557.0
2018-12-27T15:40:00Z,3700.0
2018-12-27T15:45:00Z,3011.0
2018-12-27T15:50:00Z,2620.0
2018-12-27T15:55:00Z,2518.0
2018-12-27T16:00:00Z,4076.0
2018-12-27T16:05:00Z,4480.0
2018-12-27T16:10:00Z,4075.0
2018-12-27T16:15:00Z,3364.0
2018-12-27T16:20:00Z,3097.0
2018-12-27T16:25:00Z,3045.0
2018-12-27T16:30:00Z,3068.0
2018-12-27T16:35:00Z,3059.0
2018-12-27T16:40:00Z,3028.0
2018-12-27T16:45:00Z,3001.0
2018-12-27T16:50:00Z,2702.0
2018-12-27T16:55:00Z,2412.0
2018-12-27T17:00:00Z,3669.0
2018-12-27T17:05:00Z,4455.0
2018-12-27T17:10:00Z,2962.0
2018-12-27T17:15:00Z,3294.0
2018-12-27T17:20:00Z,3117.0
2018-12-27T17:25:00Z,3387.0
2018-12-27T17:30:00Z,3475.0
2018-12-27T17:35:00Z,3999.0
2018-12-27T17:40:00Z,3873.0
2018-12-27T17:45:00Z,3711.0
2018-12-27T17:50:00Z,2875.0
2018-12-27T17:55:00Z,2329.0
2018-12-27T18:00:00Z,3478.0
2018-12-27T18:05:00Z,4152.0
2018-12-27T18:10:00Z,3114.0
2018-12-27T18:15:00Z,2652.0
2018-12-27T18:20:00Z,2587.0
2018-12-27T18:25:00Z,2511.0
2018-12-27T18:30:00Z,2981.0
2018-12-27T18:35:00Z,3958.0
2018-12-27T18:40:00Z,4216.0
2018-12-27T18:45:00Z,4309.0
2018-12-27T18:50:00Z,2759.0
2018-12-27T18:55:00Z,2510.0
2018-12-27T19:00:00Z,3445.0
2018-12-27T19:05:00Z,4545.0
2018-12-27T19:10:00Z,3500.0
2018-12-27T19:15:00Z,2757.0
2018-12-27T19:20:00Z,3776.0
2018-12-27T19:25:00Z,2723.0
2018-12-27T19:30:00Z,3013.0
2018-12-27T19:35:00Z,3539.0
2018-12-27T19:40:00Z,3452.0
2018-12-27T19:45:00Z,3091.0
2018-12-27T19:50:00Z,2243.0
2018-12-27T19:55:00Z,2130.0
2018-12-27T20:00:00Z,3017.0
2018-12-27T20:05:00Z,2928.0
2018-12-27T20:10:00Z,2318.0
2018-12-27T20:15:00Z,2207.0
2018-12-27T20:20:00Z,2086.0
2018-12-27T20:25:00Z,2852.0
2018-12-27T20:30:00Z,3847.0
2018-12-27T20:35:00Z,2579.0
2018-12-27T20:40:00Z,3093.0
2018-12-27T20:45:00Z,3737.0
2018-12-27T20:50:00Z,2729.0
2018-12-27T20:55:00Z,2174.0
2018-12-27T21:00:00Z,2826.0
2018-12-27T21:05:00Z,3367.0
2018-12-27T21:10:00Z,2095.0
2018-12-27T21:15:00Z,2783.0
2018-12-27T21:20:00Z,2642.0
2018-12-27T21:25:00Z,2354.0
2018-12-27T21:30:00Z,2106.0
2018-12-27T21:35:00Z,2261.0
2018-12-27T21:40:00Z,2325.0
2018-12-27T21:45:00Z,2442.0
2018-12-27T21:50:00Z,2040.0
2018-12-27T21:55:00Z,1657.0
2018-12-27T22:00:00Z,2486.0
2018-12-27T22:05:00Z,2942.0
2018-12-27T22:10:00Z,2394.0
2018-12-27T22:15:00Z,1882.0
2018-12-27T22:20:00Z,2150.0
2018-12-27T22:25:00Z,2444.0
2018-12-27T22:30:00Z,2422.0
2018-12-27T22:35:00Z,1905.0
2018-12-27T22:40:00Z,1649.0
2018-12-27T22:45:00Z,1760.0
2018-12-27T22:50:00Z,1681.0
2018-12-27T22:55:00Z,1523.0
2018-12-27T23:00:00Z,1614.0
2018-12-27T23:05:00Z,2584.0
2018-12-27T23:10:00Z,1815.0
2018-12-27T23:15:00Z,1645.0
2018-12-27T23:20:00Z,1747.0
2018-12-27T23:25:00Z,1367.0
2018-12-27T23:30:00Z,1734.0
2018-12-27T23:35:00Z,1630.0
2018-12-27T23:40:00Z,1210.0
2018-12-27T23:45:00Z,1665.0
2018-12-27T23:50:00Z,2029.0
2018-12-27T23:55:00Z,1111.0
2018-12-28T00:00:00Z,1653.0
2018-12-28T00:05:00Z,2599.0
2018-12-28T00:10:00Z,1354.0
2018-12-28T00:15:00Z,1311.0
2018-12-28T00:20:00Z,1944.0
2018-12-28T00:25:00Z,1689.0
2018-12-28T00:30:00Z,1438.0
2018-12-28T00:35:00Z,1406.0
2018-12-28T00:40:00Z,1018.0
2018-12-28T00:45:00Z,1014.0
2018-12-28T00:50:00Z,825.0
2018-12-28T00:55:00Z,892.0
2018-12-28T01:00:00Z,1495.0
2018-12-28T01:05:00Z,1634.0
2018-12-28T01:10:00Z,1084.0
2018-12-28T01:15:00Z,1121.0
2018-12-28T01:20:00Z,892.0
2018-12-28T01:25:00Z,917.0
2018-12-28T01:30:00Z,1388.0
2018-12-28T01:35:00Z,1907.0
2018-12-28T01:40:00Z,855.0
2018-12-28T01:45:00Z,701.0
2018-12-28T01:50:00Z,630.0
2018-12-28T01:55:00Z,607.0
2018-12-28T02:00:00Z,1396.0
2018-12-28T02:05:00Z,1404.0
2018-12-28T02:10:00Z,697.0
2018-12-28T02:15:00Z,825.0
2018-12-28T02:20:00Z,966.0
2018-12-28T02:25:00Z,886.0
2018-12-28T02:30:00Z,1265.0
2018-12-28T02:35:00Z,1030.0
2018-12-28T02:40:00Z,741.0
2018-12-28T02:45:00Z,985.0
2018-12-28T02:50:00Z,2373.0
2018-12-28T02:55:00Z,3441.0
2018-12-28T03:00:00Z,1872.0
2018-12-28T03:05:00Z,3814.0
2018-12-28T03:10:00Z,4991.0
2018-12-28T03:15:00Z,4551.0
2018-12-28T03:20:00Z,620.0
2018-12-28T03:25:00Z,886.0
2018-12-28T03:30:00Z,965.0
2018-12-28T03:35:00Z,1024.0
2018-12-28T03:40:00Z,977.0
2018-12-28T03:45:00Z,973.0
2018-12-28T03:50:00Z,799.0
2018-12-28T03:55:00Z,751.0
2018-12-28T04:00:00Z,1498.0
2018-12-28T04:05:00Z,1506.0
2018-12-28T04:10:00Z,730.0
2018-12-28T04:15:00Z,610.0
2018-12-28T04:20:00Z,604.0
2018-12-28T04:25:00Z,952.0
2018-12-28T04:30:00Z,1006.0
2018-12-28T04:35:00Z,1312.0
2018-12-28T04:40:00Z,699.0
2018-12-28T04:45:00Z,718.0
2018-12-28T04:50:00Z,623.0
2018-12-28T04:55:00Z,770.0
2018-12-28T05:00:00Z,1648.0
2018-12-28T05:05:00Z,1724.0
2018-12-28T05:10:00Z,1152.0
2018-12-28T05:15:00Z,1142.0
2018-12-28T05:20:00Z,901.0
2018-12-28T05:25:00Z,821.0
2018-12-28T05:30:00Z,1753.0
2018-12-28T05:35:00Z,1417.0
2018-12-28T05:40:00Z,676.0
2018-12-28T05:45:00Z,756.0
2018-12-28T05:50:00Z,661.0
2018-12-28T05:55:00Z,1605.0
2018-12-28T06:00:00Z,1950.0
2018-12-28T06:05:00Z,1990.0
2018-12-28T06:10:00Z,813.0
2018-12-28T06:15:00Z,786.0
2018-12-28T06:20:00Z,607.0
2018-12-28T06:25:00Z,747.0
2018-12-28T06:30:00Z,861.0
2018-12-28T06:35:00Z,964.0
2018-12-28T06:40:00Z,611.0
2018-12-28T06:45:00Z,1123.0
2018-12-28T06:50:00Z,809.0
2018-12-28T06:55:00Z,669.0
2018-12-28T07:00:00Z,1715.0
2018-12-28T07:05:00Z,3249.0
2018-12-28T07:10:00Z,2059.0
2018-12-28T07:15:00Z,1999.0
2018-12-28T07:20:00Z,1611.0
2018-12-28T07:25:00Z,1315.0
2018-12-28T07:30:00Z,1373.0
2018-12-28T07:35:00Z,3548.0
2018-12-28T07:40:00Z,2619.0
2018-12-28T07:45:00Z,811.0
2018-12-28T07:50:00Z,638.0
2018-12-28T07:55:00Z,845.0
2018-12-28T08:00:00Z,1920.0
2018-12-28T08:05:00Z,2379.0
2018-12-28T08:10:00Z,1400.0
2018-12-28T08:15:00Z,879.0
2018-12-28T08:20:00Z,968.0
2018-12-28T08:25:00Z,1552.0
2018-12-28T08:30:00Z,984.0
2018-12-28T08:35:00Z,825.0
2018-12-28T08:40:00Z,754.0
2018-12-28T08:45:00Z,803.0
2018-12-28T08:50:00Z,1706.0
2018-12-28T08:55:00Z,1029.0
2018-12-28T09:00:00Z,1396.0
2018-12-28T09:05:00Z,3975.0
2018-12-28T09:10:00Z,5310.0
2018-12-28T09:15:00Z,2663.0
2018-12-28T09:20:00Z,2045.0
2018-12-28T09:25:00Z,1726.0
2018-12-28T09:30:00Z,1348.0
2018-12-28T09:35:00Z,1291.0
2018-12-28T09:40:00Z,2212.0
2018-12-28T09:45:00Z,2185.0
2018-12-28T09:50:00Z,1801.0
2018-12-28T09:55:00Z,1498.0
2018-12-28T10:00:00Z,3255.0
2018-12-28T10:05:00Z,5089.0
2018-12-28T10:10:00Z,3471.0
2018-12-28T10:15:00Z,3537.0
2018-12-28T10:20:00Z,4274.0
2018-12-28T10:25:00Z,2523.0
2018-12-28T10:30:00Z,3248.0
2018-12-28T10:35:00Z,3603.0
2018-12-28T10:40:00Z,3349.0
2018-12-28T10:45:00Z,3698.0
2018-12-28T10:50:00Z,3237.0
2018-12-28T10:55:00Z,2894.0
2018-12-28T11:00:00Z,4937.0
2018-12-28T11:05:00Z,5402.0
2018-12-28T11:10:00Z,3491.0
2018-12-28T11:15:00Z,3345.0
2018-12-28T11:20:00Z,3636.0
2018-12-28T11:25:00Z,2096.0
2018-12-28T11:30:00Z,2130.0
2018-12-28T11:35:00Z,2295.0
2018-12-28T11:40:00Z,1857.0
2018-12-28T11:45:00Z,2003.0
2018-12-28T11:50:00Z,2056.0
2018-12-28T11:55:00Z,1825.0
2018-12-28T12:00:00Z,3566.0
2018-12-28T12:05:00Z,4473.0
2018-12-28T12:10:00Z,3121.0
2018-12-28T12:15:00Z,2744.0
2018-12-28T12:20:00Z,2183.0
2018-12-28T12:25:00Z,2361.0
2018-12-28T12:30:00Z,2281.0
2018-12-28T12:35:00Z,2516.0
2018-12-28T12:40:00Z,2323.0
2018-12-28T12:45:00Z,2084.0
2018-12-28T12:50:00Z,2255.0
2018-12-28T12:55:00Z,2242.0
2018-12-28T13:00:00Z,3885.0
2018-12-28T13:05:00Z,4914.0
2018-12-28T13:10:00Z,4694.0
2018-12-28T13:15:00Z,4118.0
2018-12-28T13:20:00Z,5871.0
2018-12-28T13:25:00Z,4826.0
2018-12-28T13:30:00Z,2776.0
2018-12-28T13:35:00Z,2999.0
2018-12-28T13:40:00Z,2625.0
2018-12-28T13:45:00Z,2206.0
2018-12-28T13:50:00Z,2148.0
2018-12-28T13:55:00Z,1648.0
2018-12-28T14:00:00Z,3173.0
2018-12-28T14:05:00Z,4027.0
2018-12-28T14:10:00Z,2594.0
2018-12-28T14:15:00Z,2343.0
2018-12-28T14:20:00Z,2388.0
2018-12-28T14:25:00Z,2286.0
2018-12-28T14:30:00Z,2592.0
2018-12-28T14:35:00Z,3137.0
2018-12-28T14:40:00Z,2350.0
2018-12-28T14:45:00Z,2185.0
2018-12-28T14:50:00Z,1973.0
2018-12-28T14:55:00Z,2023.0
2018-12-28T15:00:00Z,4309.0
2018-12-28T15:05:00Z,6571.0
2018-12-28T15:10:00Z,3259.0
2018-12-28T15:15:00Z,2512.0
2018-12-28T15:20:00Z,2462.0
2018-12-28T15:25:00Z,2364.0
2018-12-28T15:30:00Z,2661.0
2018-12-28T15:35:00Z,2448.0
2018-12-28T15:40:00Z,2253.0
2018-12-28T15:45:00Z,2247.0
2018-12-28T15:50:00Z,2169.0
2018-12-28T15:55:00Z,2278.0
2018-12-28T16:00:00Z,4077.0
2018-12-28T16:05:00Z,3820.0
2018-12-28T16:10:00Z,2671.0
2018-12-28T16:15:00Z,2793.0
2018-12-28T16:20:00Z,2798.0
2018-12-28T16:25:00Z,2877.0
2018-12-28T16:30:00Z,2499.0
2018-12-28T16:35:00Z,2430.0
2018-12-28T16:40:00Z,2413.0
2018-12-28T16:45:00Z,2325.0
2018-12-28T16:50:00Z,2397.0
2018-12-28T16:55:00Z,2129.0
2018-12-28T17:00:00Z,2885.0
2018-12-28T17:05:00Z,4221.0
2018-12-28T17:10:00Z,3419.0
2018-12-28T17:15:00Z,2762.0
2018-12-28T17:20:00Z,2636.0
2018-12-28T17:25:00Z,2432.0
2018-12-28T17:30:00Z,2551.0
2018-12-28T17:35:00Z,2601.0
2018-12-28T17:40:00Z,2631.0
2018-12-28T17:45:00Z,2364.0
2018-12-28T17:50:00Z,2362.0
2018-12-28T17:55:00Z,2352.0
2018-12-28T18:00:00Z,3474.0
2018-12-28T18:05:00Z,3103.0
2018-12-28T18:10:00Z,2602.0
2018-12-28T18:15:00Z,1790.0
2018-12-28T18:20:00Z,2079.0
2018-12-28T18:25:00Z,1926.0
2018-12-28T18:30:00Z,2214.0
2018-12-28T18:35:00Z,2627.0
2018-12-28T18:40:00Z,2174.0
2018-12-28T18:45:00Z,2653.0
2018-12-28T18:50:00Z,2798.0
2018-12-28T18:55:00Z,2270.0
2018-12-28T19:00:00Z,2654.0
2018-12-28T19:05:00Z,3517.0
2018-12-28T19:10:00Z,2637.0
2018-12-28T19:15:00Z,2188.0
2018-12-28T19:20:00Z,2290.0
2018-12-28T19:25:00Z,2538.0
2018-12-28T19:30:00Z,2773.0
2018-12-28T19:35:00Z,2237.0
2018-12-28T19:40:00Z,1879.0
2018-12-28T19:45:00Z,2285.0
2018-12-28T19:50:00Z,2206.0
2018-12-28T19:55:00Z,2112.0
2018-12-28T20:00:00Z,2039.0
2018-12-28T20:05:00Z,2618.0
2018-12-28T20:10:00Z,2139.0
2018-12-28T20:15:00Z,2048.0
2018-12-28T20:20:00Z,2096.0
2018-12-28T20:25:00Z,1980.0
2018-12-28T20:30:00Z,2233.0
2018-12-28T20:35:00Z,2036.0
2018-12-28T20:40:00Z,2032.0
2018-12-28T20:45:00Z,2872.0
2018-12-28T20:50:00Z,1869.0
2018-12-28T20:55:00Z,1812.0
2018-12-28T21:00:00Z,2282.0
2018-12-28T21:05:00Z,2184.0
2018-12-28T21:10:00Z,1992.0
2018-12-28T21:15:00Z,2088.0
2018-12-28T21:20:00Z,1871.0
2018-12-28T21:25:00Z,1838.0
2018-12-28T21:30:00Z,1592.0
2018-12-28T21:35:00Z,2072.0
2018-12-28T21:40:00Z,1745.0
2018-12-28T21:45:00Z,1999.0
2018-12-28T21:50:00Z,1962.0
2018-12-28T21:55:00Z,1774.0
2018-12-28T22:00:00Z,2233.0
2018-12-28T22:05:00Z,2948.0
2018-12-28T22:10:00Z,2294.0
2018-12-28T22:15:00Z,1789.0
2018-12-28T22:20:00Z,1965.0
2018-12-28T22:25:00Z,2621.0
2018-12-28T22:30:00Z,1927.0
2018-12-28T22:35:00Z,2080.0
2018-12-28T22:40:00Z,1235.0
2018-12-28T22:45:00Z,1164.0
2018-12-28T22:50:00Z,1404.0
2018-12-28T22:55:00Z,1424.0
2018-12-28T23:00:00Z,1635.0
2018-12-28T23:05:00Z,2564.0
2018-12-28T23:10:00Z,1797.0
2018-12-28T23:15:00Z,1417.0
2018-12-28T23:20:00Z,1310.0
2018-12-28T23:25:00Z,1083.0
2018-12-28T23:30:00Z,1329.0
2018-12-28T23:35:00Z,1305.0
2018-12-28T23:40:00Z,1395.0
2018-12-28T23:45:00Z,1907.0
2018-12-28T23:50:00Z,3197.0
2018-12-28T23:55:00Z,1514.0
2018-12-29T00:00:00Z,1807.0
2018-12-29T00:05:00Z,2003.0
2018-12-29T00:10:00Z,1936.0
2018-12-29T00:15:00Z,2006.0
2018-12-29T00:20:00Z,4558.0
2018-12-29T00:25:00Z,2067.0
2018-12-29T00:30:00Z,1528.0
2018-12-29T00:35:00Z,1061.0
2018-12-29T00:40:00Z,959.0
2018-12-29T00:45:00Z,914.0
2018-12-29T00:50:00Z,930.0
2018-12-29T00:55:00Z,965.0
2018-12-29T01:00:00Z,1371.0
2018-12-29T01:05:00Z,1519.0
2018-12-29T01:10:00Z,1194.0
2018-12-29T01:15:00Z,959.0
2018-12-29T01:20:00Z,770.0
2018-12-29T01:25:00Z,774.0
2018-12-29T01:30:00Z,1404.0
2018-12-29T01:35:00Z,1971.0
2018-12-29T01:40:00Z,1029.0
2018-12-29T01:45:00Z,1102.0
2018-12-29T01:50:00Z,934.0
2018-12-29T01:55:00Z,1001.0
2018-12-29T02:00:00Z,1436.0
2018-12-29T02:05:00Z,1326.0
2018-12-29T02:10:00Z,718.0
2018-12-29T02:15:00Z,807.0
2018-12-29T02:20:00Z,645.0
2018-12-29T02:25:00Z,819.0
2018-12-29T02:30:00Z,1073.0
2018-12-29T02:35:00Z,1120.0
2018-12-29T02:40:00Z,725.0
2018-12-29T02:45:00Z,941.0
2018-12-29T02:50:00Z,1597.0
2018-12-29T02:55:00Z,2719.0
2018-12-29T03:00:00Z,2720.0
2018-12-29T03:05:00Z,3306.0
2018-12-29T03:10:00Z,13433.0
2018-12-29T03:15:00Z,8282.0
2018-12-29T03:20:00Z,1226.0
2018-12-29T03:25:00Z,953.0
2018-12-29T03:30:00Z,774.0
2018-12-29T03:35:00Z,793.0
2018-12-29T03:40:00Z,607.0
2018-12-29T03:45:00Z,708.0
2018-12-29T03:50:00Z,517.0
2018-12-29T03:55:00Z,591.0
2018-12-29T04:00:00Z,1142.0
2018-12-29T04:05:00Z,1413.0
2018-12-29T04:10:00Z,967.0
2018-12-29T04:15:00Z,890.0
2018-12-29T04:20:00Z,696.0
2018-12-29T04:25:00Z,703.0
2018-12-29T04:30:00Z,879.0
2018-12-29T04:35:00Z,1005.0
2018-12-29T04:40:00Z,582.0
2018-12-29T04:45:00Z,504.0
2018-12-29T04:50:00Z,736.0
2018-12-29T04:55:00Z,1287.0
2018-12-29T05:00:00Z,1391.0
2018-12-29T05:05:00Z,1409.0
2018-12-29T05:10:00Z,803.0
2018-12-29T05:15:00Z,728.0
2018-12-29T05:20:00Z,707.0
2018-12-29T05:25:00Z,627.0
2018-12-29T05:30:00Z,1467.0
2018-12-29T05:35:00Z,1194.0
2018-12-29T05:40:00Z,712.0
2018-12-29T05:45:00Z,791.0
2018-12-29T05:50:00Z,660.0
2018-12-29T05:55:00Z,1370.0
2018-12-29T06:00:00Z,1571.0
2018-12-29T06:05:00Z,1801.0
2018-12-29T06:10:00Z,757.0
2018-12-29T06:15:00Z,791.0
2018-12-29T06:20:00Z,719.0
2018-12-29T06:25:00Z,641.0
2018-12-29T06:30:00Z,618.0
2018-12-29T06:35:00Z,1778.0
2018-12-29T06:40:00Z,499.0
2018-12-29T06:45:00Z,621.0
2018-12-29T06:50:00Z,517.0
2018-12-29T06:55:00Z,516.0
2018-12-29T07:00:00Z,1464.0
2018-12-29T07:05:00Z,2601.0
2018-12-29T07:10:00Z,921.0
2018-12-29T07:15:00Z,1124.0
2018-12-29T07:20:00Z,767.0
2018-12-29T07:25:00Z,721.0
2018-12-29T07:30:00Z,979.0
2018-12-29T07:35:00Z,2331.0
2018-12-29T07:40:00Z,520.0
2018-12-29T07:45:00Z,589.0
2018-12-29T07:50:00Z,516.0
2018-12-29T07:55:00Z,557.0
2018-12-29T08:00:00Z,966.0
2018-12-29T08:05:00Z,1998.0
2018-12-29T08:10:00Z,1115.0
2018-12-29T08:15:00Z,814.0
2018-12-29T08:20:00Z,797.0
2018-12-29T08:25:00Z,1125.0
2018-12-29T08:30:00Z,825.0
2018-12-29T08:35:00Z,761.0
2018-12-29T08:40:00Z,641.0
2018-12-29T08:45:00Z,628.0
2018-12-29T08:50:00Z,1315.0
2018-12-29T08:55:00Z,737.0
2018-12-29T09:00:00Z,1440.0
2018-12-29T09:05:00Z,3371.0
2018-12-29T09:10:00Z,4213.0
2018-12-29T09:15:00Z,1510.0
2018-12-29T09:20:00Z,1794.0
2018-12-29T09:25:00Z,1323.0
2018-12-29T09:30:00Z,1300.0
2018-12-29T09:35:00Z,1105.0
2018-12-29T09:40:00Z,2065.0
2018-12-29T09:45:00Z,2003.0
2018-12-29T09:50:00Z,1493.0
2018-12-29T09:55:00Z,1402.0
2018-12-29T10:00:00Z,2914.0
2018-12-29T10:05:00Z,3499.0
2018-12-29T10:10:00Z,2370.0
2018-12-29T10:15:00Z,2465.0
2018-12-29T10:20:00Z,2586.0
2018-12-29T10:25:00Z,2415.0
2018-12-29T10:30:00Z,2068.0
2018-12-29T10:35:00Z,2545.0
2018-12-29T10:40:00Z,2815.0
2018-12-29T10:45:00Z,3082.0
2018-12-29T10:50:00Z,2531.0
2018-12-29T10:55:00Z,2052.0
2018-12-29T11:00:00Z,3329.0
2018-12-29T11:05:00Z,3940.0
2018-12-29T11:10:00Z,2091.0
2018-12-29T11:15:00Z,2159.0
2018-12-29T11:20:00Z,2744.0
2018-12-29T11:25:00Z,1883.0
2018-12-29T11:30:00Z,1790.0
2018-12-29T11:35:00Z,1604.0
2018-12-29T11:40:00Z,1112.0
2018-12-29T11:45:00Z,1311.0
2018-12-29T11:50:00Z,1360.0
2018-12-29T11:55:00Z,1166.0
2018-12-29T12:00:00Z,1982.0
2018-12-29T12:05:00Z,2709.0
2018-12-29T12:10:00Z,1744.0
2018-12-29T12:15:00Z,1672.0
2018-12-29T12:20:00Z,1866.0
2018-12-29T12:25:00Z,1422.0
2018-12-29T12:30:00Z,1800.0
2018-12-29T12:35:00Z,3124.0
2018-12-29T12:40:00Z,1785.0
2018-12-29T12:45:00Z,1572.0
2018-12-29T12:50:00Z,1853.0
2018-12-29T12:55:00Z,1645.0
2018-12-29T13:00:00Z,2015.0
2018-12-29T13:05:00Z,4180.0
2018-12-29T13:10:00Z,2768.0
2018-12-29T13:15:00Z,2377.0
2018-12-29T13:20:00Z,3687.0
2018-12-29T13:25:00Z,3478.0
2018-12-29T13:30:00Z,3102.0
2018-12-29T13:35:00Z,2271.0
2018-12-29T13:40:00Z,1064.0
2018-12-29T13:45:00Z,798.0
2018-12-29T13:50:00Z,886.0
2018-12-29T13:55:00Z,978.0
2018-12-29T14:00:00Z,1488.0
2018-12-29T14:05:00Z,2226.0
2018-12-29T14:10:00Z,1311.0
2018-12-29T14:15:00Z,1334.0
2018-12-29T14:20:00Z,1189.0
2018-12-29T14:25:00Z,1575.0
2018-12-29T14:30:00Z,1558.0
2018-12-29T14:35:00Z,1269.0
2018-12-29T14:40:00Z,1042.0
2018-12-29T14:45:00Z,993.0
2018-12-29T14:50:00Z,926.0
2018-12-29T14:55:00Z,888.0
2018-12-29T15:00:00Z,1351.0
2018-12-29T15:05:00Z,2528.0
2018-12-29T15:10:00Z,1767.0
2018-12-29T15:15:00Z,1570.0
2018-12-29T15:20:00Z,1490.0
2018-12-29T15:25:00Z,1436.0
2018-12-29T15:30:00Z,1248.0
2018-12-29T15:35:00Z,1282.0
2018-12-29T15:40:00Z,1183.0
2018-12-29T15:45:00Z,958.0
2018-12-29T15:50:00Z,1249.0
2018-12-29T15:55:00Z,1128.0
2018-12-29T16:00:00Z,1714.0
2018-12-29T16:05:00Z,2308.0
2018-12-29T16:10:00Z,1321.0
2018-12-29T16:15:00Z,1369.0
2018-12-29T16:20:00Z,1258.0
2018-12-29T16:25:00Z,1096.0
2018-12-29T16:30:00Z,1057.0
2018-12-29T16:35:00Z,1196.0
2018-12-29T16:40:00Z,1025.0
2018-12-29T16:45:00Z,1042.0
2018-12-29T16:50:00Z,936.0
2018-12-29T16:55:00Z,836.0
2018-12-29T17:00:00Z,1082.0
2018-12-29T17:05:00Z,1609.0
2018-12-29T17:10:00Z,1243.0
2018-12-29T17:15:00Z,1141.0
2018-12-29T17:20:00Z,1033.0
2018-12-29T17:25:00Z,832.0
2018-12-29T17:30:00Z,934.0
2018-12-29T17:35:00Z,1169.0
2018-12-29T17:40:00Z,964.0
2018-12-29T17:45:00Z,885.0
2018-12-29T17:50:00Z,1105.0
2018-12-29T17:55:00Z,1232.0
2018-12-29T18:00:00Z,1476.0
2018-12-29T18:05:00Z,2275.0
2018-12-29T18:10:00Z,1379.0
2018-12-29T18:15:00Z,1125.0
2018-12-29T18:20:00Z,894.0
2018-12-29T18:25:00Z,834.0
2018-12-29T18:30:00Z,1873.0
2018-12-29T18:35:00Z,1694.0
2018-12-29T18:40:00Z,921.0
2018-12-29T18:45:00Z,1133.0
2018-12-29T18:50:00Z,907.0
2018-12-29T18:55:00Z,795.0
2018-12-29T19:00:00Z,972.0
2018-12-29T19:05:00Z,1699.0
2018-12-29T19:10:00Z,1312.0
2018-12-29T19:15:00Z,1036.0
2018-12-29T19:20:00Z,791.0
2018-12-29T19:25:00Z,818.0
2018-12-29T19:30:00Z,1098.0
2018-12-29T19:35:00Z,934.0
2018-12-29T19:40:00Z,883.0
2018-12-29T19:45:00Z,921.0
2018-12-29T19:50:00Z,807.0
2018-12-29T19:55:00Z,845.0
2018-12-29T20:00:00Z,1021.0
2018-12-29T20:05:00Z,1563.0
2018-12-29T20:10:00Z,927.0
2018-12-29T20:15:00Z,882.0
2018-12-29T20:20:00Z,853.0
2018-12-29T20:25:00Z,884.0
2018-12-29T20:30:00Z,847.0
2018-12-29T20:35:00Z,1009.0
2018-12-29T20:40:00Z,901.0
2018-12-29T20:45:00Z,877.0
2018-12-29T20:50:00Z,651.0
2018-12-29T20:55:00Z,974.0
2018-12-29T21:00:00Z,891.0
2018-12-29T21:05:00Z,1798.0
2018-12-29T21:10:00Z,1421.0
2018-12-29T21:15:00Z,1233.0
2018-12-29T21:20:00Z,922.0
2018-12-29T21:25:00Z,1184.0
2018-12-29T21:30:00Z,1137.0
2018-12-29T21:35:00Z,811.0
2018-12-29T21:40:00Z,719.0
2018-12-29T21:45:00Z,801.0
2018-12-29T21:50:00Z,729.0
2018-12-29T21:55:00Z,862.0
2018-12-29T22:00:00Z,1065.0
2018-12-29T22:05:00Z,1156.0
2018-12-29T22:10:00Z,845.0
2018-12-29T22:15:00Z,757.0
2018-12-29T22:20:00Z,914.0
2018-12-29T22:25:00Z,895.0
2018-12-29T22:30:00Z,780.0
2018-12-29T22:35:00Z,713.0
2018-12-29T22:40:00Z,664.0
2018-12-29T22:45:00Z,739.0
2018-12-29T22:50:00Z,587.0
2018-12-29T22:55:00Z,769.0
2018-12-29T23:00:00Z,878.0
2018-12-29T23:05:00Z,1351.0
2018-12-29T23:10:00Z,1110.0
2018-12-29T23:15:00Z,1299.0
2018-12-29T23:20:00Z,634.0
2018-12-29T23:25:00Z,591.0
2018-12-29T23:30:00Z,612.0
2018-12-29T23:35:00Z,719.0
2018-12-29T23:40:00Z,713.0
2018-12-29T23:45:00Z,714.0
2018-12-29T23:50:00Z,778.0
2018-12-29T23:55:00Z,640.0
2018-12-30T00:00:00Z,1142.0
2018-12-30T00:05:00Z,1442.0
2018-12-30T00:10:00Z,828.0
2018-12-30T00:15:00Z,693.0
2018-12-30T00:20:00Z,1327.0
2018-12-30T00:25:00Z,1121.0
2018-12-30T00:30:00Z,701.0
2018-12-30T00:35:00Z,1033.0
2018-12-30T00:40:00Z,732.0
2018-12-30T00:45:00Z,837.0
2018-12-30T00:50:00Z,799.0
2018-12-30T00:55:00Z,697.0
2018-12-30T01:00:00Z,1010.0
2018-12-30T01:05:00Z,1430.0
2018-12-30T01:10:00Z,873.0
2018-12-30T01:15:00Z,787.0
2018-12-30T01:20:00Z,801.0
2018-12-30T01:25:00Z,701.0
2018-12-30T01:30:00Z,837.0
2018-12-30T01:35:00Z,1389.0
2018-12-30T01:40:00Z,629.0
2018-12-30T01:45:00Z,525.0
2018-12-30T01:50:00Z,734.0
2018-12-30T01:55:00Z,585.0
2018-12-30T02:00:00Z,1353.0
2018-12-30T02:05:00Z,1390.0
2018-12-30T02:10:00Z,871.0
2018-12-30T02:15:00Z,1082.0
2018-12-30T02:20:00Z,1058.0
2018-12-30T02:25:00Z,646.0
2018-12-30T02:30:00Z,1065.0
2018-12-30T02:35:00Z,1095.0
2018-12-30T02:40:00Z,845.0
2018-12-30T02:45:00Z,765.0
2018-12-30T02:50:00Z,688.0
2018-12-30T02:55:00Z,643.0
2018-12-30T03:00:00Z,1052.0
2018-12-30T03:05:00Z,1637.0
2018-12-30T03:10:00Z,5376.0
2018-12-30T03:15:00Z,6857.0
2018-12-30T03:20:00Z,870.0
2018-12-30T03:25:00Z,955.0
2018-12-30T03:30:00Z,1222.0
2018-12-30T03:35:00Z,1230.0
2018-12-30T03:40:00Z,758.0
2018-12-30T03:45:00Z,494.0
2018-12-30T03:50:00Z,556.0
2018-12-30T03:55:00Z,602.0
2018-12-30T04:00:00Z,895.0
2018-12-30T04:05:00Z,1623.0
2018-12-30T04:10:00Z,840.0
2018-12-30T04:15:00Z,787.0
2018-12-30T04:20:00Z,565.0
2018-12-30T04:25:00Z,642.0
2018-12-30T04:30:00Z,582.0
2018-12-30T04:35:00Z,845.0
2018-12-30T04:40:00Z,486.0
2018-12-30T04:45:00Z,502.0
2018-12-30T04:50:00Z,644.0
2018-12-30T04:55:00Z,481.0
2018-12-30T05:00:00Z,1257.0
2018-12-30T05:05:00Z,1353.0
2018-12-30T05:10:00Z,697.0
2018-12-30T05:15:00Z,751.0
2018-12-30T05:20:00Z,712.0
2018-12-30T05:25:00Z,648.0
2018-12-30T05:30:00Z,1221.0
2018-12-30T05:35:00Z,1157.0
2018-12-30T05:40:00Z,617.0
2018-12-30T05:45:00Z,978.0
2018-12-30T05:50:00Z,668.0
2018-12-30T05:55:00Z,1407.0
2018-12-30T06:00:00Z,1435.0
2018-12-30T06:05:00Z,2140.0
2018-12-30T06:10:00Z,714.0
2018-12-30T06:15:00Z,917.0
2018-12-30T06:20:00Z,1274.0
2018-12-30T06:25:00Z,881.0
2018-12-30T06:30:00Z,715.0
2018-12-30T06:35:00Z,824.0
2018-12-30T06:40:00Z,870.0
2018-12-30T06:45:00Z,515.0
2018-12-30T06:50:00Z,489.0
2018-12-30T06:55:00Z,557.0
2018-12-30T07:00:00Z,1305.0
2018-12-30T07:05:00Z,3085.0
2018-12-30T07:10:00Z,2132.0
2018-12-30T07:15:00Z,1151.0
2018-12-30T07:20:00Z,764.0
2018-12-30T07:25:00Z,1549.0
2018-12-30T07:30:00Z,2043.0
2018-12-30T07:35:00Z,1498.0
2018-12-30T07:40:00Z,787.0
2018-12-30T07:45:00Z,594.0
2018-12-30T07:50:00Z,728.0
2018-12-30T07:55:00Z,495.0
2018-12-30T08:00:00Z,989.0
2018-12-30T08:05:00Z,1347.0
2018-12-30T08:10:00Z,1501.0
2018-12-30T08:15:00Z,920.0
2018-12-30T08:20:00Z,772.0
2018-12-30T08:25:00Z,680.0
2018-12-30T08:30:00Z,620.0
2018-12-30T08:35:00Z,913.0
2018-12-30T08:40:00Z,528.0
2018-12-30T08:45:00Z,757.0
2018-12-30T08:50:00Z,1681.0
2018-12-30T08:55:00Z,820.0
2018-12-30T09:00:00Z,1308.0
2018-12-30T09:05:00Z,2288.0
2018-12-30T09:10:00Z,3142.0
2018-12-30T09:15:00Z,1876.0
2018-12-30T09:20:00Z,2025.0
2018-12-30T09:25:00Z,1024.0
2018-12-30T09:30:00Z,1063.0
2018-12-30T09:35:00Z,1185.0
2018-12-30T09:40:00Z,2030.0
2018-12-30T09:45:00Z,1857.0
2018-12-30T09:50:00Z,1582.0
2018-12-30T09:55:00Z,1355.0
2018-12-30T10:00:00Z,2059.0
2018-12-30T10:05:00Z,2210.0
2018-12-30T10:10:00Z,1878.0
2018-12-30T10:15:00Z,2081.0
2018-12-30T10:20:00Z,1830.0
2018-12-30T10:25:00Z,1664.0
2018-12-30T10:30:00Z,1363.0
2018-12-30T10:35:00Z,1549.0
2018-12-30T10:40:00Z,2255.0
2018-12-30T10:45:00Z,3807.0
2018-12-30T10:50:00Z,2100.0
2018-12-30T10:55:00Z,2088.0
2018-12-30T11:00:00Z,3324.0
2018-12-30T11:05:00Z,3321.0
2018-12-30T11:10:00Z,1546.0
2018-12-30T11:15:00Z,1573.0
2018-12-30T11:20:00Z,2064.0
2018-12-30T11:25:00Z,1196.0
2018-12-30T11:30:00Z,1289.0
2018-12-30T11:35:00Z,1020.0
2018-12-30T11:40:00Z,1242.0
2018-12-30T11:45:00Z,1259.0
2018-12-30T11:50:00Z,1056.0
2018-12-30T11:55:00Z,964.0
2018-12-30T12:00:00Z,1780.0
2018-12-30T12:05:00Z,1656.0
2018-12-30T12:10:00Z,1092.0
2018-12-30T12:15:00Z,952.0
2018-12-30T12:20:00Z,851.0
2018-12-30T12:25:00Z,738.0
2018-12-30T12:30:00Z,909.0
2018-12-30T12:35:00Z,745.0
2018-12-30T12:40:00Z,823.0
2018-12-30T12:45:00Z,726.0
2018-12-30T12:50:00Z,741.0
2018-12-30T12:55:00Z,1037.0
2018-12-30T13:00:00Z,1485.0
2018-12-30T13:05:00Z,1944.0
2018-12-30T13:10:00Z,1128.0
2018-12-30T13:15:00Z,1445.0
2018-12-30T13:20:00Z,2226.0
2018-12-30T13:25:00Z,2413.0
2018-12-30T13:30:00Z,3450.0
2018-12-30T13:35:00Z,2614.0
2018-12-30T13:40:00Z,873.0
2018-12-30T13:45:00Z,794.0
2018-12-30T13:50:00Z,840.0
2018-12-30T13:55:00Z,792.0
2018-12-30T14:00:00Z,1710.0
2018-12-30T14:05:00Z,1658.0
2018-12-30T14:10:00Z,1185.0
2018-12-30T14:15:00Z,1107.0
2018-12-30T14:20:00Z,982.0
2018-12-30T14:25:00Z,955.0
2018-12-30T14:30:00Z,934.0
2018-12-30T14:35:00Z,1073.0
2018-12-30T14:40:00Z,890.0
2018-12-30T14:45:00Z,852.0
2018-12-30T14:50:00Z,880.0
2018-12-30T14:55:00Z,989.0
2018-12-30T15:00:00Z,1419.0
2018-12-30T15:05:00Z,2291.0
2018-12-30T15:10:00Z,1832.0
2018-12-30T15:15:00Z,1451.0
2018-12-30T15:20:00Z,1396.0
2018-12-30T15:25:00Z,1419.0
2018-12-30T15:30:00Z,1127.0
2018-12-30T15:35:00Z,1091.0
2018-12-30T15:40:00Z,1154.0
2018-12-30T15:45:00Z,1069.0
2018-12-30T15:50:00Z,961.0
2018-12-30T15:55:00Z,1022.0
2018-12-30T16:00:00Z,1531.0
2018-12-30T16:05:00Z,2298.0
2018-12-30T16:10:00Z,1410.0
2018-12-30T16:15:00Z,1401.0
2018-12-30T16:20:00Z,1207.0
2018-12-30T16:25:00Z,1190.0
2018-12-30T16:30:00Z,1110.0
2018-12-30T16:35:00Z,975.0
2018-12-30T16:40:00Z,887.0
2018-12-30T16:45:00Z,853.0
2018-12-30T16:50:00Z,1021.0
2018-12-30T16:55:00Z,937.0
2018-12-30T17:00:00Z,1334.0
2018-12-30T17:05:00Z,1650.0
2018-12-30T17:10:00Z,1428.0
2018-12-30T17:15:00Z,1572.0
2018-12-30T17:20:00Z,1088.0
2018-12-30T17:25:00Z,954.0
2018-12-30T17:30:00Z,1186.0
2018-12-30T17:35:00Z,1180.0
2018-12-30T17:40:00Z,873.0
2018-12-30T17:45:00Z,965.0
2018-12-30T17:50:00Z,944.0
2018-12-30T17:55:00Z,909.0
2018-12-30T18:00:00Z,1130.0
2018-12-30T18:05:00Z,1203.0
2018-12-30T18:10:00Z,974.0
2018-12-30T18:15:00Z,1104.0
2018-12-30T18:20:00Z,1010.0
2018-12-30T18:25:00Z,779.0
2018-12-30T18:30:00Z,914.0
2018-12-30T18:35:00Z,1243.0
2018-12-30T18:40:00Z,956.0
2018-12-30T18:45:00Z,1066.0
2018-12-30T18:50:00Z,850.0
2018-12-30T18:55:00Z,811.0
2018-12-30T19:00:00Z,1290.0
2018-12-30T19:05:00Z,1284.0
2018-12-30T19:10:00Z,1374.0
2018-12-30T19:15:00Z,864.0
2018-12-30T19:20:00Z,924.0
2018-12-30T19:25:00Z,766.0
2018-12-30T19:30:00Z,1013.0
2018-12-30T19:35:00Z,1232.0
2018-12-30T19:40:00Z,851.0
2018-12-30T19:45:00Z,873.0
2018-12-30T19:50:00Z,823.0
2018-12-30T19:55:00Z,916.0
2018-12-30T20:00:00Z,1134.0
2018-12-30T20:05:00Z,1497.0
2018-12-30T20:10:00Z,908.0
2018-12-30T20:15:00Z,1099.0
2018-12-30T20:20:00Z,1290.0
2018-12-30T20:25:00Z,874.0
2018-12-30T20:30:00Z,878.0
2018-12-30T20:35:00Z,954.0
2018-12-30T20:40:00Z,782.0
2018-12-30T20:45:00Z,663.0
2018-12-30T20:50:00Z,676.0
2018-12-30T20:55:00Z,654.0
2018-12-30T21:00:00Z,819.0
2018-12-30T21:05:00Z,1083.0
2018-12-30T21:10:00Z,726.0
2018-12-30T21:15:00Z,806.0
2018-12-30T21:20:00Z,988.0
2018-12-30T21:25:00Z,873.0
2018-12-30T21:30:00Z,949.0
2018-12-30T21:35:00Z,1349.0
2018-12-30T21:40:00Z,933.0
2018-12-30T21:45:00Z,764.0
2018-12-30T21:50:00Z,1070.0
2018-12-30T21:55:00Z,1003.0
2018-12-30T22:00:00Z,1070.0
2018-12-30T22:05:00Z,1116.0
2018-12-30T22:10:00Z,959.0
2018-12-30T22:15:00Z,691.0
2018-12-30T22:20:00Z,965.0
2018-12-30T22:25:00Z,971.0
2018-12-30T22:30:00Z,773.0
2018-12-30T22:35:00Z,881.0
2018-12-30T22:40:00Z,701.0
2018-12-30T22:45:00Z,635.0
2018-12-30T22:50:00Z,659.0
2018-12-30T22:55:00Z,751.0
2018-12-30T23:00:00Z,987.0
2018-12-30T23:05:00Z,1216.0
2018-12-30T23:10:00Z,855.0
2018-12-30T23:15:00Z,1290.0
2018-12-30T23:20:00Z,891.0
2018-12-30T23:25:00Z,703.0
2018-12-30T23:30:00Z,744.0
2018-12-30T23:35:00Z,792.0
2018-12-30T23:40:00Z,666.0
2018-12-30T23:45:00Z,710.0
2018-12-30T23:50:00Z,656.0
2018-12-30T23:55:00Z,676.0
2018-12-31T00:00:00Z,1233.0
2018-12-31T00:05:00Z,1419.0
2018-12-31T00:10:00Z,1008.0
2018-12-31T00:15:00Z,1252.0
2018-12-31T00:20:00Z,1179.0
2018-12-31T00:25:00Z,1309.0
2018-12-31T00:30:00Z,948.0
2018-12-31T00:35:00Z,795.0
2018-12-31T00:40:00Z,472.0
2018-12-31T00:45:00Z,699.0
2018-12-31T00:50:00Z,603.0
2018-12-31T00:55:00Z,636.0
2018-12-31T01:00:00Z,928.0
2018-12-31T01:05:00Z,1488.0
2018-12-31T01:10:00Z,767.0
2018-12-31T01:15:00Z,632.0
2018-12-31T01:20:00Z,711.0
2018-12-31T01:25:00Z,806.0
2018-12-31T01:30:00Z,810.0
2018-12-31T01:35:00Z,1096.0
2018-12-31T01:40:00Z,743.0
2018-12-31T01:45:00Z,802.0
2018-12-31T01:50:00Z,593.0
2018-12-31T01:55:00Z,667.0
2018-12-31T02:00:00Z,1221.0
2018-12-31T02:05:00Z,1615.0
2018-12-31T02:10:00Z,790.0
2018-12-31T02:15:00Z,801.0
2018-12-31T02:20:00Z,1038.0
2018-12-31T02:25:00Z,885.0
2018-12-31T02:30:00Z,907.0
2018-12-31T02:35:00Z,1062.0
2018-12-31T02:40:00Z,872.0
2018-12-31T02:45:00Z,667.0
2018-12-31T02:50:00Z,603.0
2018-12-31T02:55:00Z,697.0
2018-12-31T03:00:00Z,1024.0
2018-12-31T03:05:00Z,1001.0
2018-12-31T03:10:00Z,5175.0
2018-12-31T03:15:00Z,6690.0
2018-12-31T03:20:00Z,668.0
2018-12-31T03:25:00Z,580.0
2018-12-31T03:30:00Z,927.0
2018-12-31T03:35:00Z,718.0
2018-12-31T03:40:00Z,646.0
2018-12-31T03:45:00Z,531.0
2018-12-31T03:50:00Z,588.0
2018-12-31T03:55:00Z,673.0
2018-12-31T04:00:00Z,859.0
2018-12-31T04:05:00Z,1772.0
2018-12-31T04:10:00Z,593.0
2018-12-31T04:15:00Z,715.0
2018-12-31T04:20:00Z,648.0
2018-12-31T04:25:00Z,606.0
2018-12-31T04:30:00Z,817.0
2018-12-31T04:35:00Z,1159.0
2018-12-31T04:40:00Z,873.0
2018-12-31T04:45:00Z,697.0
2018-12-31T04:50:00Z,554.0
2018-12-31T04:55:00Z,682.0
2018-12-31T05:00:00Z,1228.0
2018-12-31T05:05:00Z,1872.0
2018-12-31T05:10:00Z,1207.0
2018-12-31T05:15:00Z,990.0
2018-12-31T05:20:00Z,967.0
2018-12-31T05:25:00Z,876.0
2018-12-31T05:30:00Z,1437.0
2018-12-31T05:35:00Z,1114.0
2018-12-31T05:40:00Z,695.0
2018-12-31T05:45:00Z,593.0
2018-12-31T05:50:00Z,504.0
2018-12-31T05:55:00Z,1284.0
2018-12-31T06:00:00Z,2011.0
2018-12-31T06:05:00Z,1791.0
2018-12-31T06:10:00Z,781.0
2018-12-31T06:15:00Z,787.0
2018-12-31T06:20:00Z,1241.0
2018-12-31T06:25:00Z,802.0
2018-12-31T06:30:00Z,774.0
2018-12-31T06:35:00Z,1104.0
2018-12-31T06:40:00Z,502.0
2018-12-31T06:45:00Z,491.0
2018-12-31T06:50:00Z,523.0
2018-12-31T06:55:00Z,591.0
2018-12-31T07:00:00Z,1518.0
2018-12-31T07:05:00Z,2602.0
2018-12-31T07:10:00Z,1900.0
2018-12-31T07:15:00Z,1598.0
2018-12-31T07:20:00Z,1286.0
2018-12-31T07:25:00Z,876.0
2018-12-31T07:30:00Z,831.0
2018-12-31T07:35:00Z,853.0
2018-12-31T07:40:00Z,663.0
2018-12-31T07:45:00Z,680.0
2018-12-31T07:50:00Z,654.0
2018-12-31T07:55:00Z,675.0
2018-12-31T08:00:00Z,1732.0
2018-12-31T08:05:00Z,2035.0
2018-12-31T08:10:00Z,2319.0
2018-12-31T08:15:00Z,3791.0
2018-12-31T08:20:00Z,3457.0
2018-12-31T08:25:00Z,3635.0
2018-12-31T08:30:00Z,3673.0
2018-12-31T08:35:00Z,1763.0
2018-12-31T08:40:00Z,770.0
2018-12-31T08:45:00Z,819.0
2018-12-31T08:50:00Z,1488.0
2018-12-31T08:55:00Z,1376.0
2018-12-31T09:00:00Z,2532.0
2018-12-31T09:05:00Z,3781.0
2018-12-31T09:10:00Z,4224.0
2018-12-31T09:15:00Z,4191.0
2018-12-31T09:20:00Z,3375.0
2018-12-31T09:25:00Z,1722.0
2018-12-31T09:30:00Z,1672.0
2018-12-31T09:35:00Z,1447.0
2018-12-31T09:40:00Z,2358.0
2018-12-31T09:45:00Z,2457.0
2018-12-31T09:50:00Z,1845.0
2018-12-31T09:55:00Z,1520.0
2018-12-31T10:00:00Z,3663.0
2018-12-31T10:05:00Z,11201.0
2018-12-31T10:10:00Z,3841.0
2018-12-31T10:15:00Z,3189.0
2018-12-31T10:20:00Z,2882.0
2018-12-31T10:25:00Z,2614.0
2018-12-31T10:30:00Z,2497.0
2018-12-31T10:35:00Z,3449.0
2018-12-31T10:40:00Z,3122.0
2018-12-31T10:45:00Z,3466.0
2018-12-31T10:50:00Z,3326.0
2018-12-31T10:55:00Z,2736.0
2018-12-31T11:00:00Z,5042.0
2018-12-31T11:05:00Z,6404.0
2018-12-31T11:10:00Z,3303.0
2018-12-31T11:15:00Z,3073.0
2018-12-31T11:20:00Z,2883.0
2018-12-31T11:25:00Z,2615.0
2018-12-31T11:30:00Z,3409.0
2018-12-31T11:35:00Z,3188.0
2018-12-31T11:40:00Z,2348.0
2018-12-31T11:45:00Z,2623.0
2018-12-31T11:50:00Z,1900.0
2018-12-31T11:55:00Z,2156.0
2018-12-31T12:00:00Z,4403.0
2018-12-31T12:05:00Z,4572.0
2018-12-31T12:10:00Z,2802.0
2018-12-31T12:15:00Z,2121.0
2018-12-31T12:20:00Z,1949.0
2018-12-31T12:25:00Z,1826.0
2018-12-31T12:30:00Z,1838.0
2018-12-31T12:35:00Z,2893.0
2018-12-31T12:40:00Z,2167.0
2018-12-31T12:45:00Z,1998.0
2018-12-31T12:50:00Z,1975.0
2018-12-31T12:55:00Z,2414.0
2018-12-31T13:00:00Z,4060.0
2018-12-31T13:05:00Z,5253.0
2018-12-31T13:10:00Z,4548.0
2018-12-31T13:15:00Z,3320.0
2018-12-31T13:20:00Z,4075.0
2018-12-31T13:25:00Z,4031.0
2018-12-31T13:30:00Z,4781.0
2018-12-31T13:35:00Z,2388.0
2018-12-31T13:40:00Z,1971.0
2018-12-31T13:45:00Z,2042.0
2018-12-31T13:50:00Z,1656.0
2018-12-31T13:55:00Z,1776.0
2018-12-31T14:00:00Z,4621.0
2018-12-31T14:05:00Z,5074.0
2018-12-31T14:10:00Z,2566.0
2018-12-31T14:15:00Z,3805.0
2018-12-31T14:20:00Z,3147.0
2018-12-31T14:25:00Z,1511.0
2018-12-31T14:30:00Z,2578.0
2018-12-31T14:35:00Z,3064.0
2018-12-31T14:40:00Z,1942.0
2018-12-31T14:45:00Z,2127.0
2018-12-31T14:50:00Z,2438.0
2018-12-31T14:55:00Z,2006.0
2018-12-31T15:00:00Z,5732.0
2018-12-31T15:05:00Z,6584.0
2018-12-31T15:10:00Z,3886.0
2018-12-31T15:15:00Z,2999.0
2018-12-31T15:20:00Z,2571.0
2018-12-31T15:25:00Z,2485.0
2018-12-31T15:30:00Z,3555.0
2018-12-31T15:35:00Z,3531.0
2018-12-31T15:40:00Z,2401.0
2018-12-31T15:45:00Z,2324.0
2018-12-31T15:50:00Z,1958.0
2018-12-31T15:55:00Z,2225.0
2018-12-31T16:00:00Z,3313.0
2018-12-31T16:05:00Z,4182.0
2018-12-31T16:10:00Z,2636.0
2018-12-31T16:15:00Z,2073.0
2018-12-31T16:20:00Z,2410.0
2018-12-31T16:25:00Z,2787.0
2018-12-31T16:30:00Z,2846.0
2018-12-31T16:35:00Z,2970.0
2018-12-31T16:40:00Z,1895.0
2018-12-31T16:45:00Z,2402.0
2018-12-31T16:50:00Z,2449.0
2018-12-31T16:55:00Z,2089.0
2018-12-31T17:00:00Z,3063.0
2018-12-31T17:05:00Z,3762.0
2018-12-31T17:10:00Z,3077.0
2018-12-31T17:15:00Z,2583.0
2018-12-31T17:20:00Z,2130.0
2018-12-31T17:25:00Z,2284.0
2018-12-31T17:30:00Z,2254.0
2018-12-31T17:35:00Z,2741.0
2018-12-31T17:40:00Z,2042.0
2018-12-31T17:45:00Z,2269.0
2018-12-31T17:50:00Z,2169.0
2018-12-31T17:55:00Z,2005.0
2018-12-31T18:00:00Z,2486.0
2018-12-31T18:05:00Z,3455.0
2018-12-31T18:10:00Z,2231.0
2018-12-31T18:15:00Z,2054.0
2018-12-31T18:20:00Z,2447.0
2018-12-31T18:25:00Z,2917.0
2018-12-31T18:30:00Z,2385.0
2018-12-31T18:35:00Z,2170.0
2018-12-31T18:40:00Z,1559.0
2018-12-31T18:45:00Z,1851.0
2018-12-31T18:50:00Z,1505.0
2018-12-31T18:55:00Z,1456.0
2018-12-31T19:00:00Z,2156.0
2018-12-31T19:05:00Z,2629.0
2018-12-31T19:10:00Z,1924.0
2018-12-31T19:15:00Z,2040.0
2018-12-31T19:20:00Z,1925.0
2018-12-31T19:25:00Z,2465.0
2018-12-31T19:30:00Z,2174.0
2018-12-31T19:35:00Z,2257.0
2018-12-31T19:40:00Z,2038.0
2018-12-31T19:45:00Z,2032.0
2018-12-31T19:50:00Z,1922.0
2018-12-31T19:55:00Z,1608.0
2018-12-31T20:00:00Z,2008.0
2018-12-31T20:05:00Z,2301.0
2018-12-31T20:10:00Z,1527.0
2018-12-31T20:15:00Z,1469.0
2018-12-31T20:20:00Z,1787.0
2018-12-31T20:25:00Z,1634.0
2018-12-31T20:30:00Z,1775.0
2018-12-31T20:35:00Z,1544.0
2018-12-31T20:40:00Z,1322.0
2018-12-31T20:45:00Z,1349.0
2018-12-31T20:50:00Z,1574.0
2018-12-31T20:55:00Z,1565.0
2018-12-31T21:00:00Z,2002.0
2018-12-31T21:05:00Z,2037.0
2018-12-31T21:10:00Z,1427.0
2018-12-31T21:15:00Z,1388.0
2018-12-31T21:20:00Z,1682.0
2018-12-31T21:25:00Z,1655.0
2018-12-31T21:30:00Z,1320.0
2018-12-31T21:35:00Z,1866.0
2018-12-31T21:40:00Z,1499.0
2018-12-31T21:45:00Z,1303.0
2018-12-31T21:50:00Z,1549.0
2018-12-31T21:55:00Z,1350.0
2018-12-31T22:00:00Z,1855.0
2018-12-31T22:05:00Z,2293.0
2018-12-31T22:10:00Z,1279.0
2018-12-31T22:15:00Z,1158.0
2018-12-31T22:20:00Z,1315.0
2018-12-31T22:25:00Z,1404.0
2018-12-31T22:30:00Z,1364.0
2018-12-31T22:35:00Z,1374.0
2018-12-31T22:40:00Z,1027.0
2018-12-31T22:45:00Z,971.0
2018-12-31T22:50:00Z,861.0
2018-12-31T22:55:00Z,807.0
2018-12-31T23:00:00Z,1168.0
2018-12-31T23:05:00Z,1839.0
2018-12-31T23:10:00Z,1369.0
2018-12-31T23:15:00Z,1136.0
2018-12-31T23:20:00Z,1188.0
2018-12-31T23:25:00Z,1054.0
2018-12-31T23:30:00Z,894.0
2018-12-31T23:35:00Z,940.0
2018-12-31T23:40:00Z,1102.0
2018-12-31T23:45:00Z,842.0
2018-12-31T23:50:00Z,871.0
2018-12-31T23:55:00Z,1759.0
2019-01-01T00:00:00Z,2351.0
2019-01-01T00:05:00Z,1752.0
2019-01-01T00:10:00Z,1158.0
2019-01-01T00:15:00Z,1050.0
2019-01-01T00:20:00Z,1449.0
2019-01-01T00:25:00Z,1385.0
2019-01-01T00:30:00Z,1059.0
2019-01-01T00:35:00Z,940.0
2019-01-01T00:40:00Z,850.0
2019-01-01T00:45:00Z,1060.0
2019-01-01T00:50:00Z,875.0
2019-01-01T00:55:00Z,699.0
2019-01-01T01:00:00Z,1249.0
2019-01-01T01:05:00Z,1880.0
2019-01-01T01:10:00Z,847.0
2019-01-01T01:15:00Z,681.0
2019-01-01T01:20:00Z,721.0
2019-01-01T01:25:00Z,848.0
2019-01-01T01:30:00Z,873.0
2019-01-01T01:35:00Z,1289.0
2019-01-01T01:40:00Z,804.0
2019-01-01T01:45:00Z,725.0
2019-01-01T01:50:00Z,701.0
2019-01-01T01:55:00Z,747.0
2019-01-01T02:00:00Z,1410.0
2019-01-01T02:05:00Z,1416.0
2019-01-01T02:10:00Z,945.0
2019-01-01T02:15:00Z,2073.0
2019-01-01T02:20:00Z,906.0
2019-01-01T02:25:00Z,815.0
2019-01-01T02:30:00Z,949.0
2019-01-01T02:35:00Z,907.0
2019-01-01T02:40:00Z,889.0
2019-01-01T02:45:00Z,1008.0
2019-01-01T02:50:00Z,948.0
2019-01-01T02:55:00Z,1660.0
2019-01-01T03:00:00Z,3072.0
2019-01-01T03:05:00Z,4471.0
2019-01-01T03:10:00Z,4528.0
2019-01-01T03:15:00Z,4727.0
2019-01-01T03:20:00Z,681.0
2019-01-01T03:25:00Z,668.0
2019-01-01T03:30:00Z,1214.0
2019-01-01T03:35:00Z,1354.0
2019-01-01T03:40:00Z,1318.0
2019-01-01T03:45:00Z,897.0
2019-01-01T03:50:00Z,718.0
2019-01-01T03:55:00Z,734.0
2019-01-01T04:00:00Z,1670.0
2019-01-01T04:05:00Z,2610.0
2019-01-01T04:10:00Z,3257.0
2019-01-01T04:15:00Z,2817.0
2019-01-01T04:20:00Z,943.0
2019-01-01T04:25:00Z,665.0
2019-01-01T04:30:00Z,703.0
2019-01-01T04:35:00Z,1026.0
2019-01-01T04:40:00Z,607.0
2019-01-01T04:45:00Z,523.0
2019-01-01T04:50:00Z,499.0
2019-01-01T04:55:00Z,578.0
2019-01-01T05:00:00Z,1602.0
2019-01-01T05:05:00Z,1859.0
2019-01-01T05:10:00Z,2193.0
2019-01-01T05:15:00Z,5699.0
2019-01-01T05:20:00Z,1421.0
2019-01-01T05:25:00Z,868.0
2019-01-01T05:30:00Z,1333.0
2019-01-01T05:35:00Z,1362.0
2019-01-01T05:40:00Z,720.0
2019-01-01T05:45:00Z,684.0
2019-01-01T05:50:00Z,542.0
2019-01-01T05:55:00Z,1234.0
2019-01-01T06:00:00Z,1797.0
2019-01-01T06:05:00Z,1821.0
2019-01-01T06:10:00Z,943.0
2019-01-01T06:15:00Z,743.0
2019-01-01T06:20:00Z,1122.0
2019-01-01T06:25:00Z,2555.0
2019-01-01T06:30:00Z,1105.0
2019-01-01T06:35:00Z,1052.0
2019-01-01T06:40:00Z,702.0
2019-01-01T06:45:00Z,678.0
2019-01-01T06:50:00Z,721.0
2019-01-01T06:55:00Z,723.0
2019-01-01T07:00:00Z,1322.0
2019-01-01T07:05:00Z,2069.0
2019-01-01T07:10:00Z,1516.0
2019-01-01T07:15:00Z,1881.0
2019-01-01T07:20:00Z,864.0
2019-01-01T07:25:00Z,1026.0
2019-01-01T07:30:00Z,959.0
2019-01-01T07:35:00Z,833.0
2019-01-01T07:40:00Z,705.0
2019-01-01T07:45:00Z,695.0
2019-01-01T07:50:00Z,585.0
2019-01-01T07:55:00Z,577.0
2019-01-01T08:00:00Z,1529.0
2019-01-01T08:05:00Z,2256.0
2019-01-01T08:10:00Z,1553.0
2019-01-01T08:15:00Z,1190.0
2019-01-01T08:20:00Z,951.0
2019-01-01T08:25:00Z,2291.0
2019-01-01T08:30:00Z,3179.0
2019-01-01T08:35:00Z,1111.0
2019-01-01T08:40:00Z,881.0
2019-01-01T08:45:00Z,801.0
2019-01-01T08:50:00Z,1812.0
2019-01-01T08:55:00Z,1216.0
2019-01-01T09:00:00Z,2148.0
2019-01-01T09:05:00Z,4330.0
2019-01-01T09:10:00Z,6274.0
2019-01-01T09:15:00Z,5679.0
2019-01-01T09:20:00Z,4398.0
2019-01-01T09:25:00Z,2043.0
2019-01-01T09:30:00Z,1787.0
2019-01-01T09:35:00Z,1440.0
2019-01-01T09:40:00Z,2067.0
2019-01-01T09:45:00Z,2321.0
2019-01-01T09:50:00Z,1878.0
2019-01-01T09:55:00Z,1476.0
2019-01-01T10:00:00Z,3006.0
2019-01-01T10:05:00Z,5415.0
2019-01-01T10:10:00Z,4802.0
2019-01-01T10:15:00Z,2969.0
2019-01-01T10:20:00Z,2644.0
2019-01-01T10:25:00Z,2772.0
2019-01-01T10:30:00Z,3048.0
2019-01-01T10:35:00Z,2874.0
2019-01-01T10:40:00Z,3114.0
2019-01-01T10:45:00Z,3662.0
2019-01-01T10:50:00Z,3634.0
2019-01-01T10:55:00Z,2556.0
2019-01-01T11:00:00Z,4166.0
2019-01-01T11:05:00Z,4321.0
2019-01-01T11:10:00Z,2163.0
2019-01-01T11:15:00Z,2423.0
2019-01-01T11:20:00Z,3107.0
2019-01-01T11:25:00Z,2306.0
2019-01-01T11:30:00Z,2644.0
2019-01-01T11:35:00Z,2519.0
2019-01-01T11:40:00Z,1714.0
2019-01-01T11:45:00Z,2040.0
2019-01-01T11:50:00Z,1751.0
2019-01-01T11:55:00Z,1748.0
2019-01-01T12:00:00Z,3316.0
2019-01-01T12:05:00Z,5019.0
2019-01-01T12:10:00Z,3307.0
2019-01-01T12:15:00Z,2255.0
2019-01-01T12:20:00Z,1970.0
2019-01-01T12:25:00Z,2084.0
2019-01-01T12:30:00Z,2298.0
2019-01-01T12:35:00Z,2485.0
2019-01-01T12:40:00Z,1951.0
2019-01-01T12:45:00Z,1912.0
2019-01-01T12:50:00Z,1998.0
2019-01-01T12:55:00Z,2007.0
2019-01-01T13:00:00Z,3512.0
2019-01-01T13:05:00Z,5944.0
2019-01-01T13:10:00Z,2672.0
2019-01-01T13:15:00Z,3526.0
2019-01-01T13:20:00Z,6855.0
2019-01-01T13:25:00Z,6743.0
2019-01-01T13:30:00Z,6786.0
2019-01-01T13:35:00Z,4480.0
2019-01-01T13:40:00Z,1993.0
2019-01-01T13:45:00Z,2044.0
2019-01-01T13:50:00Z,2132.0
2019-01-01T13:55:00Z,1935.0
2019-01-01T14:00:00Z,3666.0
2019-01-01T14:05:00Z,6927.0
2019-01-01T14:10:00Z,2992.0
2019-01-01T14:15:00Z,2472.0
2019-01-01T14:20:00Z,2464.0
2019-01-01T14:25:00Z,2035.0
2019-01-01T14:30:00Z,2467.0
2019-01-01T14:35:00Z,1814.0
2019-01-01T14:40:00Z,944.0
2019-01-01T14:45:00Z,1078.0
2019-01-01T14:50:00Z,1484.0
2019-01-01T14:55:00Z,1202.0
2019-01-01T15:00:00Z,2018.0
2019-01-01T15:05:00Z,4262.0
2019-01-01T15:10:00Z,2602.0
2019-01-01T15:15:00Z,2002.0
2019-01-01T15:20:00Z,1870.0
2019-01-01T15:25:00Z,1397.0
2019-01-01T15:30:00Z,1521.0
2019-01-01T15:35:00Z,1360.0
2019-01-01T15:40:00Z,1250.0
2019-01-01T15:45:00Z,1310.0
2019-01-01T15:50:00Z,1163.0
2019-01-01T15:55:00Z,1254.0
2019-01-01T16:00:00Z,3347.0
2019-01-01T16:05:00Z,3854.0
2019-01-01T16:10:00Z,1872.0
2019-01-01T16:15:00Z,1940.0
2019-01-01T16:20:00Z,1817.0
2019-01-01T16:25:00Z,1402.0
2019-01-01T16:30:00Z,1352.0
2019-01-01T16:35:00Z,1364.0
2019-01-01T16:40:00Z,1195.0
2019-01-01T16:45:00Z,1256.0
2019-01-01T16:50:00Z,1148.0
2019-01-01T16:55:00Z,1022.0
2019-01-01T17:00:00Z,1754.0
2019-01-01T17:05:00Z,1917.0
2019-01-01T17:10:00Z,1459.0
2019-01-01T17:15:00Z,1404.0
2019-01-01T17:20:00Z,1342.0
2019-01-01T17:25:00Z,2002.0
2019-01-01T17:30:00Z,2033.0
2019-01-01T17:35:00Z,1638.0
2019-01-01T17:40:00Z,1752.0
2019-01-01T17:45:00Z,1281.0
2019-01-01T17:50:00Z,1127.0
2019-01-01T17:55:00Z,1012.0
2019-01-01T18:00:00Z,1598.0
2019-01-01T18:05:00Z,1951.0
2019-01-01T18:10:00Z,1240.0
2019-01-01T18:15:00Z,1379.0
2019-01-01T18:20:00Z,1280.0
2019-01-01T18:25:00Z,1308.0
2019-01-01T18:30:00Z,1356.0
2019-01-01T18:35:00Z,1402.0
2019-01-01T18:40:00Z,1108.0
2019-01-01T18:45:00Z,1224.0
2019-01-01T18:50:00Z,1160.0
2019-01-01T18:55:00Z,1230.0
2019-01-01T19:00:00Z,1562.0
2019-01-01T19:05:00Z,2053.0
2019-01-01T19:10:00Z,2138.0
2019-01-01T19:15:00Z,1199.0
2019-01-01T19:20:00Z,1166.0
2019-01-01T19:25:00Z,1076.0
2019-01-01T19:30:00Z,1216.0
2019-01-01T19:35:00Z,1261.0
2019-01-01T19:40:00Z,1341.0
2019-01-01T19:45:00Z,1165.0
2019-01-01T19:50:00Z,1275.0
2019-01-01T19:55:00Z,1018.0
2019-01-01T20:00:00Z,1238.0
2019-01-01T20:05:00Z,2139.0
2019-01-01T20:10:00Z,1765.0
2019-01-01T20:15:00Z,1417.0
2019-01-01T20:20:00Z,1619.0
2019-01-01T20:25:00Z,1943.0
2019-01-01T20:30:00Z,1536.0
2019-01-01T20:35:00Z,1813.0
2019-01-01T20:40:00Z,1448.0
2019-01-01T20:45:00Z,1102.0
2019-01-01T20:50:00Z,1245.0
2019-01-01T20:55:00Z,1385.0
2019-01-01T21:00:00Z,1481.0
2019-01-01T21:05:00Z,1645.0
2019-01-01T21:10:00Z,1142.0
2019-01-01T21:15:00Z,1339.0
2019-01-01T21:20:00Z,1616.0
2019-01-01T21:25:00Z,1479.0
2019-01-01T21:30:00Z,1547.0
2019-01-01T21:35:00Z,1356.0
2019-01-01T21:40:00Z,1029.0
2019-01-01T21:45:00Z,834.0
2019-01-01T21:50:00Z,781.0
2019-01-01T21:55:00Z,905.0
2019-01-01T22:00:00Z,2107.0
2019-01-01T22:05:00Z,1757.0
2019-01-01T22:10:00Z,1516.0
2019-01-01T22:15:00Z,1110.0
2019-01-01T22:20:00Z,1083.0
2019-01-01T22:25:00Z,1219.0
2019-01-01T22:30:00Z,1635.0
2019-01-01T22:35:00Z,1337.0
2019-01-01T22:40:00Z,925.0
2019-01-01T22:45:00Z,874.0
2019-01-01T22:50:00Z,1011.0
2019-01-01T22:55:00Z,867.0
2019-01-01T23:00:00Z,1299.0
2019-01-01T23:05:00Z,1917.0
2019-01-01T23:10:00Z,1248.0
2019-01-01T23:15:00Z,1071.0
2019-01-01T23:20:00Z,995.0
2019-01-01T23:25:00Z,1123.0
2019-01-01T23:30:00Z,1212.0
2019-01-01T23:35:00Z,1181.0
2019-01-01T23:40:00Z,895.0
2019-01-01T23:45:00Z,792.0
2019-01-01T23:50:00Z,730.0
2019-01-01T23:55:00Z,802.0
2019-01-02T00:00:00Z,1495.0
2019-01-02T00:05:00Z,1684.0
2019-01-02T00:10:00Z,1336.0
2019-01-02T00:15:00Z,1345.0
2019-01-02T00:20:00Z,2010.0
2019-01-02T00:25:00Z,1630.0
2019-01-02T00:30:00Z,1468.0
2019-01-02T00:35:00Z,1619.0
2019-01-02T00:40:00Z,1125.0
2019-01-02T00:45:00Z,1254.0
2019-01-02T00:50:00Z,1185.0
2019-01-02T00:55:00Z,1162.0
2019-01-02T01:00:00Z,1473.0
2019-01-02T01:05:00Z,1912.0
2019-01-02T01:10:00Z,1216.0
2019-01-02T01:15:00Z,1453.0
2019-01-02T01:20:00Z,1313.0
2019-01-02T01:25:00Z,1313.0
2019-01-02T01:30:00Z,1682.0
2019-01-02T01:35:00Z,3224.0
2019-01-02T01:40:00Z,1958.0
2019-01-02T01:45:00Z,1602.0
2019-01-02T01:50:00Z,1195.0
2019-01-02T01:55:00Z,1182.0
2019-01-02T02:00:00Z,1976.0
2019-01-02T02:05:00Z,2474.0
2019-01-02T02:10:00Z,1204.0
2019-01-02T02:15:00Z,1128.0
2019-01-02T02:20:00Z,1751.0
2019-01-02T02:25:00Z,1324.0
2019-01-02T02:30:00Z,1511.0
2019-01-02T02:35:00Z,1428.0
2019-01-02T02:40:00Z,986.0
2019-01-02T02:45:00Z,1135.0
2019-01-02T02:50:00Z,1960.0
2019-01-02T02:55:00Z,4854.0
2019-01-02T03:00:00Z,4015.0
2019-01-02T03:05:00Z,3078.0
2019-01-02T03:10:00Z,7678.0
2019-01-02T03:15:00Z,8409.0
2019-01-02T03:20:00Z,2652.0
2019-01-02T03:25:00Z,2578.0
2019-01-02T03:30:00Z,2581.0
2019-01-02T03:35:00Z,2212.0
2019-01-02T03:40:00Z,2205.0
2019-01-02T03:45:00Z,2533.0
2019-01-02T03:50:00Z,2199.0
2019-01-02T03:55:00Z,2862.0
2019-01-02T04:00:00Z,2985.0
2019-01-02T04:05:00Z,2655.0
2019-01-02T04:10:00Z,1533.0
2019-01-02T04:15:00Z,1337.0
2019-01-02T04:20:00Z,995.0
2019-01-02T04:25:00Z,993.0
2019-01-02T04:30:00Z,1279.0
2019-01-02T04:35:00Z,1307.0
2019-01-02T04:40:00Z,928.0
2019-01-02T04:45:00Z,955.0
2019-01-02T04:50:00Z,798.0
2019-01-02T04:55:00Z,798.0
2019-01-02T05:00:00Z,2061.0
2019-01-02T05:05:00Z,2851.0
2019-01-02T05:10:00Z,1281.0
2019-01-02T05:15:00Z,1055.0
2019-01-02T05:20:00Z,1302.0
2019-01-02T05:25:00Z,1211.0
2019-01-02T05:30:00Z,2019.0
2019-01-02T05:35:00Z,1571.0
2019-01-02T05:40:00Z,1063.0
2019-01-02T05:45:00Z,851.0
2019-01-02T05:50:00Z,1159.0
2019-01-02T05:55:00Z,2557.0
2019-01-02T06:00:00Z,2245.0
2019-01-02T06:05:00Z,2996.0
2019-01-02T06:10:00Z,1643.0
2019-01-02T06:15:00Z,1078.0
2019-01-02T06:20:00Z,1136.0
2019-01-02T06:25:00Z,973.0
2019-01-02T06:30:00Z,991.0
2019-01-02T06:35:00Z,1185.0
2019-01-02T06:40:00Z,975.0
2019-01-02T06:45:00Z,684.0
2019-01-02T06:50:00Z,845.0
2019-01-02T06:55:00Z,794.0
2019-01-02T07:00:00Z,1822.0
2019-01-02T07:05:00Z,4643.0
2019-01-02T07:10:00Z,4061.0
2019-01-02T07:15:00Z,1874.0
2019-01-02T07:20:00Z,1364.0
2019-01-02T07:25:00Z,4799.0
2019-01-02T07:30:00Z,3173.0
2019-01-02T07:35:00Z,1160.0
2019-01-02T07:40:00Z,959.0
2019-01-02T07:45:00Z,806.0
2019-01-02T07:50:00Z,860.0
2019-01-02T07:55:00Z,751.0
2019-01-02T08:00:00Z,2141.0
2019-01-02T08:05:00Z,1764.0
2019-01-02T08:10:00Z,1433.0
2019-01-02T08:15:00Z,1066.0
2019-01-02T08:20:00Z,1172.0
2019-01-02T08:25:00Z,1188.0
2019-01-02T08:30:00Z,1209.0
2019-01-02T08:35:00Z,1372.0
2019-01-02T08:40:00Z,1184.0
2019-01-02T08:45:00Z,1050.0
2019-01-02T08:50:00Z,1818.0
2019-01-02T08:55:00Z,1024.0
2019-01-02T09:00:00Z,1881.0
2019-01-02T09:05:00Z,4443.0
2019-01-02T09:10:00Z,6043.0
2019-01-02T09:15:00Z,4993.0
2019-01-02T09:20:00Z,4713.0
2019-01-02T09:25:00Z,1744.0
2019-01-02T09:30:00Z,1394.0
2019-01-02T09:35:00Z,1195.0
2019-01-02T09:40:00Z,1990.0
2019-01-02T09:45:00Z,2025.0
2019-01-02T09:50:00Z,1818.0
2019-01-02T09:55:00Z,1236.0
2019-01-02T10:00:00Z,3022.0
2019-01-02T10:05:00Z,5540.0
2019-01-02T10:10:00Z,5681.0
2019-01-02T10:15:00Z,4058.0
2019-01-02T10:20:00Z,3380.0
2019-01-02T10:25:00Z,2976.0
2019-01-02T10:30:00Z,3515.0
2019-01-02T10:35:00Z,4093.0
2019-01-02T10:40:00Z,4285.0
2019-01-02T10:45:00Z,4079.0
2019-01-02T10:50:00Z,3746.0
2019-01-02T10:55:00Z,3574.0
2019-01-02T11:00:00Z,5390.0
2019-01-02T11:05:00Z,6606.0
2019-01-02T11:10:00Z,4618.0
2019-01-02T11:15:00Z,4271.0
2019-01-02T11:20:00Z,4776.0
2019-01-02T11:25:00Z,4282.0
2019-01-02T11:30:00Z,5669.0
2019-01-02T11:35:00Z,4383.0
2019-01-02T11:40:00Z,3481.0
2019-01-02T11:45:00Z,4071.0
2019-01-02T11:50:00Z,2747.0
2019-01-02T11:55:00Z,3736.0
2019-01-02T12:00:00Z,5898.0
2019-01-02T12:05:00Z,7431.0
2019-01-02T12:10:00Z,5790.0
2019-01-02T12:15:00Z,6427.0
2019-01-02T12:20:00Z,4664.0
2019-01-02T12:25:00Z,4589.0
2019-01-02T12:30:00Z,6691.0
2019-01-02T12:35:00Z,6229.0
2019-01-02T12:40:00Z,5152.0
2019-01-02T12:45:00Z,5634.0
2019-01-02T12:50:00Z,5679.0
2019-01-02T12:55:00Z,6423.0
2019-01-02T13:00:00Z,8573.0
2019-01-02T13:05:00Z,11003.0
2019-01-02T13:10:00Z,9417.0
2019-01-02T13:15:00Z,9622.0
2019-01-02T13:20:00Z,13012.0
2019-01-02T13:25:00Z,12064.0
2019-01-02T13:30:00Z,11220.0
2019-01-02T13:35:00Z,10197.0
2019-01-02T13:40:00Z,8636.0
2019-01-02T13:45:00Z,8677.0
2019-01-02T13:50:00Z,10624.0
2019-01-02T13:55:00Z,11337.0
2019-01-02T14:00:00Z,12985.0
2019-01-02T14:05:00Z,14122.0
2019-01-02T14:10:00Z,12010.0
2019-01-02T14:15:00Z,10314.0
2019-01-02T14:20:00Z,11038.0
2019-01-02T14:25:00Z,12100.0
2019-01-02T14:30:00Z,12543.0
2019-01-02T14:35:00Z,10805.0
2019-01-02T14:40:00Z,11467.0
2019-01-02T14:45:00Z,11069.0
2019-01-02T14:50:00Z,11001.0
2019-01-02T14:55:00Z,13500.0
2019-01-02T15:00:00Z,12436.0
2019-01-02T15:05:00Z,16282.0
2019-01-02T15:10:00Z,17379.0
2019-01-02T15:15:00Z,12522.0
2019-01-02T15:20:00Z,13910.0
2019-01-02T15:25:00Z,12688.0
2019-01-02T15:30:00Z,15397.0
2019-01-02T15:35:00Z,14185.0
2019-01-02T15:40:00Z,12809.0
2019-01-02T15:45:00Z,14077.0
2019-01-02T15:50:00Z,13291.0
2019-01-02T15:55:00Z,14797.0
2019-01-02T16:00:00Z,15120.0
2019-01-02T16:05:00Z,15967.0
2019-01-02T16:10:00Z,13136.0
2019-01-02T16:15:00Z,11847.0
2019-01-02T16:20:00Z,13437.0
2019-01-02T16:25:00Z,13389.0
2019-01-02T16:30:00Z,13495.0
2019-01-02T16:35:00Z,13627.0
2019-01-02T16:40:00Z,14450.0
2019-01-02T16:45:00Z,14464.0
2019-01-02T16:50:00Z,17382.0
2019-01-02T16:55:00Z,15046.0
2019-01-02T17:00:00Z,16076.0
2019-01-02T17:05:00Z,15957.0
2019-01-02T17:10:00Z,15302.0
2019-01-02T17:15:00Z,12829.0
2019-01-02T17:20:00Z,13255.0
2019-01-02T17:25:00Z,11733.0
2019-01-02T17:30:00Z,16309.0
2019-01-02T17:35:00Z,14911.0
2019-01-02T17:40:00Z,13406.0
2019-01-02T17:45:00Z,13310.0
2019-01-02T17:50:00Z,12718.0
2019-01-02T17:55:00Z,13496.0
2019-01-02T18:00:00Z,14736.0
2019-01-02T18:05:00Z,12381.0
2019-01-02T18:10:00Z,11895.0
2019-01-02T18:15:00Z,12128.0
2019-01-02T18:20:00Z,10778.0
2019-01-02T18:25:00Z,11246.0
2019-01-02T18:30:00Z,12531.0
2019-01-02T18:35:00Z,11362.0
2019-01-02T18:40:00Z,11610.0
2019-01-02T18:45:00Z,13061.0
2019-01-02T18:50:00Z,12095.0
2019-01-02T18:55:00Z,12308.0
2019-01-02T19:00:00Z,12577.0
2019-01-02T19:05:00Z,14983.0
2019-01-02T19:10:00Z,13155.0
2019-01-02T19:15:00Z,12704.0
2019-01-02T19:20:00Z,12575.0
2019-01-02T19:25:00Z,12575.0
2019-01-02T19:30:00Z,11066.0
2019-01-02T19:35:00Z,13227.0
2019-01-02T19:40:00Z,12496.0
2019-01-02T19:45:00Z,11721.0
2019-01-02T19:50:00Z,12105.0
2019-01-02T19:55:00Z,12271.0
2019-01-02T20:00:00Z,14385.0
2019-01-02T20:05:00Z,13042.0
2019-01-02T20:10:00Z,11248.0
2019-01-02T20:15:00Z,12133.0
2019-01-02T20:20:00Z,10827.0
2019-01-02T20:25:00Z,11917.0
2019-01-02T20:30:00Z,9380.0
2019-01-02T20:35:00Z,11593.0
2019-01-02T20:40:00Z,12501.0
2019-01-02T20:45:00Z,15960.0
2019-01-02T20:50:00Z,12936.0
2019-01-02T20:55:00Z,11740.0
2019-01-02T21:00:00Z,11291.0
2019-01-02T21:05:00Z,12303.0
2019-01-02T21:10:00Z,14333.0
2019-01-02T21:15:00Z,19489.0
2019-01-02T21:20:00Z,10174.0
2019-01-02T21:25:00Z,10756.0
2019-01-02T21:30:00Z,11186.0
2019-01-02T21:35:00Z,10308.0
2019-01-02T21:40:00Z,10201.0
2019-01-02T21:45:00Z,10259.0
2019-01-02T21:50:00Z,9209.0
2019-01-02T21:55:00Z,8554.0
2019-01-02T22:00:00Z,10329.0
2019-01-02T22:05:00Z,10166.0
2019-01-02T22:10:00Z,10466.0
2019-01-02T22:15:00Z,9353.0
2019-01-02T22:20:00Z,8102.0
2019-01-02T22:25:00Z,6373.0
2019-01-02T22:30:00Z,6814.0
2019-01-02T22:35:00Z,6876.0
2019-01-02T22:40:00Z,7180.0
2019-01-02T22:45:00Z,7880.0
2019-01-02T22:50:00Z,7173.0
2019-01-02T22:55:00Z,5528.0
2019-01-02T23:00:00Z,7333.0
2019-01-02T23:05:00Z,8441.0
2019-01-02T23:10:00Z,6367.0
2019-01-02T23:15:00Z,5972.0
2019-01-02T23:20:00Z,5774.0
2019-01-02T23:25:00Z,5139.0
2019-01-02T23:30:00Z,4651.0
2019-01-02T23:35:00Z,4904.0
2019-01-02T23:40:00Z,4452.0
2019-01-02T23:45:00Z,4272.0
2019-01-02T23:50:00Z,5616.0
2019-01-02T23:55:00Z,6352.0
2019-01-03T00:00:00Z,6285.0
2019-01-03T00:05:00Z,5897.0
2019-01-03T00:10:00Z,4837.0
2019-01-03T00:15:00Z,4014.0
2019-01-03T00:20:00Z,4037.0
2019-01-03T00:25:00Z,3456.0
2019-01-03T00:30:00Z,2914.0
2019-01-03T00:35:00Z,3451.0
2019-01-03T00:40:00Z,2831.0
2019-01-03T00:45:00Z,2750.0
2019-01-03T00:50:00Z,2833.0
2019-01-03T00:55:00Z,2662.0
2019-01-03T01:00:00Z,2679.0
2019-01-03T01:05:00Z,4134.0
2019-01-03T01:10:00Z,2902.0
2019-01-03T01:15:00Z,2234.0
2019-01-03T01:20:00Z,2594.0
2019-01-03T01:25:00Z,2900.0
2019-01-03T01:30:00Z,3473.0
2019-01-03T01:35:00Z,4697.0
2019-01-03T01:40:00Z,3773.0
2019-01-03T01:45:00Z,3313.0
2019-01-03T01:50:00Z,3278.0
2019-01-03T01:55:00Z,3080.0
2019-01-03T02:00:00Z,3387.0
2019-01-03T02:05:00Z,3939.0
2019-01-03T02:10:00Z,2593.0
2019-01-03T02:15:00Z,2676.0
2019-01-03T02:20:00Z,2193.0
2019-01-03T02:25:00Z,2203.0
2019-01-03T02:30:00Z,1901.0
2019-01-03T02:35:00Z,1887.0
2019-01-03T02:40:00Z,1972.0
2019-01-03T02:45:00Z,2796.0
2019-01-03T02:50:00Z,3603.0
2019-01-03T02:55:00Z,3166.0
2019-01-03T03:00:00Z,4561.0
2019-01-03T03:05:00Z,3823.0
2019-01-03T03:10:00Z,8374.0
2019-01-03T03:15:00Z,7562.0
2019-01-03T03:20:00Z,2419.0
2019-01-03T03:25:00Z,2274.0
2019-01-03T03:30:00Z,1622.0
2019-01-03T03:35:00Z,2020.0
2019-01-03T03:40:00Z,1608.0
2019-01-03T03:45:00Z,1437.0
2019-01-03T03:50:00Z,1758.0
2019-01-03T03:55:00Z,1579.0
2019-01-03T04:00:00Z,2537.0
2019-01-03T04:05:00Z,3619.0
2019-01-03T04:10:00Z,1942.0
2019-01-03T04:15:00Z,1791.0
2019-01-03T04:20:00Z,1357.0
2019-01-03T04:25:00Z,1298.0
2019-01-03T04:30:00Z,1519.0
2019-01-03T04:35:00Z,2592.0
2019-01-03T04:40:00Z,1200.0
2019-01-03T04:45:00Z,1345.0
2019-01-03T04:50:00Z,1877.0
2019-01-03T04:55:00Z,1325.0
2019-01-03T05:00:00Z,2241.0
2019-01-03T05:05:00Z,2226.0
2019-01-03T05:10:00Z,1365.0
2019-01-03T05:15:00Z,1251.0
2019-01-03T05:20:00Z,1004.0
2019-01-03T05:25:00Z,1085.0
2019-01-03T05:30:00Z,1870.0
2019-01-03T05:35:00Z,1489.0
2019-01-03T05:40:00Z,1055.0
2019-01-03T05:45:00Z,1300.0
2019-01-03T05:50:00Z,987.0
2019-01-03T05:55:00Z,1577.0
2019-01-03T06:00:00Z,2512.0
2019-01-03T06:05:00Z,5332.0
2019-01-03T06:10:00Z,9215.0
2019-01-03T06:15:00Z,1883.0
2019-01-03T06:20:00Z,1014.0
2019-01-03T06:25:00Z,1091.0
2019-01-03T06:30:00Z,1298.0
2019-01-03T06:35:00Z,1393.0
2019-01-03T06:40:00Z,972.0
2019-01-03T06:45:00Z,864.0
2019-01-03T06:50:00Z,740.0
2019-01-03T06:55:00Z,956.0
2019-01-03T07:00:00Z,1959.0
2019-01-03T07:05:00Z,4257.0
2019-01-03T07:10:00Z,3115.0
2019-01-03T07:15:00Z,2297.0
2019-01-03T07:20:00Z,1656.0
2019-01-03T07:25:00Z,2165.0
2019-01-03T07:30:00Z,2440.0
2019-01-03T07:35:00Z,1760.0
2019-01-03T07:40:00Z,1480.0
2019-01-03T07:45:00Z,1374.0
2019-01-03T07:50:00Z,966.0
2019-01-03T07:55:00Z,768.0
2019-01-03T08:00:00Z,1886.0
2019-01-03T08:05:00Z,1736.0
2019-01-03T08:10:00Z,1251.0
2019-01-03T08:15:00Z,998.0
2019-01-03T08:20:00Z,1039.0
2019-01-03T08:25:00Z,1578.0
2019-01-03T08:30:00Z,1405.0
2019-01-03T08:35:00Z,1018.0
2019-01-03T08:40:00Z,984.0
2019-01-03T08:45:00Z,1044.0
2019-01-03T08:50:00Z,1684.0
2019-01-03T08:55:00Z,1208.0
2019-01-03T09:00:00Z,2303.0
2019-01-03T09:05:00Z,5263.0
2019-01-03T09:10:00Z,5544.0
2019-01-03T09:15:00Z,3632.0
2019-01-03T09:20:00Z,2268.0
2019-01-03T09:25:00Z,2260.0
2019-01-03T09:30:00Z,2433.0
2019-01-03T09:35:00Z,1654.0
2019-01-03T09:40:00Z,2569.0
2019-01-03T09:45:00Z,2791.0
2019-01-03T09:50:00Z,2017.0
2019-01-03T09:55:00Z,1727.0
2019-01-03T10:00:00Z,3466.0
2019-01-03T10:05:00Z,5293.0
2019-01-03T10:10:00Z,5007.0
2019-01-03T10:15:00Z,3877.0
2019-01-03T10:20:00Z,3935.0
2019-01-03T10:25:00Z,3554.0
2019-01-03T10:30:00Z,4048.0
2019-01-03T10:35:00Z,3685.0
2019-01-03T10:40:00Z,3891.0
2019-01-03T10:45:00Z,4320.0
2019-01-03T10:50:00Z,3925.0
2019-01-03T10:55:00Z,3676.0
2019-01-03T11:00:00Z,5654.0
2019-01-03T11:05:00Z,8138.0
2019-01-03T11:10:00Z,5120.0
2019-01-03T11:15:00Z,4372.0
2019-01-03T11:20:00Z,4459.0
2019-01-03T11:25:00Z,3808.0
2019-01-03T11:30:00Z,4490.0
2019-01-03T11:35:00Z,4216.0
2019-01-03T11:40:00Z,3854.0
2019-01-03T11:45:00Z,2969.0
2019-01-03T11:50:00Z,3051.0
2019-01-03T11:55:00Z,3104.0
2019-01-03T12:00:00Z,5861.0
2019-01-03T12:05:00Z,6765.0
2019-01-03T12:10:00Z,5565.0
2019-01-03T12:15:00Z,5086.0
2019-01-03T12:20:00Z,4619.0
2019-01-03T12:25:00Z,4596.0
2019-01-03T12:30:00Z,5729.0
2019-01-03T12:35:00Z,6157.0
2019-01-03T12:40:00Z,5052.0
2019-01-03T12:45:00Z,5514.0
2019-01-03T12:50:00Z,6496.0
2019-01-03T12:55:00Z,6299.0
2019-01-03T13:00:00Z,8433.0
2019-01-03T13:05:00Z,10746.0
2019-01-03T13:10:00Z,9340.0
2019-01-03T13:15:00Z,8174.0
2019-01-03T13:20:00Z,11563.0
2019-01-03T13:25:00Z,9251.0
2019-01-03T13:30:00Z,11088.0
2019-01-03T13:35:00Z,8377.0
2019-01-03T13:40:00Z,9083.0
2019-01-03T13:45:00Z,8861.0
2019-01-03T13:50:00Z,11269.0
2019-01-03T13:55:00Z,10397.0
2019-01-03T14:00:00Z,13492.0
2019-01-03T14:05:00Z,14668.0
2019-01-03T14:10:00Z,12417.0
2019-01-03T14:15:00Z,9785.0
2019-01-03T14:20:00Z,10357.0
2019-01-03T14:25:00Z,10407.0
2019-01-03T14:30:00Z,10528.0
2019-01-03T14:35:00Z,10949.0
2019-01-03T14:40:00Z,11028.0
2019-01-03T14:45:00Z,11740.0
2019-01-03T14:50:00Z,10073.0
2019-01-03T14:55:00Z,11258.0
2019-01-03T15:00:00Z,15057.0
2019-01-03T15:05:00Z,15379.0
2019-01-03T15:10:00Z,13324.0
2019-01-03T15:15:00Z,14509.0
2019-01-03T15:20:00Z,35575.0
2019-01-03T15:25:00Z,37803.0
2019-01-03T15:30:00Z,33792.0
2019-01-03T15:35:00Z,28509.0
2019-01-03T15:40:00Z,16081.0
2019-01-03T15:45:00Z,11312.0
2019-01-03T15:50:00Z,12073.0
2019-01-03T15:55:00Z,13684.0
2019-01-03T16:00:00Z,12259.0
2019-01-03T16:05:00Z,13780.0
2019-01-03T16:10:00Z,14714.0
2019-01-03T16:15:00Z,13798.0
2019-01-03T16:20:00Z,11692.0
2019-01-03T16:25:00Z,12610.0
2019-01-03T16:30:00Z,14409.0
2019-01-03T16:35:00Z,16929.0
2019-01-03T16:40:00Z,11670.0
2019-01-03T16:45:00Z,12483.0
2019-01-03T16:50:00Z,10943.0
2019-01-03T16:55:00Z,11707.0
2019-01-03T17:00:00Z,12321.0
2019-01-03T17:05:00Z,14057.0
2019-01-03T17:10:00Z,14158.0
2019-01-03T17:15:00Z,12613.0
2019-01-03T17:20:00Z,11418.0
2019-01-03T17:25:00Z,12818.0
2019-01-03T17:30:00Z,10464.0
2019-01-03T17:35:00Z,12100.0
2019-01-03T17:40:00Z,11756.0
2019-01-03T17:45:00Z,11349.0
2019-01-03T17:50:00Z,12463.0
2019-01-03T17:55:00Z,12254.0
2019-01-03T18:00:00Z,12996.0
2019-01-03T18:05:00Z,13745.0
2019-01-03T18:10:00Z,12574.0
2019-01-03T18:15:00Z,10884.0
2019-01-03T18:20:00Z,13168.0
2019-01-03T18:25:00Z,10063.0
2019-01-03T18:30:00Z,11368.0
2019-01-03T18:35:00Z,12699.0
2019-01-03T18:40:00Z,11010.0
2019-01-03T18:45:00Z,13161.0
2019-01-03T18:50:00Z,12767.0
2019-01-03T18:55:00Z,12342.0
2019-01-03T19:00:00Z,13949.0
2019-01-03T19:05:00Z,13563.0
2019-01-03T19:10:00Z,13758.0
2019-01-03T19:15:00Z,11361.0
2019-01-03T19:20:00Z,13144.0
2019-01-03T19:25:00Z,11689.0
2019-01-03T19:30:00Z,13066.0
2019-01-03T19:35:00Z,12100.0
2019-01-03T19:40:00Z,10898.0
2019-01-03T19:45:00Z,12015.0
2019-01-03T19:50:00Z,12194.0
2019-01-03T19:55:00Z,12172.0
2019-01-03T20:00:00Z,13471.0
2019-01-03T20:05:00Z,12810.0
2019-01-03T20:10:00Z,12113.0
2019-01-03T20:15:00Z,10676.0
2019-01-03T20:20:00Z,11477.0
2019-01-03T20:25:00Z,11492.0
2019-01-03T20:30:00Z,12373.0
2019-01-03T20:35:00Z,12754.0
2019-01-03T20:40:00Z,12430.0
2019-01-03T20:45:00Z,11780.0
2019-01-03T20:50:00Z,11776.0
2019-01-03T20:55:00Z,11203.0
2019-01-03T21:00:00Z,13469.0
2019-01-03T21:05:00Z,14406.0
2019-01-03T21:10:00Z,14097.0
2019-01-03T21:15:00Z,13335.0
2019-01-03T21:20:00Z,12537.0
2019-01-03T21:25:00Z,11113.0
2019-01-03T21:30:00Z,9354.0
2019-01-03T21:35:00Z,10821.0
2019-01-03T21:40:00Z,11012.0
2019-01-03T21:45:00Z,10906.0
2019-01-03T21:50:00Z,9529.0
2019-01-03T21:55:00Z,9259.0
2019-01-03T22:00:00Z,12062.0
2019-01-03T22:05:00Z,16854.0
2019-01-03T22:10:00Z,25834.0
2019-01-03T22:15:00Z,9276.0
2019-01-03T22:20:00Z,7097.0
2019-01-03T22:25:00Z,7191.0
2019-01-03T22:30:00Z,7870.0
2019-01-03T22:35:00Z,6783.0
2019-01-03T22:40:00Z,7500.0
2019-01-03T22:45:00Z,6852.0
2019-01-03T22:50:00Z,6118.0
2019-01-03T22:55:00Z,5659.0
2019-01-03T23:00:00Z,6407.0
2019-01-03T23:05:00Z,9385.0
2019-01-03T23:10:00Z,5785.0
2019-01-03T23:15:00Z,5154.0
2019-01-03T23:20:00Z,5836.0
2019-01-03T23:25:00Z,5739.0
2019-01-03T23:30:00Z,5560.0
2019-01-03T23:35:00Z,4983.0
2019-01-03T23:40:00Z,4864.0
2019-01-03T23:45:00Z,4020.0
2019-01-03T23:50:00Z,4046.0
2019-01-03T23:55:00Z,4381.0
2019-01-04T00:00:00Z,4641.0
2019-01-04T00:05:00Z,5934.0
2019-01-04T00:10:00Z,3496.0
2019-01-04T00:15:00Z,3743.0
2019-01-04T00:20:00Z,3838.0
2019-01-04T00:25:00Z,4278.0
2019-01-04T00:30:00Z,3902.0
2019-01-04T00:35:00Z,3588.0
2019-01-04T00:40:00Z,2885.0
2019-01-04T00:45:00Z,3237.0
2019-01-04T00:50:00Z,2548.0
2019-01-04T00:55:00Z,2876.0
2019-01-04T01:00:00Z,2785.0
2019-01-04T01:05:00Z,3062.0
2019-01-04T01:10:00Z,2520.0
2019-01-04T01:15:00Z,2336.0
2019-01-04T01:20:00Z,2134.0
2019-01-04T01:25:00Z,2404.0
2019-01-04T01:30:00Z,3210.0
2019-01-04T01:35:00Z,3503.0
2019-01-04T01:40:00Z,2918.0
2019-01-04T01:45:00Z,1816.0
2019-01-04T01:50:00Z,2522.0
2019-01-04T01:55:00Z,2640.0
2019-01-04T02:00:00Z,3062.0
2019-01-04T02:05:00Z,2986.0
2019-01-04T02:10:00Z,1994.0
2019-01-04T02:15:00Z,1895.0
2019-01-04T02:20:00Z,2435.0
2019-01-04T02:25:00Z,2564.0
2019-01-04T02:30:00Z,2425.0
2019-01-04T02:35:00Z,1953.0
2019-01-04T02:40:00Z,2130.0
2019-01-04T02:45:00Z,1929.0
2019-01-04T02:50:00Z,2918.0
2019-01-04T02:55:00Z,4417.0
2019-01-04T03:00:00Z,2566.0
2019-01-04T03:05:00Z,4111.0
2019-01-04T03:10:00Z,10459.0
2019-01-04T03:15:00Z,1626.0
2019-01-04T03:20:00Z,1321.0
2019-01-04T03:25:00Z,1716.0
2019-01-04T03:30:00Z,1748.0
2019-01-04T03:35:00Z,1516.0
2019-01-04T03:40:00Z,1170.0
2019-01-04T03:45:00Z,1289.0
2019-01-04T03:50:00Z,1304.0
2019-01-04T03:55:00Z,1171.0
2019-01-04T04:00:00Z,1981.0
2019-01-04T04:05:00Z,2677.0
2019-01-04T04:10:00Z,1804.0
2019-01-04T04:15:00Z,1791.0
2019-01-04T04:20:00Z,1341.0
2019-01-04T04:25:00Z,1545.0
2019-01-04T04:30:00Z,1593.0
2019-01-04T04:35:00Z,2227.0
2019-01-04T04:40:00Z,2083.0
2019-01-04T04:45:00Z,1739.0
2019-01-04T04:50:00Z,1674.0
2019-01-04T04:55:00Z,2108.0
2019-01-04T05:00:00Z,2383.0
2019-01-04T05:05:00Z,2543.0
2019-01-04T05:10:00Z,1306.0
2019-01-04T05:15:00Z,2069.0
2019-01-04T05:20:00Z,1454.0
2019-01-04T05:25:00Z,1301.0
2019-01-04T05:30:00Z,2075.0
2019-01-04T05:35:00Z,1650.0
2019-01-04T05:40:00Z,995.0
2019-01-04T05:45:00Z,938.0
2019-01-04T05:50:00Z,804.0
2019-01-04T05:55:00Z,1500.0
2019-01-04T06:00:00Z,2451.0
2019-01-04T06:05:00Z,4893.0
2019-01-04T06:10:00Z,6476.0
2019-01-04T06:15:00Z,3564.0
2019-01-04T06:20:00Z,3083.0
2019-01-04T06:25:00Z,1486.0
2019-01-04T06:30:00Z,1466.0
2019-01-04T06:35:00Z,1583.0
2019-01-04T06:40:00Z,1072.0
2019-01-04T06:45:00Z,1164.0
2019-01-04T06:50:00Z,1277.0
2019-01-04T06:55:00Z,891.0
2019-01-04T07:00:00Z,1759.0
2019-01-04T07:05:00Z,3552.0
2019-01-04T07:10:00Z,1835.0
2019-01-04T07:15:00Z,2385.0
2019-01-04T07:20:00Z,1623.0
2019-01-04T07:25:00Z,1686.0
2019-01-04T07:30:00Z,2947.0
2019-01-04T07:35:00Z,2539.0
2019-01-04T07:40:00Z,1829.0
2019-01-04T07:45:00Z,1607.0
2019-01-04T07:50:00Z,1409.0
2019-01-04T07:55:00Z,853.0
2019-01-04T08:00:00Z,2022.0
2019-01-04T08:05:00Z,1842.0
2019-01-04T08:10:00Z,1546.0
2019-01-04T08:15:00Z,1244.0
2019-01-04T08:20:00Z,1062.0
2019-01-04T08:25:00Z,1811.0
2019-01-04T08:30:00Z,1076.0
2019-01-04T08:35:00Z,1107.0
2019-01-04T08:40:00Z,921.0
2019-01-04T08:45:00Z,966.0
2019-01-04T08:50:00Z,1570.0
2019-01-04T08:55:00Z,893.0
2019-01-04T09:00:00Z,1382.0
2019-01-04T09:05:00Z,3722.0
2019-01-04T09:10:00Z,7345.0
2019-01-04T09:15:00Z,3344.0
2019-01-04T09:20:00Z,2226.0
2019-01-04T09:25:00Z,1987.0
2019-01-04T09:30:00Z,1580.0
2019-01-04T09:35:00Z,1576.0
2019-01-04T09:40:00Z,2452.0
2019-01-04T09:45:00Z,2332.0
2019-01-04T09:50:00Z,2187.0
2019-01-04T09:55:00Z,1620.0
2019-01-04T10:00:00Z,3073.0
2019-01-04T10:05:00Z,5421.0
2019-01-04T10:10:00Z,4267.0
2019-01-04T10:15:00Z,3328.0
2019-01-04T10:20:00Z,3388.0
2019-01-04T10:25:00Z,3597.0
2019-01-04T10:30:00Z,3139.0
2019-01-04T10:35:00Z,3363.0
2019-01-04T10:40:00Z,4252.0
2019-01-04T10:45:00Z,5175.0
2019-01-04T10:50:00Z,4315.0
2019-01-04T10:55:00Z,3543.0
2019-01-04T11:00:00Z,4898.0
2019-01-04T11:05:00Z,5591.0
2019-01-04T11:10:00Z,4146.0
2019-01-04T11:15:00Z,4032.0
2019-01-04T11:20:00Z,3138.0
2019-01-04T11:25:00Z,2393.0
2019-01-04T11:30:00Z,2421.0
2019-01-04T11:35:00Z,2894.0
2019-01-04T11:40:00Z,2914.0
2019-01-04T11:45:00Z,2733.0
2019-01-04T11:50:00Z,2325.0
2019-01-04T11:55:00Z,2987.0
2019-01-04T12:00:00Z,4948.0
2019-01-04T12:05:00Z,6358.0
2019-01-04T12:10:00Z,3783.0
2019-01-04T12:15:00Z,3666.0
2019-01-04T12:20:00Z,3833.0
2019-01-04T12:25:00Z,4030.0
2019-01-04T12:30:00Z,4723.0
2019-01-04T12:35:00Z,4749.0
2019-01-04T12:40:00Z,4606.0
2019-01-04T12:45:00Z,4408.0
2019-01-04T12:50:00Z,4073.0
2019-01-04T12:55:00Z,4708.0
2019-01-04T13:00:00Z,6680.0
2019-01-04T13:05:00Z,10502.0
2019-01-04T13:10:00Z,10274.0
2019-01-04T13:15:00Z,9119.0
2019-01-04T13:20:00Z,11323.0
2019-01-04T13:25:00Z,11250.0
2019-01-04T13:30:00Z,8044.0
2019-01-04T13:35:00Z,8050.0
2019-01-04T13:40:00Z,7950.0
2019-01-04T13:45:00Z,8090.0
2019-01-04T13:50:00Z,7587.0
2019-01-04T13:55:00Z,7019.0
2019-01-04T14:00:00Z,7122.0
2019-01-04T14:05:00Z,8548.0
2019-01-04T14:10:00Z,6662.0
2019-01-04T14:15:00Z,6294.0
2019-01-04T14:20:00Z,8442.0
2019-01-04T14:25:00Z,6407.0
2019-01-04T14:30:00Z,6349.0
2019-01-04T14:35:00Z,6785.0
2019-01-04T14:40:00Z,7217.0
2019-01-04T14:45:00Z,7911.0
2019-01-04T14:50:00Z,7162.0
2019-01-04T14:55:00Z,8060.0
2019-01-04T15:00:00Z,8323.0
2019-01-04T15:05:00Z,9487.0
2019-01-04T15:10:00Z,10377.0
2019-01-04T15:15:00Z,8676.0
2019-01-04T15:20:00Z,8735.0
2019-01-04T15:25:00Z,6953.0
2019-01-04T15:30:00Z,8222.0
2019-01-04T15:35:00Z,9365.0
2019-01-04T15:40:00Z,8918.0
2019-01-04T15:45:00Z,8063.0
2019-01-04T15:50:00Z,8637.0
2019-01-04T15:55:00Z,8584.0
2019-01-04T16:00:00Z,10285.0
2019-01-04T16:05:00Z,10794.0
2019-01-04T16:10:00Z,11830.0
2019-01-04T16:15:00Z,9574.0
2019-01-04T16:20:00Z,9189.0
2019-01-04T16:25:00Z,7902.0
2019-01-04T16:30:00Z,9550.0
2019-01-04T16:35:00Z,7432.0
2019-01-04T16:40:00Z,8735.0
2019-01-04T16:45:00Z,6922.0
2019-01-04T16:50:00Z,8009.0
2019-01-04T16:55:00Z,7663.0
2019-01-04T17:00:00Z,8996.0
2019-01-04T17:05:00Z,9178.0
2019-01-04T17:10:00Z,9385.0
2019-01-04T17:15:00Z,7576.0
2019-01-04T17:20:00Z,8114.0
2019-01-04T17:25:00Z,8052.0
2019-01-04T17:30:00Z,7676.0
2019-01-04T17:35:00Z,9348.0
2019-01-04T17:40:00Z,8258.0
2019-01-04T17:45:00Z,8173.0
2019-01-04T17:50:00Z,8371.0
2019-01-04T17:55:00Z,9188.0
2019-01-04T18:00:00Z,9490.0
2019-01-04T18:05:00Z,10193.0
2019-01-04T18:10:00Z,8467.0
2019-01-04T18:15:00Z,8122.0
2019-01-04T18:20:00Z,8414.0
2019-01-04T18:25:00Z,7684.0
2019-01-04T18:30:00Z,8910.0
2019-01-04T18:35:00Z,8410.0
2019-01-04T18:40:00Z,8207.0
2019-01-04T18:45:00Z,9741.0
2019-01-04T18:50:00Z,8383.0
2019-01-04T18:55:00Z,7727.0
2019-01-04T19:00:00Z,8040.0
2019-01-04T19:05:00Z,9097.0
2019-01-04T19:10:00Z,9133.0
2019-01-04T19:15:00Z,8471.0
2019-01-04T19:20:00Z,8337.0
2019-01-04T19:25:00Z,9022.0
2019-01-04T19:30:00Z,8362.0
2019-01-04T19:35:00Z,7727.0
2019-01-04T19:40:00Z,7207.0
2019-01-04T19:45:00Z,7936.0
2019-01-04T19:50:00Z,8536.0
2019-01-04T19:55:00Z,7772.0
2019-01-04T20:00:00Z,8635.0
2019-01-04T20:05:00Z,8906.0
2019-01-04T20:10:00Z,7441.0
2019-01-04T20:15:00Z,7126.0
2019-01-04T20:20:00Z,7380.0
2019-01-04T20:25:00Z,7910.0
2019-01-04T20:30:00Z,6826.0
2019-01-04T20:35:00Z,6212.0
2019-01-04T20:40:00Z,6703.0
2019-01-04T20:45:00Z,7749.0
2019-01-04T20:50:00Z,6652.0
2019-01-04T20:55:00Z,7373.0
2019-01-04T21:00:00Z,8031.0
2019-01-04T21:05:00Z,8063.0
2019-01-04T21:10:00Z,5651.0
2019-01-04T21:15:00Z,5767.0
2019-01-04T21:20:00Z,5742.0
2019-01-04T21:25:00Z,6941.0
2019-01-04T21:30:00Z,6348.0
2019-01-04T21:35:00Z,6175.0
2019-01-04T21:40:00Z,6002.0
2019-01-04T21:45:00Z,5647.0
2019-01-04T21:50:00Z,5283.0
2019-01-04T21:55:00Z,6212.0
2019-01-04T22:00:00Z,5779.0
2019-01-04T22:05:00Z,6224.0
2019-01-04T22:10:00Z,4963.0
2019-01-04T22:15:00Z,4985.0
2019-01-04T22:20:00Z,4140.0
2019-01-04T22:25:00Z,4031.0
2019-01-04T22:30:00Z,4618.0
2019-01-04T22:35:00Z,4155.0
2019-01-04T22:40:00Z,3967.0
2019-01-04T22:45:00Z,4304.0
2019-01-04T22:50:00Z,3713.0
2019-01-04T22:55:00Z,4169.0
2019-01-04T23:00:00Z,4726.0
2019-01-04T23:05:00Z,4755.0
2019-01-04T23:10:00Z,3715.0
2019-01-04T23:15:00Z,3026.0
2019-01-04T23:20:00Z,2436.0
2019-01-04T23:25:00Z,2511.0
2019-01-04T23:30:00Z,2708.0
2019-01-04T23:35:00Z,2621.0
2019-01-04T23:40:00Z,2932.0
2019-01-04T23:45:00Z,2730.0
2019-01-04T23:50:00Z,3460.0
2019-01-04T23:55:00Z,3902.0
2019-01-05T00:00:00Z,4568.0
2019-01-05T00:05:00Z,2698.0
2019-01-05T00:10:00Z,2190.0
2019-01-05T00:15:00Z,2254.0
2019-01-05T00:20:00Z,2896.0
2019-01-05T00:25:00Z,2278.0
2019-01-05T00:30:00Z,2023.0
2019-01-05T00:35:00Z,1750.0
2019-01-05T00:40:00Z,1483.0
2019-01-05T00:45:00Z,2134.0
2019-01-05T00:50:00Z,2048.0
2019-01-05T00:55:00Z,2239.0
2019-01-05T01:00:00Z,2807.0
2019-01-05T01:05:00Z,2403.0
2019-01-05T01:10:00Z,2593.0
2019-01-05T01:15:00Z,2624.0
2019-01-05T01:20:00Z,1915.0
2019-01-05T01:25:00Z,1279.0
2019-01-05T01:30:00Z,2004.0
2019-01-05T01:35:00Z,3356.0
2019-01-05T01:40:00Z,1969.0
2019-01-05T01:45:00Z,1624.0
2019-01-05T01:50:00Z,1487.0
2019-01-05T01:55:00Z,1210.0
2019-01-05T02:00:00Z,1609.0
2019-01-05T02:05:00Z,2137.0
2019-01-05T02:10:00Z,1562.0
2019-01-05T02:15:00Z,1328.0
2019-01-05T02:20:00Z,1264.0
2019-01-05T02:25:00Z,1199.0
2019-01-05T02:30:00Z,1567.0
2019-01-05T02:35:00Z,1513.0
2019-01-05T02:40:00Z,1015.0
2019-01-05T02:45:00Z,1167.0
2019-01-05T02:50:00Z,1716.0
2019-01-05T02:55:00Z,2483.0
2019-01-05T03:00:00Z,2871.0
2019-01-05T03:05:00Z,4792.0
2019-01-05T03:10:00Z,9889.0
2019-01-05T03:15:00Z,1562.0
2019-01-05T03:20:00Z,1550.0
2019-01-05T03:25:00Z,1004.0
2019-01-05T03:30:00Z,1093.0
2019-01-05T03:35:00Z,1063.0
2019-01-05T03:40:00Z,3637.0
2019-01-05T03:45:00Z,3625.0
2019-01-05T03:50:00Z,739.0
2019-01-05T03:55:00Z,872.0
2019-01-05T04:00:00Z,1393.0
2019-01-05T04:05:00Z,1718.0
2019-01-05T04:10:00Z,998.0
2019-01-05T04:15:00Z,840.0
2019-01-05T04:20:00Z,729.0
2019-01-05T04:25:00Z,782.0
2019-01-05T04:30:00Z,1238.0
2019-01-05T04:35:00Z,1303.0
2019-01-05T04:40:00Z,855.0
2019-01-05T04:45:00Z,708.0
2019-01-05T04:50:00Z,658.0
2019-01-05T04:55:00Z,1270.0
2019-01-05T05:00:00Z,1660.0
2019-01-05T05:05:00Z,1535.0
2019-01-05T05:10:00Z,895.0
2019-01-05T05:15:00Z,904.0
2019-01-05T05:20:00Z,882.0
2019-01-05T05:25:00Z,954.0
2019-01-05T05:30:00Z,1443.0
2019-01-05T05:35:00Z,1268.0
2019-01-05T05:40:00Z,821.0
2019-01-05T05:45:00Z,838.0
2019-01-05T05:50:00Z,795.0
2019-01-05T05:55:00Z,1467.0
2019-01-05T06:00:00Z,1995.0
2019-01-05T06:05:00Z,4305.0
2019-01-05T06:10:00Z,5669.0
2019-01-05T06:15:00Z,1620.0
2019-01-05T06:20:00Z,1335.0
2019-01-05T06:25:00Z,939.0
2019-01-05T06:30:00Z,739.0
2019-01-05T06:35:00Z,1400.0
2019-01-05T06:40:00Z,719.0
2019-01-05T06:45:00Z,694.0
2019-01-05T06:50:00Z,561.0
2019-01-05T06:55:00Z,681.0
2019-01-05T07:00:00Z,1720.0
2019-01-05T07:05:00Z,2551.0
2019-01-05T07:10:00Z,855.0
2019-01-05T07:15:00Z,1131.0
2019-01-05T07:20:00Z,790.0
2019-01-05T07:25:00Z,1218.0
2019-01-05T07:30:00Z,2780.0
2019-01-05T07:35:00Z,3681.0
2019-01-05T07:40:00Z,1832.0
2019-01-05T07:45:00Z,1101.0
2019-01-05T07:50:00Z,614.0
2019-01-05T07:55:00Z,426.0
2019-01-05T08:00:00Z,1455.0
2019-01-05T08:05:00Z,1730.0
2019-01-05T08:10:00Z,1389.0
2019-01-05T08:15:00Z,872.0
2019-01-05T08:20:00Z,819.0
2019-01-05T08:25:00Z,1038.0
2019-01-05T08:30:00Z,808.0
2019-01-05T08:35:00Z,1327.0
2019-01-05T08:40:00Z,1024.0
2019-01-05T08:45:00Z,684.0
2019-01-05T08:50:00Z,1834.0
2019-01-05T08:55:00Z,860.0
2019-01-05T09:00:00Z,1434.0
2019-01-05T09:05:00Z,3519.0
2019-01-05T09:10:00Z,4577.0
2019-01-05T09:15:00Z,1716.0
2019-01-05T09:20:00Z,2355.0
2019-01-05T09:25:00Z,1500.0
2019-01-05T09:30:00Z,1539.0
2019-01-05T09:35:00Z,1548.0
2019-01-05T09:40:00Z,2413.0
2019-01-05T09:45:00Z,2126.0
2019-01-05T09:50:00Z,1769.0
2019-01-05T09:55:00Z,1699.0
2019-01-05T10:00:00Z,2845.0
2019-01-05T10:05:00Z,4373.0
2019-01-05T10:10:00Z,2719.0
2019-01-05T10:15:00Z,2893.0
2019-01-05T10:20:00Z,3370.0
2019-01-05T10:25:00Z,2261.0
2019-01-05T10:30:00Z,2165.0
2019-01-05T10:35:00Z,2514.0
2019-01-05T10:40:00Z,3017.0
2019-01-05T10:45:00Z,3132.0
2019-01-05T10:50:00Z,2153.0
2019-01-05T10:55:00Z,2411.0
2019-01-05T11:00:00Z,4072.0
2019-01-05T11:05:00Z,3631.0
2019-01-05T11:10:00Z,2377.0
2019-01-05T11:15:00Z,2307.0
2019-01-05T11:20:00Z,2927.0
2019-01-05T11:25:00Z,1918.0
2019-01-05T11:30:00Z,1619.0
2019-01-05T11:35:00Z,1654.0
2019-01-05T11:40:00Z,1439.0
2019-01-05T11:45:00Z,1939.0
2019-01-05T11:50:00Z,1558.0
2019-01-05T11:55:00Z,1242.0
2019-01-05T12:00:00Z,2366.0
2019-01-05T12:05:00Z,2994.0
2019-01-05T12:10:00Z,1740.0
2019-01-05T12:15:00Z,1551.0
2019-01-05T12:20:00Z,1395.0
2019-01-05T12:25:00Z,1209.0
2019-01-05T12:30:00Z,1520.0
2019-01-05T12:35:00Z,2731.0
2019-01-05T12:40:00Z,1372.0
2019-01-05T12:45:00Z,1456.0
2019-01-05T12:50:00Z,1487.0
2019-01-05T12:55:00Z,1552.0
2019-01-05T13:00:00Z,2718.0
2019-01-05T13:05:00Z,3085.0
2019-01-05T13:10:00Z,2539.0
2019-01-05T13:15:00Z,3124.0
2019-01-05T13:20:00Z,4200.0
2019-01-05T13:25:00Z,3819.0
2019-01-05T13:30:00Z,3738.0
2019-01-05T13:35:00Z,2531.0
2019-01-05T13:40:00Z,1577.0
2019-01-05T13:45:00Z,1482.0
2019-01-05T13:50:00Z,1296.0
2019-01-05T13:55:00Z,985.0
2019-01-05T14:00:00Z,1772.0
2019-01-05T14:05:00Z,2177.0
2019-01-05T14:10:00Z,1866.0
2019-01-05T14:15:00Z,1368.0
2019-01-05T14:20:00Z,1439.0
2019-01-05T14:25:00Z,1799.0
2019-01-05T14:30:00Z,1820.0
2019-01-05T14:35:00Z,1149.0
2019-01-05T14:40:00Z,1042.0
2019-01-05T14:45:00Z,1042.0
2019-01-05T14:50:00Z,1331.0
2019-01-05T14:55:00Z,1097.0
2019-01-05T15:00:00Z,2327.0
2019-01-05T15:05:00Z,2879.0
2019-01-05T15:10:00Z,1805.0
2019-01-05T15:15:00Z,1757.0
2019-01-05T15:20:00Z,1687.0
2019-01-05T15:25:00Z,1217.0
2019-01-05T15:30:00Z,1240.0
2019-01-05T15:35:00Z,1285.0
2019-01-05T15:40:00Z,1108.0
2019-01-05T15:45:00Z,1036.0
2019-01-05T15:50:00Z,1229.0
2019-01-05T15:55:00Z,1278.0
2019-01-05T16:00:00Z,2039.0
2019-01-05T16:05:00Z,2618.0
2019-01-05T16:10:00Z,1472.0
2019-01-05T16:15:00Z,1996.0
2019-01-05T16:20:00Z,1867.0
2019-01-05T16:25:00Z,1431.0
2019-01-05T16:30:00Z,2079.0
2019-01-05T16:35:00Z,1367.0
2019-01-05T16:40:00Z,1126.0
2019-01-05T16:45:00Z,1407.0
2019-01-05T16:50:00Z,1156.0
2019-01-05T16:55:00Z,985.0
2019-01-05T17:00:00Z,1505.0
2019-01-05T17:05:00Z,1951.0
2019-01-05T17:10:00Z,1321.0
2019-01-05T17:15:00Z,1315.0
2019-01-05T17:20:00Z,1494.0
2019-01-05T17:25:00Z,1393.0
2019-01-05T17:30:00Z,1093.0
2019-01-05T17:35:00Z,1143.0
2019-01-05T17:40:00Z,1013.0
2019-01-05T17:45:00Z,1247.0
2019-01-05T17:50:00Z,1085.0
2019-01-05T17:55:00Z,1029.0
2019-01-05T18:00:00Z,1347.0
2019-01-05T18:05:00Z,2050.0
2019-01-05T18:10:00Z,1312.0
2019-01-05T18:15:00Z,1228.0
2019-01-05T18:20:00Z,1065.0
2019-01-05T18:25:00Z,1067.0
2019-01-05T18:30:00Z,1147.0
2019-01-05T18:35:00Z,1185.0
2019-01-05T18:40:00Z,885.0
2019-01-05T18:45:00Z,908.0
2019-01-05T18:50:00Z,1139.0
2019-01-05T18:55:00Z,978.0
2019-01-05T19:00:00Z,1135.0
2019-01-05T19:05:00Z,1501.0
2019-01-05T19:10:00Z,1255.0
2019-01-05T19:15:00Z,1099.0
2019-01-05T19:20:00Z,976.0
2019-01-05T19:25:00Z,972.0
2019-01-05T19:30:00Z,1254.0
2019-01-05T19:35:00Z,1445.0
2019-01-05T19:40:00Z,1209.0
2019-01-05T19:45:00Z,1160.0
2019-01-05T19:50:00Z,1086.0
2019-01-05T19:55:00Z,1122.0
2019-01-05T20:00:00Z,1297.0
2019-01-05T20:05:00Z,1930.0
2019-01-05T20:10:00Z,1017.0
2019-01-05T20:15:00Z,1081.0
2019-01-05T20:20:00Z,1046.0
2019-01-05T20:25:00Z,940.0
2019-01-05T20:30:00Z,823.0
2019-01-05T20:35:00Z,931.0
2019-01-05T20:40:00Z,1053.0
2019-01-05T20:45:00Z,908.0
2019-01-05T20:50:00Z,757.0
2019-01-05T20:55:00Z,784.0
2019-01-05T21:00:00Z,1128.0
2019-01-05T21:05:00Z,1753.0
2019-01-05T21:10:00Z,938.0
2019-01-05T21:15:00Z,857.0
2019-01-05T21:20:00Z,920.0
2019-01-05T21:25:00Z,914.0
2019-01-05T21:30:00Z,949.0
2019-01-05T21:35:00Z,787.0
2019-01-05T21:40:00Z,857.0
2019-01-05T21:45:00Z,719.0
2019-01-05T21:50:00Z,1206.0
2019-01-05T21:55:00Z,1229.0
2019-01-05T22:00:00Z,1307.0
2019-01-05T22:05:00Z,2264.0
2019-01-05T22:10:00Z,783.0
2019-01-05T22:15:00Z,733.0
2019-01-05T22:20:00Z,886.0
2019-01-05T22:25:00Z,952.0
2019-01-05T22:30:00Z,1087.0
2019-01-05T22:35:00Z,1355.0
2019-01-05T22:40:00Z,938.0
2019-01-05T22:45:00Z,1028.0
2019-01-05T22:50:00Z,802.0
2019-01-05T22:55:00Z,667.0
2019-01-05T23:00:00Z,1091.0
2019-01-05T23:05:00Z,1514.0
2019-01-05T23:10:00Z,973.0
2019-01-05T23:15:00Z,805.0
2019-01-05T23:20:00Z,913.0
2019-01-05T23:25:00Z,882.0
2019-01-05T23:30:00Z,793.0
2019-01-05T23:35:00Z,697.0
2019-01-05T23:40:00Z,771.0
2019-01-05T23:45:00Z,1374.0
2019-01-05T23:50:00Z,927.0
2019-01-05T23:55:00Z,1184.0
2019-01-06T00:00:00Z,1613.0
2019-01-06T00:05:00Z,1632.0
2019-01-06T00:10:00Z,929.0
2019-01-06T00:15:00Z,728.0
2019-01-06T00:20:00Z,1500.0
2019-01-06T00:25:00Z,1577.0
2019-01-06T00:30:00Z,1123.0
2019-01-06T00:35:00Z,1286.0
2019-01-06T00:40:00Z,879.0
2019-01-06T00:45:00Z,1095.0
2019-01-06T00:50:00Z,1329.0
2019-01-06T00:55:00Z,867.0
2019-01-06T01:00:00Z,1166.0
2019-01-06T01:05:00Z,1286.0
2019-01-06T01:10:00Z,929.0
2019-01-06T01:15:00Z,894.0
2019-01-06T01:20:00Z,787.0
2019-01-06T01:25:00Z,761.0
2019-01-06T01:30:00Z,1054.0
2019-01-06T01:35:00Z,1339.0
2019-01-06T01:40:00Z,764.0
2019-01-06T01:45:00Z,1090.0
2019-01-06T01:50:00Z,832.0
2019-01-06T01:55:00Z,575.0
2019-01-06T02:00:00Z,948.0
2019-01-06T02:05:00Z,1212.0
2019-01-06T02:10:00Z,881.0
2019-01-06T02:15:00Z,1026.0
2019-01-06T02:20:00Z,674.0
2019-01-06T02:25:00Z,675.0
2019-01-06T02:30:00Z,922.0
2019-01-06T02:35:00Z,742.0
2019-01-06T02:40:00Z,743.0
2019-01-06T02:45:00Z,964.0
2019-01-06T02:50:00Z,742.0
2019-01-06T02:55:00Z,930.0
2019-01-06T03:00:00Z,1099.0
2019-01-06T03:05:00Z,2293.0
2019-01-06T03:10:00Z,10079.0
2019-01-06T03:15:00Z,868.0
2019-01-06T03:20:00Z,692.0
2019-01-06T03:25:00Z,1105.0
2019-01-06T03:30:00Z,770.0
2019-01-06T03:35:00Z,646.0
2019-01-06T03:40:00Z,692.0
2019-01-06T03:45:00Z,962.0
2019-01-06T03:50:00Z,753.0
2019-01-06T03:55:00Z,749.0
2019-01-06T04:00:00Z,1126.0
2019-01-06T04:05:00Z,1398.0
2019-01-06T04:10:00Z,714.0
2019-01-06T04:15:00Z,646.0
2019-01-06T04:20:00Z,641.0
2019-01-06T04:25:00Z,890.0
2019-01-06T04:30:00Z,823.0
2019-01-06T04:35:00Z,947.0
2019-01-06T04:40:00Z,579.0
2019-01-06T04:45:00Z,471.0
2019-01-06T04:50:00Z,529.0
2019-01-06T04:55:00Z,673.0
2019-01-06T05:00:00Z,1323.0
2019-01-06T05:05:00Z,1323.0
2019-01-06T05:10:00Z,764.0
2019-01-06T05:15:00Z,613.0
2019-01-06T05:20:00Z,617.0
2019-01-06T05:25:00Z,562.0
2019-01-06T05:30:00Z,1404.0
2019-01-06T05:35:00Z,1177.0
2019-01-06T05:40:00Z,834.0
2019-01-06T05:45:00Z,919.0
2019-01-06T05:50:00Z,868.0
2019-01-06T05:55:00Z,1368.0
2019-01-06T06:00:00Z,1972.0
2019-01-06T06:05:00Z,3642.0
2019-01-06T06:10:00Z,4126.0
2019-01-06T06:15:00Z,1135.0
2019-01-06T06:20:00Z,1105.0
2019-01-06T06:25:00Z,802.0
2019-01-06T06:30:00Z,773.0
2019-01-06T06:35:00Z,879.0
2019-01-06T06:40:00Z,606.0
2019-01-06T06:45:00Z,630.0
2019-01-06T06:50:00Z,588.0
2019-01-06T06:55:00Z,530.0
2019-01-06T07:00:00Z,1516.0
2019-01-06T07:05:00Z,2403.0
2019-01-06T07:10:00Z,2683.0
2019-01-06T07:15:00Z,3626.0
2019-01-06T07:20:00Z,4360.0
2019-01-06T07:25:00Z,2530.0
2019-01-06T07:30:00Z,773.0
2019-01-06T07:35:00Z,967.0
2019-01-06T07:40:00Z,506.0
2019-01-06T07:45:00Z,706.0
2019-01-06T07:50:00Z,576.0
2019-01-06T07:55:00Z,478.0
2019-01-06T08:00:00Z,970.0
2019-01-06T08:05:00Z,1411.0
2019-01-06T08:10:00Z,1294.0
2019-01-06T08:15:00Z,944.0
2019-01-06T08:20:00Z,677.0
2019-01-06T08:25:00Z,791.0
2019-01-06T08:30:00Z,1345.0
2019-01-06T08:35:00Z,842.0
2019-01-06T08:40:00Z,649.0
2019-01-06T08:45:00Z,907.0
2019-01-06T08:50:00Z,2175.0
2019-01-06T08:55:00Z,896.0
2019-01-06T09:00:00Z,1519.0
2019-01-06T09:05:00Z,2997.0
2019-01-06T09:10:00Z,3765.0
2019-01-06T09:15:00Z,1557.0
2019-01-06T09:20:00Z,1537.0
2019-01-06T09:25:00Z,1200.0
2019-01-06T09:30:00Z,1082.0
2019-01-06T09:35:00Z,3975.0
2019-01-06T09:40:00Z,6726.0
2019-01-06T09:45:00Z,6654.0
2019-01-06T09:50:00Z,3358.0
2019-01-06T09:55:00Z,1150.0
2019-01-06T10:00:00Z,1763.0
2019-01-06T10:05:00Z,3122.0
2019-01-06T10:10:00Z,1689.0
2019-01-06T10:15:00Z,1809.0
2019-01-06T10:20:00Z,1883.0
2019-01-06T10:25:00Z,1600.0
2019-01-06T10:30:00Z,1646.0
2019-01-06T10:35:00Z,1815.0
2019-01-06T10:40:00Z,2455.0
2019-01-06T10:45:00Z,2918.0
2019-01-06T10:50:00Z,2058.0
2019-01-06T10:55:00Z,2191.0
2019-01-06T11:00:00Z,3089.0
2019-01-06T11:05:00Z,2761.0
2019-01-06T11:10:00Z,1655.0
2019-01-06T11:15:00Z,1625.0
2019-01-06T11:20:00Z,2104.0
2019-01-06T11:25:00Z,1342.0
2019-01-06T11:30:00Z,1360.0
2019-01-06T11:35:00Z,1278.0
2019-01-06T11:40:00Z,1236.0
2019-01-06T11:45:00Z,1206.0
2019-01-06T11:50:00Z,1095.0
2019-01-06T11:55:00Z,1061.0
2019-01-06T12:00:00Z,1698.0
2019-01-06T12:05:00Z,1962.0
2019-01-06T12:10:00Z,1261.0
2019-01-06T12:15:00Z,951.0
2019-01-06T12:20:00Z,894.0
2019-01-06T12:25:00Z,807.0
2019-01-06T12:30:00Z,784.0
2019-01-06T12:35:00Z,880.0
2019-01-06T12:40:00Z,657.0
2019-01-06T12:45:00Z,742.0
2019-01-06T12:50:00Z,857.0
2019-01-06T12:55:00Z,809.0
2019-01-06T13:00:00Z,1352.0
2019-01-06T13:05:00Z,1654.0
2019-01-06T13:10:00Z,1180.0
2019-01-06T13:15:00Z,1495.0
2019-01-06T13:20:00Z,2664.0
2019-01-06T13:25:00Z,3052.0
2019-01-06T13:30:00Z,2266.0
2019-01-06T13:35:00Z,1115.0
2019-01-06T13:40:00Z,890.0
2019-01-06T13:45:00Z,763.0
2019-01-06T13:50:00Z,878.0
2019-01-06T13:55:00Z,988.0
2019-01-06T14:00:00Z,1343.0
2019-01-06T14:05:00Z,2601.0
2019-01-06T14:10:00Z,1186.0
2019-01-06T14:15:00Z,1172.0
2019-01-06T14:20:00Z,1141.0
2019-01-06T14:25:00Z,1203.0
2019-01-06T14:30:00Z,1396.0
2019-01-06T14:35:00Z,1128.0
2019-01-06T14:40:00Z,990.0
2019-01-06T14:45:00Z,922.0
2019-01-06T14:50:00Z,985.0
2019-01-06T14:55:00Z,886.0
2019-01-06T15:00:00Z,1277.0
2019-01-06T15:05:00Z,2151.0
2019-01-06T15:10:00Z,1722.0
2019-01-06T15:15:00Z,1387.0
2019-01-06T15:20:00Z,1275.0
2019-01-06T15:25:00Z,1033.0
2019-01-06T15:30:00Z,1163.0
2019-01-06T15:35:00Z,1097.0
2019-01-06T15:40:00Z,1040.0
2019-01-06T15:45:00Z,1010.0
2019-01-06T15:50:00Z,1096.0
2019-01-06T15:55:00Z,1156.0
2019-01-06T16:00:00Z,1941.0
2019-01-06T16:05:00Z,2077.0
2019-01-06T16:10:00Z,1860.0
2019-01-06T16:15:00Z,1709.0
2019-01-06T16:20:00Z,1282.0
2019-01-06T16:25:00Z,1198.0
2019-01-06T16:30:00Z,1106.0
2019-01-06T16:35:00Z,1119.0
2019-01-06T16:40:00Z,1216.0
2019-01-06T16:45:00Z,1285.0
2019-01-06T16:50:00Z,1183.0
2019-01-06T16:55:00Z,1014.0
2019-01-06T17:00:00Z,1286.0
2019-01-06T17:05:00Z,1323.0
2019-01-06T17:10:00Z,1410.0
2019-01-06T17:15:00Z,1557.0
2019-01-06T17:20:00Z,1420.0
2019-01-06T17:25:00Z,1128.0
2019-01-06T17:30:00Z,1374.0
2019-01-06T17:35:00Z,1151.0
2019-01-06T17:40:00Z,830.0
2019-01-06T17:45:00Z,984.0
2019-01-06T17:50:00Z,1008.0
2019-01-06T17:55:00Z,1026.0
2019-01-06T18:00:00Z,1354.0
2019-01-06T18:05:00Z,1391.0
2019-01-06T18:10:00Z,1059.0
2019-01-06T18:15:00Z,1154.0
2019-01-06T18:20:00Z,1067.0
2019-01-06T18:25:00Z,962.0
2019-01-06T18:30:00Z,1047.0
2019-01-06T18:35:00Z,1028.0
2019-01-06T18:40:00Z,999.0
2019-01-06T18:45:00Z,884.0
2019-01-06T18:50:00Z,949.0
2019-01-06T18:55:00Z,969.0
2019-01-06T19:00:00Z,1412.0
2019-01-06T19:05:00Z,1492.0
2019-01-06T19:10:00Z,1241.0
2019-01-06T19:15:00Z,1034.0
2019-01-06T19:20:00Z,970.0
2019-01-06T19:25:00Z,1043.0
2019-01-06T19:30:00Z,1090.0
2019-01-06T19:35:00Z,1061.0
2019-01-06T19:40:00Z,1019.0
2019-01-06T19:45:00Z,993.0
2019-01-06T19:50:00Z,1018.0
2019-01-06T19:55:00Z,1141.0
2019-01-06T20:00:00Z,1470.0
2019-01-06T20:05:00Z,1777.0
2019-01-06T20:10:00Z,1457.0
2019-01-06T20:15:00Z,1535.0
2019-01-06T20:20:00Z,1389.0
2019-01-06T20:25:00Z,1147.0
2019-01-06T20:30:00Z,1713.0
2019-01-06T20:35:00Z,1135.0
2019-01-06T20:40:00Z,1064.0
2019-01-06T20:45:00Z,1248.0
2019-01-06T20:50:00Z,1158.0
2019-01-06T20:55:00Z,1522.0
2019-01-06T21:00:00Z,2104.0
2019-01-06T21:05:00Z,1435.0
2019-01-06T21:10:00Z,1201.0
2019-01-06T21:15:00Z,1271.0
2019-01-06T21:20:00Z,1024.0
2019-01-06T21:25:00Z,1042.0
2019-01-06T21:30:00Z,1185.0
2019-01-06T21:35:00Z,1195.0
2019-01-06T21:40:00Z,1327.0
2019-01-06T21:45:00Z,1145.0
2019-01-06T21:50:00Z,1438.0
2019-01-06T21:55:00Z,1303.0
2019-01-06T22:00:00Z,1585.0
2019-01-06T22:05:00Z,1827.0
2019-01-06T22:10:00Z,1336.0
2019-01-06T22:15:00Z,1416.0
2019-01-06T22:20:00Z,1907.0
2019-01-06T22:25:00Z,1027.0
2019-01-06T22:30:00Z,1197.0
2019-01-06T22:35:00Z,1338.0
2019-01-06T22:40:00Z,1196.0
2019-01-06T22:45:00Z,1143.0
2019-01-06T22:50:00Z,1359.0
2019-01-06T22:55:00Z,1169.0
2019-01-06T23:00:00Z,1740.0
2019-01-06T23:05:00Z,1648.0
2019-01-06T23:10:00Z,1317.0
2019-01-06T23:15:00Z,1438.0
2019-01-06T23:20:00Z,1437.0
2019-01-06T23:25:00Z,1243.0
2019-01-06T23:30:00Z,1484.0
2019-01-06T23:35:00Z,1265.0
2019-01-06T23:40:00Z,1029.0
2019-01-06T23:45:00Z,1151.0
2019-01-06T23:50:00Z,928.0
2019-01-06T23:55:00Z,1199.0
2019-01-07T00:00:00Z,1477.0
2019-01-07T00:05:00Z,2296.0
2019-01-07T00:10:00Z,1387.0
2019-01-07T00:15:00Z,2463.0
2019-01-07T00:20:00Z,2855.0
2019-01-07T00:25:00Z,2049.0
2019-01-07T00:30:00Z,1324.0
2019-01-07T00:35:00Z,1309.0
2019-01-07T00:40:00Z,1686.0
2019-01-07T00:45:00Z,2635.0
2019-01-07T00:50:00Z,1187.0
2019-01-07T00:55:00Z,1256.0
2019-01-07T01:00:00Z,1421.0
2019-01-07T01:05:00Z,1914.0
2019-01-07T01:10:00Z,1374.0
2019-01-07T01:15:00Z,1459.0
2019-01-07T01:20:00Z,1505.0
2019-01-07T01:25:00Z,1582.0
2019-01-07T01:30:00Z,1411.0
2019-01-07T01:35:00Z,1675.0
2019-01-07T01:40:00Z,1390.0
2019-01-07T01:45:00Z,1205.0
2019-01-07T01:50:00Z,1429.0
2019-01-07T01:55:00Z,1034.0
2019-01-07T02:00:00Z,1465.0
2019-01-07T02:05:00Z,1808.0
2019-01-07T02:10:00Z,1390.0
2019-01-07T02:15:00Z,1246.0
2019-01-07T02:20:00Z,1645.0
2019-01-07T02:25:00Z,2240.0
2019-01-07T02:30:00Z,1971.0
2019-01-07T02:35:00Z,1432.0
2019-01-07T02:40:00Z,1365.0
2019-01-07T02:45:00Z,1380.0
2019-01-07T02:50:00Z,2167.0
2019-01-07T02:55:00Z,1679.0
2019-01-07T03:00:00Z,1458.0
2019-01-07T03:05:00Z,3006.0
2019-01-07T03:10:00Z,9969.0
2019-01-07T03:15:00Z,1068.0
2019-01-07T03:20:00Z,1140.0
2019-01-07T03:25:00Z,914.0
2019-01-07T03:30:00Z,1208.0
2019-01-07T03:35:00Z,1555.0
2019-01-07T03:40:00Z,904.0
2019-01-07T03:45:00Z,1108.0
2019-01-07T03:50:00Z,945.0
2019-01-07T03:55:00Z,937.0
2019-01-07T04:00:00Z,1459.0
2019-01-07T04:05:00Z,2094.0
2019-01-07T04:10:00Z,1272.0
2019-01-07T04:15:00Z,1237.0
2019-01-07T04:20:00Z,933.0
2019-01-07T04:25:00Z,1272.0
2019-01-07T04:30:00Z,1304.0
2019-01-07T04:35:00Z,1420.0
2019-01-07T04:40:00Z,778.0
2019-01-07T04:45:00Z,899.0
2019-01-07T04:50:00Z,882.0
2019-01-07T04:55:00Z,884.0
2019-01-07T05:00:00Z,1804.0
2019-01-07T05:05:00Z,2200.0
2019-01-07T05:10:00Z,1496.0
2019-01-07T05:15:00Z,1627.0
2019-01-07T05:20:00Z,1136.0
2019-01-07T05:25:00Z,1206.0
2019-01-07T05:30:00Z,1404.0
2019-01-07T05:35:00Z,1354.0
2019-01-07T05:40:00Z,860.0
2019-01-07T05:45:00Z,931.0
2019-01-07T05:50:00Z,830.0
2019-01-07T05:55:00Z,1328.0
2019-01-07T06:00:00Z,2664.0
2019-01-07T06:05:00Z,4618.0
2019-01-07T06:10:00Z,5978.0
2019-01-07T06:15:00Z,2426.0
2019-01-07T06:20:00Z,1629.0
2019-01-07T06:25:00Z,987.0
2019-01-07T06:30:00Z,807.0
2019-01-07T06:35:00Z,1205.0
2019-01-07T06:40:00Z,701.0
2019-01-07T06:45:00Z,705.0
2019-01-07T06:50:00Z,742.0
2019-01-07T06:55:00Z,734.0
2019-01-07T07:00:00Z,1774.0
2019-01-07T07:05:00Z,2709.0
2019-01-07T07:10:00Z,1226.0
2019-01-07T07:15:00Z,1066.0
2019-01-07T07:20:00Z,1460.0
2019-01-07T07:25:00Z,2403.0
2019-01-07T07:30:00Z,1420.0
2019-01-07T07:35:00Z,1556.0
2019-01-07T07:40:00Z,1015.0
2019-01-07T07:45:00Z,640.0
2019-01-07T07:50:00Z,894.0
2019-01-07T07:55:00Z,673.0
2019-01-07T08:00:00Z,1904.0
2019-01-07T08:05:00Z,2451.0
2019-01-07T08:10:00Z,2349.0
2019-01-07T08:15:00Z,3826.0
2019-01-07T08:20:00Z,2914.0
2019-01-07T08:25:00Z,2368.0
2019-01-07T08:30:00Z,3701.0
2019-01-07T08:35:00Z,2661.0
2019-01-07T08:40:00Z,784.0
2019-01-07T08:45:00Z,2779.0
2019-01-07T08:50:00Z,1969.0
2019-01-07T08:55:00Z,1544.0
2019-01-07T09:00:00Z,2494.0
2019-01-07T09:05:00Z,4445.0
2019-01-07T09:10:00Z,4434.0
2019-01-07T09:15:00Z,2017.0
2019-01-07T09:20:00Z,2469.0
2019-01-07T09:25:00Z,1806.0
2019-01-07T09:30:00Z,1583.0
2019-01-07T09:35:00Z,1827.0
2019-01-07T09:40:00Z,2531.0
2019-01-07T09:45:00Z,2523.0
2019-01-07T09:50:00Z,2681.0
2019-01-07T09:55:00Z,5056.0
2019-01-07T10:00:00Z,6590.0
2019-01-07T10:05:00Z,8107.0
2019-01-07T10:10:00Z,4453.0
2019-01-07T10:15:00Z,2625.0
2019-01-07T10:20:00Z,3789.0
2019-01-07T10:25:00Z,2622.0
2019-01-07T10:30:00Z,2929.0
2019-01-07T10:35:00Z,3598.0
2019-01-07T10:40:00Z,3528.0
2019-01-07T10:45:00Z,3639.0
2019-01-07T10:50:00Z,4125.0
2019-01-07T10:55:00Z,3745.0
2019-01-07T11:00:00Z,4583.0
2019-01-07T11:05:00Z,7389.0
2019-01-07T11:10:00Z,3748.0
2019-01-07T11:15:00Z,3660.0
2019-01-07T11:20:00Z,3412.0
2019-01-07T11:25:00Z,3824.0
2019-01-07T11:30:00Z,4868.0
2019-01-07T11:35:00Z,4590.0
2019-01-07T11:40:00Z,4196.0
2019-01-07T11:45:00Z,4506.0
2019-01-07T11:50:00Z,4669.0
2019-01-07T11:55:00Z,4312.0
2019-01-07T12:00:00Z,6166.0
2019-01-07T12:05:00Z,7793.0
2019-01-07T12:10:00Z,5868.0
2019-01-07T12:15:00Z,5471.0
2019-01-07T12:20:00Z,4478.0
2019-01-07T12:25:00Z,6282.0
2019-01-07T12:30:00Z,6260.0
2019-01-07T12:35:00Z,6731.0
2019-01-07T12:40:00Z,6800.0
2019-01-07T12:45:00Z,6774.0
2019-01-07T12:50:00Z,8136.0
2019-01-07T12:55:00Z,7368.0
2019-01-07T13:00:00Z,9866.0
2019-01-07T13:05:00Z,13379.0
2019-01-07T13:10:00Z,29934.0
2019-01-07T13:15:00Z,18858.0
2019-01-07T13:20:00Z,10420.0
2019-01-07T13:25:00Z,11709.0
2019-01-07T13:30:00Z,11010.0
2019-01-07T13:35:00Z,10310.0
2019-01-07T13:40:00Z,9846.0
2019-01-07T13:45:00Z,11874.0
2019-01-07T13:50:00Z,12075.0
2019-01-07T13:55:00Z,13795.0
2019-01-07T14:00:00Z,16748.0
2019-01-07T14:05:00Z,19172.0
2019-01-07T14:10:00Z,16721.0
2019-01-07T14:15:00Z,14599.0
2019-01-07T14:20:00Z,13770.0
2019-01-07T14:25:00Z,14523.0
2019-01-07T14:30:00Z,13890.0
2019-01-07T14:35:00Z,14596.0
2019-01-07T14:40:00Z,14159.0
2019-01-07T14:45:00Z,16675.0
2019-01-07T14:50:00Z,17077.0
2019-01-07T14:55:00Z,16947.0
2019-01-07T15:00:00Z,20505.0
2019-01-07T15:05:00Z,17906.0
2019-01-07T15:10:00Z,20080.0
2019-01-07T15:15:00Z,18968.0
2019-01-07T15:20:00Z,16247.0
2019-01-07T15:25:00Z,18395.0
2019-01-07T15:30:00Z,19360.0
2019-01-07T15:35:00Z,17597.0
2019-01-07T15:40:00Z,17730.0
2019-01-07T15:45:00Z,17843.0
2019-01-07T15:50:00Z,20057.0
2019-01-07T15:55:00Z,18216.0
2019-01-07T16:00:00Z,26601.0
2019-01-07T16:05:00Z,24091.0
2019-01-07T16:10:00Z,20018.0
2019-01-07T16:15:00Z,21455.0
2019-01-07T16:20:00Z,23850.0
2019-01-07T16:25:00Z,37765.0
2019-01-07T16:30:00Z,20274.0
2019-01-07T16:35:00Z,20417.0
2019-01-07T16:40:00Z,29638.0
2019-01-07T16:45:00Z,27589.0
2019-01-07T16:50:00Z,28137.0
2019-01-07T16:55:00Z,22208.0
2019-01-07T17:00:00Z,21961.0
2019-01-07T17:05:00Z,22071.0
2019-01-07T17:10:00Z,19467.0
2019-01-07T17:15:00Z,17904.0
2019-01-07T17:20:00Z,24918.0
2019-01-07T17:25:00Z,24400.0
2019-01-07T17:30:00Z,15817.0
2019-01-07T17:35:00Z,18656.0
2019-01-07T17:40:00Z,18467.0
2019-01-07T17:45:00Z,18461.0
2019-01-07T17:50:00Z,20751.0
2019-01-07T17:55:00Z,20078.0
2019-01-07T18:00:00Z,20604.0
2019-01-07T18:05:00Z,29645.0
2019-01-07T18:10:00Z,45121.0
2019-01-07T18:15:00Z,47788.0
2019-01-07T18:20:00Z,18760.0
2019-01-07T18:25:00Z,17760.0
2019-01-07T18:30:00Z,22591.0
2019-01-07T18:35:00Z,20386.0
2019-01-07T18:40:00Z,21326.0
2019-01-07T18:45:00Z,19837.0
2019-01-07T18:50:00Z,20308.0
2019-01-07T18:55:00Z,21726.0
2019-01-07T19:00:00Z,21084.0
2019-01-07T19:05:00Z,21620.0
2019-01-07T19:10:00Z,21832.0
2019-01-07T19:15:00Z,20214.0
2019-01-07T19:20:00Z,20284.0
2019-01-07T19:25:00Z,21965.0
2019-01-07T19:30:00Z,21296.0
2019-01-07T19:35:00Z,20870.0
2019-01-07T19:40:00Z,18664.0
2019-01-07T19:45:00Z,20260.0
2019-01-07T19:50:00Z,21348.0
2019-01-07T19:55:00Z,20768.0
2019-01-07T20:00:00Z,22549.0
2019-01-07T20:05:00Z,25157.0
2019-01-07T20:10:00Z,34143.0
2019-01-07T20:15:00Z,20761.0
2019-01-07T20:20:00Z,17685.0
2019-01-07T20:25:00Z,16483.0
2019-01-07T20:30:00Z,19702.0
2019-01-07T20:35:00Z,21002.0
2019-01-07T20:40:00Z,23638.0
2019-01-07T20:45:00Z,19788.0
2019-01-07T20:50:00Z,19179.0
2019-01-07T20:55:00Z,20370.0
2019-01-07T21:00:00Z,19931.0
2019-01-07T21:05:00Z,19735.0
2019-01-07T21:10:00Z,17347.0
2019-01-07T21:15:00Z,20627.0
2019-01-07T21:20:00Z,17875.0
2019-01-07T21:25:00Z,17201.0
2019-01-07T21:30:00Z,20063.0
2019-01-07T21:35:00Z,23823.0
2019-01-07T21:40:00Z,24775.0
2019-01-07T21:45:00Z,19587.0
2019-01-07T21:50:00Z,21451.0
2019-01-07T21:55:00Z,21629.0
2019-01-07T22:00:00Z,20258.0
2019-01-07T22:05:00Z,20003.0
2019-01-07T22:10:00Z,16266.0
2019-01-07T22:15:00Z,16010.0
2019-01-07T22:20:00Z,14660.0
2019-01-07T22:25:00Z,14856.0
2019-01-07T22:30:00Z,16140.0
2019-01-07T22:35:00Z,14576.0
2019-01-07T22:40:00Z,12308.0
2019-01-07T22:45:00Z,14317.0
2019-01-07T22:50:00Z,13819.0
2019-01-07T22:55:00Z,13163.0
2019-01-07T23:00:00Z,14712.0
2019-01-07T23:05:00Z,15582.0
2019-01-07T23:10:00Z,12781.0
2019-01-07T23:15:00Z,12296.0
2019-01-07T23:20:00Z,11469.0
2019-01-07T23:25:00Z,11064.0
2019-01-07T23:30:00Z,13083.0
2019-01-07T23:35:00Z,12359.0
2019-01-07T23:40:00Z,11024.0
2019-01-07T23:45:00Z,10569.0
2019-01-07T23:50:00Z,9788.0
2019-01-07T23:55:00Z,9817.0
2019-01-08T00:00:00Z,10274.0
2019-01-08T00:05:00Z,9044.0
2019-01-08T00:10:00Z,8016.0
2019-01-08T00:15:00Z,8159.0
2019-01-08T00:20:00Z,8256.0
2019-01-08T00:25:00Z,7803.0
2019-01-08T00:30:00Z,7166.0
2019-01-08T00:35:00Z,6432.0
2019-01-08T00:40:00Z,6133.0
2019-01-08T00:45:00Z,5396.0
2019-01-08T00:50:00Z,5987.0
2019-01-08T00:55:00Z,5504.0
2019-01-08T01:00:00Z,5532.0
2019-01-08T01:05:00Z,6048.0
2019-01-08T01:10:00Z,4872.0
2019-01-08T01:15:00Z,4408.0
2019-01-08T01:20:00Z,5259.0
2019-01-08T01:25:00Z,5096.0
2019-01-08T01:30:00Z,5445.0
2019-01-08T01:35:00Z,4845.0
2019-01-08T01:40:00Z,4609.0
2019-01-08T01:45:00Z,3381.0
2019-01-08T01:50:00Z,3313.0
2019-01-08T01:55:00Z,3487.0
2019-01-08T02:00:00Z,4427.0
2019-01-08T02:05:00Z,4221.0
2019-01-08T02:10:00Z,2874.0
2019-01-08T02:15:00Z,2629.0
2019-01-08T02:20:00Z,2509.0
2019-01-08T02:25:00Z,2399.0
2019-01-08T02:30:00Z,2813.0
2019-01-08T02:35:00Z,2707.0
2019-01-08T02:40:00Z,2093.0
2019-01-08T02:45:00Z,2642.0
2019-01-08T02:50:00Z,2578.0
2019-01-08T02:55:00Z,2679.0
2019-01-08T03:00:00Z,3230.0
2019-01-08T03:05:00Z,4082.0
2019-01-08T03:10:00Z,13751.0
2019-01-08T03:15:00Z,3833.0
2019-01-08T03:20:00Z,3698.0
2019-01-08T03:25:00Z,2374.0
2019-01-08T03:30:00Z,2151.0
2019-01-08T03:35:00Z,2854.0
2019-01-08T03:40:00Z,1946.0
2019-01-08T03:45:00Z,2097.0
2019-01-08T03:50:00Z,2493.0
2019-01-08T03:55:00Z,2147.0
2019-01-08T04:00:00Z,2461.0
2019-01-08T04:05:00Z,2405.0
2019-01-08T04:10:00Z,1747.0
2019-01-08T04:15:00Z,1817.0
2019-01-08T04:20:00Z,2560.0
2019-01-08T04:25:00Z,2442.0
2019-01-08T04:30:00Z,3179.0
2019-01-08T04:35:00Z,3091.0
2019-01-08T04:40:00Z,2029.0
2019-01-08T04:45:00Z,1830.0
2019-01-08T04:50:00Z,1418.0
2019-01-08T04:55:00Z,1505.0
2019-01-08T05:00:00Z,2358.0
2019-01-08T05:05:00Z,3428.0
2019-01-08T05:10:00Z,1582.0
2019-01-08T05:15:00Z,1573.0
2019-01-08T05:20:00Z,1550.0
2019-01-08T05:25:00Z,1418.0
2019-01-08T05:30:00Z,2044.0
2019-01-08T05:35:00Z,2041.0
2019-01-08T05:40:00Z,1428.0
2019-01-08T05:45:00Z,1465.0
2019-01-08T05:50:00Z,1302.0
2019-01-08T05:55:00Z,1965.0
2019-01-08T06:00:00Z,2720.0
2019-01-08T06:05:00Z,5705.0
2019-01-08T06:10:00Z,6225.0
2019-01-08T06:15:00Z,2763.0
2019-01-08T06:20:00Z,2424.0
2019-01-08T06:25:00Z,2015.0
2019-01-08T06:30:00Z,2277.0
2019-01-08T06:35:00Z,1694.0
2019-01-08T06:40:00Z,1354.0
2019-01-08T06:45:00Z,1264.0
2019-01-08T06:50:00Z,1180.0
2019-01-08T06:55:00Z,887.0
2019-01-08T07:00:00Z,3380.0
2019-01-08T07:05:00Z,4557.0
2019-01-08T07:10:00Z,2152.0
2019-01-08T07:15:00Z,2005.0
2019-01-08T07:20:00Z,2566.0
2019-01-08T07:25:00Z,3003.0
2019-01-08T07:30:00Z,2931.0
2019-01-08T07:35:00Z,2210.0
2019-01-08T07:40:00Z,1642.0
2019-01-08T07:45:00Z,1630.0
2019-01-08T07:50:00Z,1474.0
2019-01-08T07:55:00Z,1023.0
2019-01-08T08:00:00Z,2167.0
2019-01-08T08:05:00Z,2113.0
2019-01-08T08:10:00Z,1449.0
2019-01-08T08:15:00Z,1278.0
2019-01-08T08:20:00Z,1291.0
2019-01-08T08:25:00Z,2453.0
2019-01-08T08:30:00Z,1594.0
2019-01-08T08:35:00Z,1445.0
2019-01-08T08:40:00Z,1028.0
2019-01-08T08:45:00Z,1084.0
2019-01-08T08:50:00Z,1759.0
2019-01-08T08:55:00Z,1080.0
2019-01-08T09:00:00Z,3352.0
2019-01-08T09:05:00Z,4637.0
2019-01-08T09:10:00Z,5547.0
2019-01-08T09:15:00Z,4945.0
2019-01-08T09:20:00Z,3960.0
2019-01-08T09:25:00Z,2304.0
2019-01-08T09:30:00Z,2077.0
2019-01-08T09:35:00Z,1459.0
2019-01-08T09:40:00Z,2893.0
2019-01-08T09:45:00Z,2000.0
2019-01-08T09:50:00Z,1992.0
2019-01-08T09:55:00Z,1566.0
2019-01-08T10:00:00Z,3158.0
2019-01-08T10:05:00Z,4945.0
2019-01-08T10:10:00Z,4344.0
2019-01-08T10:15:00Z,3171.0
2019-01-08T10:20:00Z,3673.0
2019-01-08T10:25:00Z,2867.0
2019-01-08T10:30:00Z,2836.0
2019-01-08T10:35:00Z,3047.0
2019-01-08T10:40:00Z,3775.0
2019-01-08T10:45:00Z,3629.0
2019-01-08T10:50:00Z,3399.0
2019-01-08T10:55:00Z,3233.0
2019-01-08T11:00:00Z,5649.0
2019-01-08T11:05:00Z,4986.0
2019-01-08T11:10:00Z,3713.0
2019-01-08T11:15:00Z,3717.0
2019-01-08T11:20:00Z,3611.0
2019-01-08T11:25:00Z,3142.0
2019-01-08T11:30:00Z,3750.0
2019-01-08T11:35:00Z,3743.0
2019-01-08T11:40:00Z,3742.0
2019-01-08T11:45:00Z,3730.0
2019-01-08T11:50:00Z,4299.0
2019-01-08T11:55:00Z,6495.0
2019-01-08T12:00:00Z,6094.0
2019-01-08T12:05:00Z,11825.0
2019-01-08T12:10:00Z,21658.0
2019-01-08T12:15:00Z,10563.0
2019-01-08T12:20:00Z,5740.0
2019-01-08T12:25:00Z,6606.0
2019-01-08T12:30:00Z,6356.0
2019-01-08T12:35:00Z,7689.0
2019-01-08T12:40:00Z,8681.0
2019-01-08T12:45:00Z,8639.0
2019-01-08T12:50:00Z,8594.0
2019-01-08T12:55:00Z,8627.0
2019-01-08T13:00:00Z,12823.0
2019-01-08T13:05:00Z,11945.0
2019-01-08T13:10:00Z,12074.0
2019-01-08T13:15:00Z,12132.0
2019-01-08T13:20:00Z,13013.0
2019-01-08T13:25:00Z,11645.0
2019-01-08T13:30:00Z,12744.0
2019-01-08T13:35:00Z,12398.0
2019-01-08T13:40:00Z,11024.0
2019-01-08T13:45:00Z,11318.0
2019-01-08T13:50:00Z,12599.0
2019-01-08T13:55:00Z,12797.0
2019-01-08T14:00:00Z,13198.0
2019-01-08T14:05:00Z,18154.0
2019-01-08T14:10:00Z,15746.0
2019-01-08T14:15:00Z,16179.0
2019-01-08T14:20:00Z,13483.0
2019-01-08T14:25:00Z,15632.0
2019-01-08T14:30:00Z,15677.0
2019-01-08T14:35:00Z,20572.0
2019-01-08T14:40:00Z,22120.0
2019-01-08T14:45:00Z,16549.0
2019-01-08T14:50:00Z,16063.0
2019-01-08T14:55:00Z,17567.0
2019-01-08T15:00:00Z,20202.0
2019-01-08T15:05:00Z,21172.0
2019-01-08T15:10:00Z,19233.0
2019-01-08T15:15:00Z,18419.0
2019-01-08T15:20:00Z,14921.0
2019-01-08T15:25:00Z,19598.0
2019-01-08T15:30:00Z,21919.0
2019-01-08T15:35:00Z,22704.0
2019-01-08T15:40:00Z,20615.0
2019-01-08T15:45:00Z,19232.0
2019-01-08T15:50:00Z,20565.0
2019-01-08T15:55:00Z,24334.0
2019-01-08T16:00:00Z,35042.0
2019-01-08T16:05:00Z,26049.0
2019-01-08T16:10:00Z,37863.0
2019-01-08T16:15:00Z,45907.0
2019-01-08T16:20:00Z,28713.0
2019-01-08T16:25:00Z,42086.0
2019-01-08T16:30:00Z,38776.0
2019-01-08T16:35:00Z,22608.0
2019-01-08T16:40:00Z,20750.0
2019-01-08T16:45:00Z,18129.0
2019-01-08T16:50:00Z,19489.0
2019-01-08T16:55:00Z,20667.0
2019-01-08T17:00:00Z,25333.0
2019-01-08T17:05:00Z,33958.0
2019-01-08T17:10:00Z,20978.0
2019-01-08T17:15:00Z,18368.0
2019-01-08T17:20:00Z,14906.0
2019-01-08T17:25:00Z,19132.0
2019-01-08T17:30:00Z,19123.0
2019-01-08T17:35:00Z,16764.0
2019-01-08T17:40:00Z,21283.0
2019-01-08T17:45:00Z,15883.0
2019-01-08T17:50:00Z,15914.0
2019-01-08T17:55:00Z,20358.0
2019-01-08T18:00:00Z,21674.0
2019-01-08T18:05:00Z,22963.0
2019-01-08T18:10:00Z,17515.0
2019-01-08T18:15:00Z,21516.0
2019-01-08T18:20:00Z,17162.0
2019-01-08T18:25:00Z,21414.0
2019-01-08T18:30:00Z,18937.0
2019-01-08T18:35:00Z,20030.0
2019-01-08T18:40:00Z,19940.0
2019-01-08T18:45:00Z,22062.0
2019-01-08T18:50:00Z,18569.0
2019-01-08T18:55:00Z,20923.0
2019-01-08T19:00:00Z,18407.0
2019-01-08T19:05:00Z,20032.0
2019-01-08T19:10:00Z,19666.0
2019-01-08T19:15:00Z,17175.0
2019-01-08T19:20:00Z,16170.0
2019-01-08T19:25:00Z,23828.0
2019-01-08T19:30:00Z,23933.0
2019-01-08T19:35:00Z,21657.0
2019-01-08T19:40:00Z,21369.0
2019-01-08T19:45:00Z,20504.0
2019-01-08T19:50:00Z,20702.0
2019-01-08T19:55:00Z,19405.0
2019-01-08T20:00:00Z,18874.0
2019-01-08T20:05:00Z,23367.0
2019-01-08T20:10:00Z,18668.0
2019-01-08T20:15:00Z,19765.0
2019-01-08T20:20:00Z,19610.0
2019-01-08T20:25:00Z,18790.0
2019-01-08T20:30:00Z,22235.0
2019-01-08T20:35:00Z,19891.0
2019-01-08T20:40:00Z,18627.0
2019-01-08T20:45:00Z,22520.0
2019-01-08T20:50:00Z,19148.0
2019-01-08T20:55:00Z,18844.0
2019-01-08T21:00:00Z,20221.0
2019-01-08T21:05:00Z,20476.0
2019-01-08T21:10:00Z,18977.0
2019-01-08T21:15:00Z,16873.0
2019-01-08T21:20:00Z,19366.0
2019-01-08T21:25:00Z,19477.0
2019-01-08T21:30:00Z,18636.0
2019-01-08T21:35:00Z,17091.0
2019-01-08T21:40:00Z,18317.0
2019-01-08T21:45:00Z,17449.0
2019-01-08T21:50:00Z,20042.0
2019-01-08T21:55:00Z,18715.0
2019-01-08T22:00:00Z,18010.0
2019-01-08T22:05:00Z,19378.0
2019-01-08T22:10:00Z,15725.0
2019-01-08T22:15:00Z,15077.0
2019-01-08T22:20:00Z,16112.0
2019-01-08T22:25:00Z,15507.0
2019-01-08T22:30:00Z,15503.0
2019-01-08T22:35:00Z,18592.0
2019-01-08T22:40:00Z,17596.0
2019-01-08T22:45:00Z,13698.0
2019-01-08T22:50:00Z,13925.0
2019-01-08T22:55:00Z,15134.0
2019-01-08T23:00:00Z,14646.0
2019-01-08T23:05:00Z,14921.0
2019-01-08T23:10:00Z,31326.0
2019-01-08T23:15:00Z,34506.0
2019-01-08T23:20:00Z,11964.0
2019-01-08T23:25:00Z,12672.0
2019-01-08T23:30:00Z,11899.0
2019-01-08T23:35:00Z,12506.0
2019-01-08T23:40:00Z,9284.0
2019-01-08T23:45:00Z,8912.0
2019-01-08T23:50:00Z,8545.0
2019-01-08T23:55:00Z,8772.0
2019-01-09T00:00:00Z,8810.0
2019-01-09T00:05:00Z,11362.0
2019-01-09T00:10:00Z,8904.0
2019-01-09T00:15:00Z,7217.0
2019-01-09T00:20:00Z,7927.0
2019-01-09T00:25:00Z,14304.0
2019-01-09T00:30:00Z,34646.0
2019-01-09T00:35:00Z,17344.0
2019-01-09T00:40:00Z,7556.0
2019-01-09T00:45:00Z,6658.0
2019-01-09T00:50:00Z,6710.0
2019-01-09T00:55:00Z,6453.0
2019-01-09T01:00:00Z,7942.0
2019-01-09T01:05:00Z,7797.0
2019-01-09T01:10:00Z,6609.0
2019-01-09T01:15:00Z,5414.0
2019-01-09T01:20:00Z,4504.0
2019-01-09T01:25:00Z,4824.0
2019-01-09T01:30:00Z,4484.0
2019-01-09T01:35:00Z,5835.0
2019-01-09T01:40:00Z,5224.0
2019-01-09T01:45:00Z,3930.0
2019-01-09T01:50:00Z,3852.0
2019-01-09T01:55:00Z,3395.0
2019-01-09T02:00:00Z,4458.0
2019-01-09T02:05:00Z,4683.0
2019-01-09T02:10:00Z,4876.0
2019-01-09T02:15:00Z,3924.0
2019-01-09T02:20:00Z,4177.0
2019-01-09T02:25:00Z,3875.0
2019-01-09T02:30:00Z,4348.0
2019-01-09T02:35:00Z,3117.0
2019-01-09T02:40:00Z,3462.0
2019-01-09T02:45:00Z,2937.0
2019-01-09T02:50:00Z,3865.0
2019-01-09T02:55:00Z,4604.0
2019-01-09T03:00:00Z,4750.0
2019-01-09T03:05:00Z,10662.0
2019-01-09T03:10:00Z,5075.0
2019-01-09T03:15:00Z,2470.0
2019-01-09T03:20:00Z,2043.0
2019-01-09T03:25:00Z,2217.0
2019-01-09T03:30:00Z,2720.0
2019-01-09T03:35:00Z,2436.0
2019-01-09T03:40:00Z,2446.0
2019-01-09T03:45:00Z,2840.0
2019-01-09T03:50:00Z,2699.0
2019-01-09T03:55:00Z,2535.0
2019-01-09T04:00:00Z,2244.0
2019-01-09T04:05:00Z,2800.0
2019-01-09T04:10:00Z,1888.0
2019-01-09T04:15:00Z,1736.0
2019-01-09T04:20:00Z,1863.0
2019-01-09T04:25:00Z,1795.0
2019-01-09T04:30:00Z,2293.0
2019-01-09T04:35:00Z,2580.0
2019-01-09T04:40:00Z,1871.0
2019-01-09T04:45:00Z,1916.0
2019-01-09T04:50:00Z,1672.0
2019-01-09T04:55:00Z,3193.0
2019-01-09T05:00:00Z,3780.0
2019-01-09T05:05:00Z,3797.0
2019-01-09T05:10:00Z,2921.0
2019-01-09T05:15:00Z,2747.0
2019-01-09T05:20:00Z,2207.0
2019-01-09T05:25:00Z,1918.0
2019-01-09T05:30:00Z,2526.0
2019-01-09T05:35:00Z,2405.0
2019-01-09T05:40:00Z,1582.0
2019-01-09T05:45:00Z,1979.0
2019-01-09T05:50:00Z,2267.0
2019-01-09T05:55:00Z,2161.0
2019-01-09T06:00:00Z,3235.0
2019-01-09T06:05:00Z,5292.0
2019-01-09T06:10:00Z,7056.0
2019-01-09T06:15:00Z,2850.0
2019-01-09T06:20:00Z,2683.0
2019-01-09T06:25:00Z,2026.0
2019-01-09T06:30:00Z,1717.0
2019-01-09T06:35:00Z,1340.0
2019-01-09T06:40:00Z,953.0
2019-01-09T06:45:00Z,1082.0
2019-01-09T06:50:00Z,981.0
2019-01-09T06:55:00Z,1198.0
2019-01-09T07:00:00Z,2233.0
2019-01-09T07:05:00Z,4296.0
2019-01-09T07:10:00Z,2421.0
2019-01-09T07:15:00Z,2641.0
2019-01-09T07:20:00Z,2535.0
2019-01-09T07:25:00Z,2563.0
2019-01-09T07:30:00Z,5142.0
2019-01-09T07:35:00Z,2438.0
2019-01-09T07:40:00Z,2045.0
2019-01-09T07:45:00Z,2002.0
2019-01-09T07:50:00Z,2150.0
2019-01-09T07:55:00Z,1380.0
2019-01-09T08:00:00Z,1897.0
2019-01-09T08:05:00Z,3237.0
2019-01-09T08:10:00Z,1428.0
2019-01-09T08:15:00Z,1166.0
2019-01-09T08:20:00Z,1093.0
2019-01-09T08:25:00Z,1259.0
2019-01-09T08:30:00Z,1238.0
2019-01-09T08:35:00Z,1181.0
2019-01-09T08:40:00Z,927.0
2019-01-09T08:45:00Z,834.0
2019-01-09T08:50:00Z,1874.0
2019-01-09T08:55:00Z,1398.0
2019-01-09T09:00:00Z,1976.0
2019-01-09T09:05:00Z,3265.0
2019-01-09T09:10:00Z,4747.0
2019-01-09T09:15:00Z,3871.0
2019-01-09T09:20:00Z,3096.0
2019-01-09T09:25:00Z,1627.0
2019-01-09T09:30:00Z,1811.0
2019-01-09T09:35:00Z,1460.0
2019-01-09T09:40:00Z,2638.0
2019-01-09T09:45:00Z,2106.0
2019-01-09T09:50:00Z,2151.0
2019-01-09T09:55:00Z,1925.0
2019-01-09T10:00:00Z,3030.0
2019-01-09T10:05:00Z,3904.0
2019-01-09T10:10:00Z,4512.0
2019-01-09T10:15:00Z,4216.0
2019-01-09T10:20:00Z,4675.0
2019-01-09T10:25:00Z,2791.0
2019-01-09T10:30:00Z,3257.0
2019-01-09T10:35:00Z,3504.0
2019-01-09T10:40:00Z,3601.0
2019-01-09T10:45:00Z,4283.0
2019-01-09T10:50:00Z,3431.0
2019-01-09T10:55:00Z,3081.0
2019-01-09T11:00:00Z,4949.0
2019-01-09T11:05:00Z,6215.0
2019-01-09T11:10:00Z,4781.0
2019-01-09T11:15:00Z,4726.0
2019-01-09T11:20:00Z,5322.0
2019-01-09T11:25:00Z,4199.0
2019-01-09T11:30:00Z,4571.0
2019-01-09T11:35:00Z,4859.0
2019-01-09T11:40:00Z,4260.0
2019-01-09T11:45:00Z,3778.0
2019-01-09T11:50:00Z,3792.0
2019-01-09T11:55:00Z,4106.0
2019-01-09T12:00:00Z,6448.0
2019-01-09T12:05:00Z,10416.0
2019-01-09T12:10:00Z,7615.0
2019-01-09T12:15:00Z,6447.0
2019-01-09T12:20:00Z,6041.0
2019-01-09T12:25:00Z,4991.0
2019-01-09T12:30:00Z,6091.0
2019-01-09T12:35:00Z,6722.0
2019-01-09T12:40:00Z,7367.0
2019-01-09T12:45:00Z,9011.0
2019-01-09T12:50:00Z,9177.0
2019-01-09T12:55:00Z,8173.0
2019-01-09T13:00:00Z,9849.0
2019-01-09T13:05:00Z,11585.0
2019-01-09T13:10:00Z,25665.0
2019-01-09T13:15:00Z,16829.0
2019-01-09T13:20:00Z,14775.0
2019-01-09T13:25:00Z,14562.0
2019-01-09T13:30:00Z,11211.0
2019-01-09T13:35:00Z,13739.0
2019-01-09T13:40:00Z,13123.0
2019-01-09T13:45:00Z,13506.0
2019-01-09T13:50:00Z,13472.0
2019-01-09T13:55:00Z,16431.0
2019-01-09T14:00:00Z,15069.0
2019-01-09T14:05:00Z,17001.0
2019-01-09T14:10:00Z,14644.0
2019-01-09T14:15:00Z,13945.0
2019-01-09T14:20:00Z,14200.0
2019-01-09T14:25:00Z,15165.0
2019-01-09T14:30:00Z,14228.0
2019-01-09T14:35:00Z,16029.0
2019-01-09T14:40:00Z,15906.0
2019-01-09T14:45:00Z,18869.0
2019-01-09T14:50:00Z,13989.0
2019-01-09T14:55:00Z,18032.0
2019-01-09T15:00:00Z,16865.0
2019-01-09T15:05:00Z,20834.0
2019-01-09T15:10:00Z,34384.0
2019-01-09T15:15:00Z,23186.0
2019-01-09T15:20:00Z,19133.0
2019-01-09T15:25:00Z,21677.0
2019-01-09T15:30:00Z,20583.0
2019-01-09T15:35:00Z,18692.0
2019-01-09T15:40:00Z,17949.0
2019-01-09T15:45:00Z,18321.0
2019-01-09T15:50:00Z,19095.0
2019-01-09T15:55:00Z,24521.0
2019-01-09T16:00:00Z,23472.0
2019-01-09T16:05:00Z,18316.0
2019-01-09T16:10:00Z,22753.0
2019-01-09T16:15:00Z,17210.0
2019-01-09T16:20:00Z,20701.0
2019-01-09T16:25:00Z,18168.0
2019-01-09T16:30:00Z,23984.0
2019-01-09T16:35:00Z,21684.0
2019-01-09T16:40:00Z,21526.0
2019-01-09T16:45:00Z,25696.0
2019-01-09T16:50:00Z,21380.0
2019-01-09T16:55:00Z,18777.0
2019-01-09T17:00:00Z,25649.0
2019-01-09T17:05:00Z,24236.0
2019-01-09T17:10:00Z,29712.0
2019-01-09T17:15:00Z,29328.0
2019-01-09T17:20:00Z,20556.0
2019-01-09T17:25:00Z,16567.0
2019-01-09T17:30:00Z,17196.0
2019-01-09T17:35:00Z,17113.0
2019-01-09T17:40:00Z,17685.0
2019-01-09T17:45:00Z,21049.0
2019-01-09T17:50:00Z,21336.0
2019-01-09T17:55:00Z,21272.0
2019-01-09T18:00:00Z,20464.0
2019-01-09T18:05:00Z,21535.0
2019-01-09T18:10:00Z,18954.0
2019-01-09T18:15:00Z,20347.0
2019-01-09T18:20:00Z,19462.0
2019-01-09T18:25:00Z,20943.0
2019-01-09T18:30:00Z,21090.0
2019-01-09T18:35:00Z,21643.0
2019-01-09T18:40:00Z,15457.0
2019-01-09T18:45:00Z,21353.0
2019-01-09T18:50:00Z,20574.0
2019-01-09T18:55:00Z,24255.0
2019-01-09T19:00:00Z,28414.0
2019-01-09T19:05:00Z,18630.0
2019-01-09T19:10:00Z,20433.0
2019-01-09T19:15:00Z,16621.0
2019-01-09T19:20:00Z,17608.0
2019-01-09T19:25:00Z,17528.0
2019-01-09T19:30:00Z,18839.0
2019-01-09T19:35:00Z,21675.0
2019-01-09T19:40:00Z,19207.0
2019-01-09T19:45:00Z,19576.0
2019-01-09T19:50:00Z,21371.0
2019-01-09T19:55:00Z,22624.0
2019-01-09T20:00:00Z,22339.0
2019-01-09T20:05:00Z,19636.0
2019-01-09T20:10:00Z,17251.0
2019-01-09T20:15:00Z,18725.0
2019-01-09T20:20:00Z,20548.0
2019-01-09T20:25:00Z,16119.0
2019-01-09T20:30:00Z,18379.0
2019-01-09T20:35:00Z,19641.0
2019-01-09T20:40:00Z,16173.0
2019-01-09T20:45:00Z,20629.0
2019-01-09T20:50:00Z,39389.0
2019-01-09T20:55:00Z,47785.0
2019-01-09T21:00:00Z,45685.0
2019-01-09T21:05:00Z,37020.0
2019-01-09T21:10:00Z,19574.0
2019-01-09T21:15:00Z,19551.0
2019-01-09T21:20:00Z,19002.0
2019-01-09T21:25:00Z,20903.0
2019-01-09T21:30:00Z,21938.0
2019-01-09T21:35:00Z,19362.0
2019-01-09T21:40:00Z,20384.0
2019-01-09T21:45:00Z,18534.0
2019-01-09T21:50:00Z,17734.0
2019-01-09T21:55:00Z,17887.0
2019-01-09T22:00:00Z,18077.0
2019-01-09T22:05:00Z,19665.0
2019-01-09T22:10:00Z,17557.0
2019-01-09T22:15:00Z,15126.0
2019-01-09T22:20:00Z,15186.0
2019-01-09T22:25:00Z,15318.0
2019-01-09T22:30:00Z,15444.0
2019-01-09T22:35:00Z,14326.0
2019-01-09T22:40:00Z,15122.0
2019-01-09T22:45:00Z,14107.0
2019-01-09T22:50:00Z,14879.0
2019-01-09T22:55:00Z,14711.0
2019-01-09T23:00:00Z,14702.0
2019-01-09T23:05:00Z,15086.0
2019-01-09T23:10:00Z,12379.0
2019-01-09T23:15:00Z,11723.0
2019-01-09T23:20:00Z,11747.0
2019-01-09T23:25:00Z,12115.0
2019-01-09T23:30:00Z,11505.0
2019-01-09T23:35:00Z,10986.0
2019-01-09T23:40:00Z,10324.0
2019-01-09T23:45:00Z,11210.0
2019-01-09T23:50:00Z,10832.0
2019-01-09T23:55:00Z,9374.0
2019-01-10T00:00:00Z,10615.0
2019-01-10T00:05:00Z,10347.0
2019-01-10T00:10:00Z,10614.0
2019-01-10T00:15:00Z,9401.0
2019-01-10T00:20:00Z,8134.0
2019-01-10T00:25:00Z,7380.0
2019-01-10T00:30:00Z,7932.0
2019-01-10T00:35:00Z,7660.0
2019-01-10T00:40:00Z,6802.0
2019-01-10T00:45:00Z,6149.0
2019-01-10T00:50:00Z,5857.0
2019-01-10T00:55:00Z,5558.0
2019-01-10T01:00:00Z,5960.0
2019-01-10T01:05:00Z,6100.0
2019-01-10T01:10:00Z,7207.0
2019-01-10T01:15:00Z,7444.0
2019-01-10T01:20:00Z,4748.0
2019-01-10T01:25:00Z,4676.0
2019-01-10T01:30:00Z,4787.0
2019-01-10T01:35:00Z,5077.0
2019-01-10T01:40:00Z,4373.0
2019-01-10T01:45:00Z,4038.0
2019-01-10T01:50:00Z,3435.0
2019-01-10T01:55:00Z,3201.0
2019-01-10T02:00:00Z,3693.0
2019-01-10T02:05:00Z,4929.0
2019-01-10T02:10:00Z,3662.0
2019-01-10T02:15:00Z,3935.0
2019-01-10T02:20:00Z,6095.0
2019-01-10T02:25:00Z,3916.0
2019-01-10T02:30:00Z,3166.0
2019-01-10T02:35:00Z,3009.0
2019-01-10T02:40:00Z,2791.0
2019-01-10T02:45:00Z,3267.0
2019-01-10T02:50:00Z,2933.0
2019-01-10T02:55:00Z,5474.0
2019-01-10T03:00:00Z,4602.0
2019-01-10T03:05:00Z,6079.0
2019-01-10T03:10:00Z,11359.0
2019-01-10T03:15:00Z,3767.0
2019-01-10T03:20:00Z,3298.0
2019-01-10T03:25:00Z,3421.0
2019-01-10T03:30:00Z,3229.0
2019-01-10T03:35:00Z,2505.0
2019-01-10T03:40:00Z,2098.0
2019-01-10T03:45:00Z,2906.0
2019-01-10T03:50:00Z,2556.0
2019-01-10T03:55:00Z,2721.0
2019-01-10T04:00:00Z,2333.0
2019-01-10T04:05:00Z,2631.0
2019-01-10T04:10:00Z,2169.0
2019-01-10T04:15:00Z,2135.0
2019-01-10T04:20:00Z,2519.0
2019-01-10T04:25:00Z,2207.0
2019-01-10T04:30:00Z,2259.0
2019-01-10T04:35:00Z,2259.0
2019-01-10T04:40:00Z,1818.0
2019-01-10T04:45:00Z,1645.0
2019-01-10T04:50:00Z,1978.0
2019-01-10T04:55:00Z,1960.0
2019-01-10T05:00:00Z,2701.0
2019-01-10T05:05:00Z,3110.0
2019-01-10T05:10:00Z,1950.0
2019-01-10T05:15:00Z,1839.0
2019-01-10T05:20:00Z,2077.0
2019-01-10T05:25:00Z,1718.0
2019-01-10T05:30:00Z,2761.0
2019-01-10T05:35:00Z,2323.0
2019-01-10T05:40:00Z,1581.0
2019-01-10T05:45:00Z,1680.0
2019-01-10T05:50:00Z,1809.0
2019-01-10T05:55:00Z,2042.0
2019-01-10T06:00:00Z,3080.0
2019-01-10T06:05:00Z,5981.0
2019-01-10T06:10:00Z,9238.0
2019-01-10T06:15:00Z,4018.0
2019-01-10T06:20:00Z,2758.0
2019-01-10T06:25:00Z,2297.0
2019-01-10T06:30:00Z,1648.0
2019-01-10T06:35:00Z,1261.0
2019-01-10T06:40:00Z,1579.0
2019-01-10T06:45:00Z,1132.0
2019-01-10T06:50:00Z,984.0
2019-01-10T06:55:00Z,977.0
2019-01-10T07:00:00Z,2624.0
2019-01-10T07:05:00Z,4821.0
2019-01-10T07:10:00Z,3908.0
2019-01-10T07:15:00Z,3834.0
2019-01-10T07:20:00Z,2663.0
2019-01-10T07:25:00Z,1738.0
2019-01-10T07:30:00Z,2123.0
2019-01-10T07:35:00Z,2709.0
2019-01-10T07:40:00Z,4390.0
2019-01-10T07:45:00Z,3492.0
2019-01-10T07:50:00Z,3323.0
2019-01-10T07:55:00Z,1342.0
2019-01-10T08:00:00Z,2069.0
2019-01-10T08:05:00Z,2255.0
2019-01-10T08:10:00Z,1793.0
2019-01-10T08:15:00Z,1547.0
2019-01-10T08:20:00Z,1499.0
2019-01-10T08:25:00Z,1752.0
2019-01-10T08:30:00Z,1359.0
2019-01-10T08:35:00Z,1202.0
2019-01-10T08:40:00Z,1023.0
2019-01-10T08:45:00Z,1212.0
2019-01-10T08:50:00Z,1657.0
2019-01-10T08:55:00Z,1024.0
2019-01-10T09:00:00Z,1963.0
2019-01-10T09:05:00Z,3934.0
2019-01-10T09:10:00Z,4822.0
2019-01-10T09:15:00Z,3219.0
2019-01-10T09:20:00Z,1710.0
2019-01-10T09:25:00Z,1757.0
2019-01-10T09:30:00Z,1814.0
2019-01-10T09:35:00Z,1811.0
2019-01-10T09:40:00Z,2376.0
2019-01-10T09:45:00Z,2009.0
2019-01-10T09:50:00Z,2163.0
2019-01-10T09:55:00Z,1379.0
2019-01-10T10:00:00Z,2744.0
2019-01-10T10:05:00Z,4361.0
2019-01-10T10:10:00Z,3881.0
2019-01-10T10:15:00Z,2359.0
2019-01-10T10:20:00Z,2341.0
2019-01-10T10:25:00Z,3100.0
2019-01-10T10:30:00Z,3954.0
2019-01-10T10:35:00Z,3754.0
2019-01-10T10:40:00Z,4689.0
2019-01-10T10:45:00Z,4202.0
2019-01-10T10:50:00Z,4403.0
2019-01-10T10:55:00Z,3521.0
2019-01-10T11:00:00Z,5142.0
2019-01-10T11:05:00Z,6923.0
2019-01-10T11:10:00Z,5612.0
2019-01-10T11:15:00Z,3824.0
2019-01-10T11:20:00Z,4522.0
2019-01-10T11:25:00Z,4344.0
2019-01-10T11:30:00Z,5833.0
2019-01-10T11:35:00Z,4488.0
2019-01-10T11:40:00Z,4506.0
2019-01-10T11:45:00Z,4732.0
2019-01-10T11:50:00Z,3963.0
2019-01-10T11:55:00Z,4852.0
2019-01-10T12:00:00Z,7263.0
2019-01-10T12:05:00Z,9034.0
2019-01-10T12:10:00Z,16621.0
2019-01-10T12:15:00Z,15543.0
2019-01-10T12:20:00Z,5725.0
2019-01-10T12:25:00Z,6778.0
2019-01-10T12:30:00Z,6417.0
2019-01-10T12:35:00Z,8475.0
2019-01-10T12:40:00Z,8109.0
2019-01-10T12:45:00Z,8460.0
2019-01-10T12:50:00Z,8589.0
2019-01-10T12:55:00Z,11572.0
2019-01-10T13:00:00Z,10793.0
2019-01-10T13:05:00Z,13347.0
2019-01-10T13:10:00Z,30828.0
2019-01-10T13:15:00Z,15086.0
2019-01-10T13:20:00Z,13197.0
2019-01-10T13:25:00Z,12700.0
2019-01-10T13:30:00Z,11164.0
2019-01-10T13:35:00Z,12592.0
2019-01-10T13:40:00Z,13043.0
2019-01-10T13:45:00Z,11440.0
2019-01-10T13:50:00Z,14289.0
2019-01-10T13:55:00Z,14136.0
2019-01-10T14:00:00Z,16160.0
2019-01-10T14:05:00Z,15140.0
2019-01-10T14:10:00Z,15996.0
2019-01-10T14:15:00Z,15179.0
2019-01-10T14:20:00Z,14569.0
2019-01-10T14:25:00Z,13885.0
2019-01-10T14:30:00Z,14590.0
2019-01-10T14:35:00Z,15411.0
2019-01-10T14:40:00Z,16596.0
2019-01-10T14:45:00Z,22701.0
2019-01-10T14:50:00Z,19785.0
2019-01-10T14:55:00Z,16302.0
2019-01-10T15:00:00Z,20921.0
2019-01-10T15:05:00Z,28605.0
2019-01-10T15:10:00Z,23230.0
2019-01-10T15:15:00Z,20319.0
2019-01-10T15:20:00Z,17018.0
2019-01-10T15:25:00Z,22800.0
2019-01-10T15:30:00Z,19268.0
2019-01-10T15:35:00Z,16244.0
2019-01-10T15:40:00Z,17666.0
2019-01-10T15:45:00Z,19441.0
2019-01-10T15:50:00Z,20236.0
2019-01-10T15:55:00Z,20781.0
2019-01-10T16:00:00Z,18470.0
2019-01-10T16:05:00Z,19734.0
2019-01-10T16:10:00Z,18059.0
2019-01-10T16:15:00Z,20128.0
2019-01-10T16:20:00Z,21351.0
2019-01-10T16:25:00Z,18286.0
2019-01-10T16:30:00Z,19210.0
2019-01-10T16:35:00Z,19024.0
2019-01-10T16:40:00Z,20505.0
2019-01-10T16:45:00Z,18639.0
2019-01-10T16:50:00Z,17527.0
2019-01-10T16:55:00Z,18633.0
2019-01-10T17:00:00Z,19157.0
2019-01-10T17:05:00Z,21341.0
2019-01-10T17:10:00Z,18922.0
2019-01-10T17:15:00Z,16503.0
2019-01-10T17:20:00Z,18776.0
2019-01-10T17:25:00Z,14883.0
2019-01-10T17:30:00Z,16538.0
2019-01-10T17:35:00Z,15380.0
2019-01-10T17:40:00Z,16591.0
2019-01-10T17:45:00Z,19535.0
2019-01-10T17:50:00Z,19383.0
2019-01-10T17:55:00Z,24453.0
2019-01-10T18:00:00Z,33782.0
2019-01-10T18:05:00Z,26633.0
2019-01-10T18:10:00Z,20563.0
2019-01-10T18:15:00Z,20264.0
2019-01-10T18:20:00Z,19134.0
2019-01-10T18:25:00Z,16711.0
2019-01-10T18:30:00Z,19442.0
2019-01-10T18:35:00Z,42280.0
2019-01-10T18:40:00Z,35718.0
2019-01-10T18:45:00Z,19929.0
2019-01-10T18:50:00Z,20989.0
2019-01-10T18:55:00Z,21378.0
2019-01-10T19:00:00Z,20944.0
2019-01-10T19:05:00Z,22519.0
2019-01-10T19:10:00Z,18451.0
2019-01-10T19:15:00Z,17661.0
2019-01-10T19:20:00Z,20953.0
2019-01-10T19:25:00Z,20233.0
2019-01-10T19:30:00Z,20981.0
2019-01-10T19:35:00Z,20512.0
2019-01-10T19:40:00Z,25468.0
2019-01-10T19:45:00Z,25370.0
2019-01-10T19:50:00Z,18935.0
2019-01-10T19:55:00Z,21677.0
2019-01-10T20:00:00Z,22209.0
2019-01-10T20:05:00Z,23083.0
2019-01-10T20:10:00Z,18861.0
2019-01-10T20:15:00Z,21457.0
2019-01-10T20:20:00Z,18289.0
2019-01-10T20:25:00Z,17114.0
2019-01-10T20:30:00Z,20390.0
2019-01-10T20:35:00Z,19968.0
2019-01-10T20:40:00Z,17757.0
2019-01-10T20:45:00Z,20126.0
2019-01-10T20:50:00Z,21619.0
2019-01-10T20:55:00Z,21672.0
2019-01-10T21:00:00Z,20373.0
2019-01-10T21:05:00Z,18041.0
2019-01-10T21:10:00Z,16544.0
2019-01-10T21:15:00Z,19411.0
2019-01-10T21:20:00Z,19740.0
2019-01-10T21:25:00Z,21657.0
2019-01-10T21:30:00Z,19734.0
2019-01-10T21:35:00Z,18612.0
2019-01-10T21:40:00Z,19676.0
2019-01-10T21:45:00Z,19175.0
2019-01-10T21:50:00Z,17435.0
2019-01-10T21:55:00Z,17941.0
2019-01-10T22:00:00Z,19685.0
2019-01-10T22:05:00Z,19431.0
2019-01-10T22:10:00Z,34189.0
2019-01-10T22:15:00Z,24794.0
2019-01-10T22:20:00Z,17880.0
2019-01-10T22:25:00Z,17629.0
2019-01-10T22:30:00Z,16116.0
2019-01-10T22:35:00Z,14833.0
2019-01-10T22:40:00Z,13625.0
2019-01-10T22:45:00Z,15202.0
2019-01-10T22:50:00Z,13289.0
2019-01-10T22:55:00Z,13279.0
2019-01-10T23:00:00Z,12836.0
2019-01-10T23:05:00Z,16643.0
2019-01-10T23:10:00Z,13933.0
2019-01-10T23:15:00Z,12623.0
2019-01-10T23:20:00Z,11002.0
2019-01-10T23:25:00Z,11529.0
2019-01-10T23:30:00Z,12194.0
2019-01-10T23:35:00Z,10448.0
2019-01-10T23:40:00Z,11466.0
2019-01-10T23:45:00Z,10415.0
2019-01-10T23:50:00Z,8666.0
2019-01-10T23:55:00Z,9433.0
2019-01-11T00:00:00Z,9643.0
2019-01-11T00:05:00Z,9912.0
2019-01-11T00:10:00Z,8609.0
2019-01-11T00:15:00Z,8022.0
2019-01-11T00:20:00Z,8399.0
2019-01-11T00:25:00Z,7417.0
2019-01-11T00:30:00Z,6819.0
2019-01-11T00:35:00Z,6579.0
2019-01-11T00:40:00Z,7029.0
2019-01-11T00:45:00Z,6870.0
2019-01-11T00:50:00Z,7746.0
2019-01-11T00:55:00Z,5906.0
2019-01-11T01:00:00Z,6092.0
2019-01-11T01:05:00Z,6406.0
2019-01-11T01:10:00Z,5309.0
2019-01-11T01:15:00Z,4628.0
2019-01-11T01:20:00Z,4178.0
2019-01-11T01:25:00Z,4331.0
2019-01-11T01:30:00Z,4898.0
2019-01-11T01:35:00Z,5475.0
2019-01-11T01:40:00Z,4949.0
2019-01-11T01:45:00Z,4756.0
2019-01-11T01:50:00Z,4357.0
2019-01-11T01:55:00Z,3667.0
2019-01-11T02:00:00Z,3817.0
2019-01-11T02:05:00Z,6861.0
2019-01-11T02:10:00Z,3293.0
2019-01-11T02:15:00Z,3760.0
2019-01-11T02:20:00Z,3706.0
2019-01-11T02:25:00Z,3029.0
2019-01-11T02:30:00Z,3501.0
2019-01-11T02:35:00Z,3346.0
2019-01-11T02:40:00Z,2793.0
2019-01-11T02:45:00Z,2823.0
2019-01-11T02:50:00Z,3797.0
2019-01-11T02:55:00Z,4846.0
2019-01-11T03:00:00Z,3368.0
2019-01-11T03:05:00Z,2817.0
2019-01-11T03:10:00Z,6446.0
2019-01-11T03:15:00Z,9950.0
2019-01-11T03:20:00Z,9938.0
2019-01-11T03:25:00Z,16168.0
2019-01-11T03:30:00Z,2791.0
2019-01-11T03:35:00Z,2441.0
2019-01-11T03:40:00Z,2293.0
2019-01-11T03:45:00Z,2111.0
2019-01-11T03:50:00Z,2998.0
2019-01-11T03:55:00Z,3358.0
2019-01-11T04:00:00Z,2103.0
2019-01-11T04:05:00Z,3786.0
2019-01-11T04:10:00Z,2087.0
2019-01-11T04:15:00Z,2072.0
2019-01-11T04:20:00Z,1697.0
2019-01-11T04:25:00Z,1985.0
2019-01-11T04:30:00Z,2216.0
2019-01-11T04:35:00Z,2488.0
2019-01-11T04:40:00Z,1978.0
2019-01-11T04:45:00Z,1415.0
2019-01-11T04:50:00Z,1515.0
2019-01-11T04:55:00Z,2501.0
2019-01-11T05:00:00Z,2765.0
2019-01-11T05:05:00Z,3990.0
2019-01-11T05:10:00Z,2538.0
2019-01-11T05:15:00Z,2254.0
2019-01-11T05:20:00Z,1781.0
2019-01-11T05:25:00Z,1409.0
2019-01-11T05:30:00Z,2356.0
2019-01-11T05:35:00Z,2167.0
2019-01-11T05:40:00Z,1415.0
2019-01-11T05:45:00Z,1237.0
2019-01-11T05:50:00Z,1303.0
2019-01-11T05:55:00Z,1752.0
2019-01-11T06:00:00Z,2358.0
2019-01-11T06:05:00Z,5376.0
2019-01-11T06:10:00Z,7150.0
2019-01-11T06:15:00Z,2896.0
2019-01-11T06:20:00Z,2832.0
2019-01-11T06:25:00Z,2780.0
2019-01-11T06:30:00Z,2203.0
2019-01-11T06:35:00Z,2076.0
2019-01-11T06:40:00Z,1325.0
2019-01-11T06:45:00Z,1068.0
2019-01-11T06:50:00Z,1338.0
2019-01-11T06:55:00Z,1100.0
2019-01-11T07:00:00Z,2081.0
2019-01-11T07:05:00Z,4416.0
2019-01-11T07:10:00Z,2324.0
2019-01-11T07:15:00Z,2069.0
2019-01-11T07:20:00Z,1974.0
2019-01-11T07:25:00Z,2584.0
2019-01-11T07:30:00Z,2288.0
2019-01-11T07:35:00Z,1700.0
2019-01-11T07:40:00Z,1405.0
2019-01-11T07:45:00Z,1822.0
2019-01-11T07:50:00Z,1286.0
2019-01-11T07:55:00Z,840.0
2019-01-11T08:00:00Z,1972.0
2019-01-11T08:05:00Z,2309.0
2019-01-11T08:10:00Z,1594.0
2019-01-11T08:15:00Z,1322.0
2019-01-11T08:20:00Z,1040.0
2019-01-11T08:25:00Z,1669.0
2019-01-11T08:30:00Z,1222.0
2019-01-11T08:35:00Z,1038.0
2019-01-11T08:40:00Z,1024.0
2019-01-11T08:45:00Z,1174.0
2019-01-11T08:50:00Z,1755.0
2019-01-11T08:55:00Z,1474.0
2019-01-11T09:00:00Z,1976.0
2019-01-11T09:05:00Z,4276.0
2019-01-11T09:10:00Z,5182.0
2019-01-11T09:15:00Z,3792.0
2019-01-11T09:20:00Z,2083.0
2019-01-11T09:25:00Z,1804.0
2019-01-11T09:30:00Z,1790.0
2019-01-11T09:35:00Z,1967.0
2019-01-11T09:40:00Z,2863.0
2019-01-11T09:45:00Z,2772.0
2019-01-11T09:50:00Z,2589.0
2019-01-11T09:55:00Z,1768.0
2019-01-11T10:00:00Z,2564.0
2019-01-11T10:05:00Z,4744.0
2019-01-11T10:10:00Z,4405.0
2019-01-11T10:15:00Z,3347.0
2019-01-11T10:20:00Z,3320.0
2019-01-11T10:25:00Z,4394.0
2019-01-11T10:30:00Z,4285.0
2019-01-11T10:35:00Z,5461.0
2019-01-11T10:40:00Z,4658.0
2019-01-11T10:45:00Z,5780.0
2019-01-11T10:50:00Z,5672.0
2019-01-11T10:55:00Z,5012.0
2019-01-11T11:00:00Z,7552.0
2019-01-11T11:05:00Z,7791.0
2019-01-11T11:10:00Z,4583.0
2019-01-11T11:15:00Z,4869.0
2019-01-11T11:20:00Z,4197.0
2019-01-11T11:25:00Z,2611.0
2019-01-11T11:30:00Z,2558.0
2019-01-11T11:35:00Z,3302.0
2019-01-11T11:40:00Z,3652.0
2019-01-11T11:45:00Z,3720.0
2019-01-11T11:50:00Z,3528.0
2019-01-11T11:55:00Z,3653.0
2019-01-11T12:00:00Z,5378.0
2019-01-11T12:05:00Z,6179.0
2019-01-11T12:10:00Z,5129.0
2019-01-11T12:15:00Z,4791.0
2019-01-11T12:20:00Z,4810.0
2019-01-11T12:25:00Z,4619.0
2019-01-11T12:30:00Z,5123.0
2019-01-11T12:35:00Z,6203.0
2019-01-11T12:40:00Z,6369.0
2019-01-11T12:45:00Z,5422.0
2019-01-11T12:50:00Z,5898.0
2019-01-11T12:55:00Z,6525.0
2019-01-11T13:00:00Z,7787.0
2019-01-11T13:05:00Z,9875.0
2019-01-11T13:10:00Z,9038.0
2019-01-11T13:15:00Z,13072.0
2019-01-11T13:20:00Z,16005.0
2019-01-11T13:25:00Z,11725.0
2019-01-11T13:30:00Z,12520.0
2019-01-11T13:35:00Z,12683.0
2019-01-11T13:40:00Z,12865.0
2019-01-11T13:45:00Z,9847.0
2019-01-11T13:50:00Z,10381.0
2019-01-11T13:55:00Z,9844.0
2019-01-11T14:00:00Z,12251.0
2019-01-11T14:05:00Z,15293.0
2019-01-11T14:10:00Z,13101.0
2019-01-11T14:15:00Z,12233.0
2019-01-11T14:20:00Z,10321.0
2019-01-11T14:25:00Z,12322.0
2019-01-11T14:30:00Z,12410.0
2019-01-11T14:35:00Z,14201.0
2019-01-11T14:40:00Z,12622.0
2019-01-11T14:45:00Z,12310.0
2019-01-11T14:50:00Z,15093.0
2019-01-11T14:55:00Z,17800.0
2019-01-11T15:00:00Z,17053.0
2019-01-11T15:05:00Z,20171.0
2019-01-11T15:10:00Z,16134.0
2019-01-11T15:15:00Z,14261.0
2019-01-11T15:20:00Z,13887.0
2019-01-11T15:25:00Z,16922.0
2019-01-11T15:30:00Z,20548.0
2019-01-11T15:35:00Z,15366.0
2019-01-11T15:40:00Z,15560.0
2019-01-11T15:45:00Z,18039.0
2019-01-11T15:50:00Z,18550.0
2019-01-11T15:55:00Z,16390.0
2019-01-11T16:00:00Z,18558.0
2019-01-11T16:05:00Z,17004.0
2019-01-11T16:10:00Z,17177.0
2019-01-11T16:15:00Z,21162.0
2019-01-11T16:20:00Z,20639.0
2019-01-11T16:25:00Z,14429.0
2019-01-11T16:30:00Z,15412.0
2019-01-11T16:35:00Z,16219.0
2019-01-11T16:40:00Z,17519.0
2019-01-11T16:45:00Z,17110.0
2019-01-11T16:50:00Z,16932.0
2019-01-11T16:55:00Z,16871.0
2019-01-11T17:00:00Z,17118.0
2019-01-11T17:05:00Z,14873.0
2019-01-11T17:10:00Z,16690.0
2019-01-11T17:15:00Z,16812.0
2019-01-11T17:20:00Z,14049.0
2019-01-11T17:25:00Z,17022.0
2019-01-11T17:30:00Z,15026.0
2019-01-11T17:35:00Z,17357.0
2019-01-11T17:40:00Z,16049.0
2019-01-11T17:45:00Z,16422.0
2019-01-11T17:50:00Z,19549.0
2019-01-11T17:55:00Z,17259.0
2019-01-11T18:00:00Z,16370.0
2019-01-11T18:05:00Z,17206.0
2019-01-11T18:10:00Z,14767.0
2019-01-11T18:15:00Z,13663.0
2019-01-11T18:20:00Z,18865.0
2019-01-11T18:25:00Z,15279.0
2019-01-11T18:30:00Z,16292.0
2019-01-11T18:35:00Z,16230.0
2019-01-11T18:40:00Z,15666.0
2019-01-11T18:45:00Z,17187.0
2019-01-11T18:50:00Z,16652.0
2019-01-11T18:55:00Z,17263.0
2019-01-11T19:00:00Z,19490.0
2019-01-11T19:05:00Z,18160.0
2019-01-11T19:10:00Z,17511.0
2019-01-11T19:15:00Z,15166.0
2019-01-11T19:20:00Z,16721.0
2019-01-11T19:25:00Z,15650.0
2019-01-11T19:30:00Z,15738.0
2019-01-11T19:35:00Z,17750.0
2019-01-11T19:40:00Z,15343.0
2019-01-11T19:45:00Z,15917.0
2019-01-11T19:50:00Z,16444.0
2019-01-11T19:55:00Z,15771.0
2019-01-11T20:00:00Z,18394.0
2019-01-11T20:05:00Z,18697.0
2019-01-11T20:10:00Z,15240.0
2019-01-11T20:15:00Z,14951.0
2019-01-11T20:20:00Z,14220.0
2019-01-11T20:25:00Z,15338.0
2019-01-11T20:30:00Z,16454.0
2019-01-11T20:35:00Z,27551.0
2019-01-11T20:40:00Z,14220.0
2019-01-11T20:45:00Z,13908.0
2019-01-11T20:50:00Z,14367.0
2019-01-11T20:55:00Z,15760.0
2019-01-11T21:00:00Z,18571.0
2019-01-11T21:05:00Z,17002.0
2019-01-11T21:10:00Z,16366.0
2019-01-11T21:15:00Z,18075.0
2019-01-11T21:20:00Z,17760.0
2019-01-11T21:25:00Z,12358.0
2019-01-11T21:30:00Z,13708.0
2019-01-11T21:35:00Z,11960.0
2019-01-11T21:40:00Z,13314.0
2019-01-11T21:45:00Z,13592.0
2019-01-11T21:50:00Z,13115.0
2019-01-11T21:55:00Z,13461.0
2019-01-11T22:00:00Z,12715.0
2019-01-11T22:05:00Z,12997.0
2019-01-11T22:10:00Z,12628.0
2019-01-11T22:15:00Z,11283.0
2019-01-11T22:20:00Z,12831.0
2019-01-11T22:25:00Z,11447.0
2019-01-11T22:30:00Z,11448.0
2019-01-11T22:35:00Z,10759.0
2019-01-11T22:40:00Z,9676.0
2019-01-11T22:45:00Z,10129.0
2019-01-11T22:50:00Z,9814.0
2019-01-11T22:55:00Z,9883.0
2019-01-11T23:00:00Z,8613.0
2019-01-11T23:05:00Z,10020.0
2019-01-11T23:10:00Z,9184.0
2019-01-11T23:15:00Z,8486.0
2019-01-11T23:20:00Z,7244.0
2019-01-11T23:25:00Z,8111.0
2019-01-11T23:30:00Z,7657.0
2019-01-11T23:35:00Z,7582.0
2019-01-11T23:40:00Z,7426.0
2019-01-11T23:45:00Z,6504.0
2019-01-11T23:50:00Z,6365.0
2019-01-11T23:55:00Z,7367.0
2019-01-12T00:00:00Z,8188.0
2019-01-12T00:05:00Z,7456.0
2019-01-12T00:10:00Z,6560.0
2019-01-12T00:15:00Z,5729.0
2019-01-12T00:20:00Z,5724.0
2019-01-12T00:25:00Z,5328.0
2019-01-12T00:30:00Z,4533.0
2019-01-12T00:35:00Z,4653.0
2019-01-12T00:40:00Z,3996.0
2019-01-12T00:45:00Z,4215.0
2019-01-12T00:50:00Z,3906.0
2019-01-12T00:55:00Z,3453.0
2019-01-12T01:00:00Z,3634.0
2019-01-12T01:05:00Z,4113.0
2019-01-12T01:10:00Z,3956.0
2019-01-12T01:15:00Z,3387.0
2019-01-12T01:20:00Z,2350.0
2019-01-12T01:25:00Z,2449.0
2019-01-12T01:30:00Z,2524.0
2019-01-12T01:35:00Z,3437.0
2019-01-12T01:40:00Z,2692.0
2019-01-12T01:45:00Z,2380.0
2019-01-12T01:50:00Z,2021.0
2019-01-12T01:55:00Z,2016.0
2019-01-12T02:00:00Z,2290.0
2019-01-12T02:05:00Z,2619.0
2019-01-12T02:10:00Z,2340.0
2019-01-12T02:15:00Z,2414.0
2019-01-12T02:20:00Z,3257.0
2019-01-12T02:25:00Z,5242.0
2019-01-12T02:30:00Z,2415.0
2019-01-12T02:35:00Z,2123.0
2019-01-12T02:40:00Z,1878.0
2019-01-12T02:45:00Z,2429.0
2019-01-12T02:50:00Z,2858.0
2019-01-12T02:55:00Z,3652.0
2019-01-12T03:00:00Z,4905.0
2019-01-12T03:05:00Z,2993.0
2019-01-12T03:10:00Z,1728.0
2019-01-12T03:15:00Z,1661.0
2019-01-12T03:20:00Z,1520.0
2019-01-12T03:25:00Z,1922.0
2019-01-12T03:30:00Z,1873.0
2019-01-12T03:35:00Z,1905.0
2019-01-12T03:40:00Z,1641.0
2019-01-12T03:45:00Z,1576.0
2019-01-12T03:50:00Z,1205.0
2019-01-12T03:55:00Z,1172.0
2019-01-12T04:00:00Z,1858.0
2019-01-12T04:05:00Z,3706.0
2019-01-12T04:10:00Z,2882.0
2019-01-12T04:15:00Z,1455.0
2019-01-12T04:20:00Z,1550.0
2019-01-12T04:25:00Z,1605.0
2019-01-12T04:30:00Z,1574.0
2019-01-12T04:35:00Z,1689.0
2019-01-12T04:40:00Z,1211.0
2019-01-12T04:45:00Z,1393.0
2019-01-12T04:50:00Z,1344.0
2019-01-12T04:55:00Z,1643.0
2019-01-12T05:00:00Z,2018.0
2019-01-12T05:05:00Z,1940.0
2019-01-12T05:10:00Z,1397.0
2019-01-12T05:15:00Z,1297.0
2019-01-12T05:20:00Z,1343.0
2019-01-12T05:25:00Z,1906.0
2019-01-12T05:30:00Z,2098.0
2019-01-12T05:35:00Z,1523.0
2019-01-12T05:40:00Z,1213.0
2019-01-12T05:45:00Z,1355.0
2019-01-12T05:50:00Z,1486.0
2019-01-12T05:55:00Z,3553.0
2019-01-12T06:00:00Z,2964.0
2019-01-12T06:05:00Z,4838.0
2019-01-12T06:10:00Z,5558.0
2019-01-12T06:15:00Z,2306.0
2019-01-12T06:20:00Z,1916.0
2019-01-12T06:25:00Z,1717.0
2019-01-12T06:30:00Z,1686.0
2019-01-12T06:35:00Z,2173.0
2019-01-12T06:40:00Z,1137.0
2019-01-12T06:45:00Z,894.0
2019-01-12T06:50:00Z,856.0
2019-01-12T06:55:00Z,1670.0
2019-01-12T07:00:00Z,2938.0
2019-01-12T07:05:00Z,3183.0
2019-01-12T07:10:00Z,2138.0
2019-01-12T07:15:00Z,2388.0
2019-01-12T07:20:00Z,1881.0
2019-01-12T07:25:00Z,1626.0
2019-01-12T07:30:00Z,1901.0
2019-01-12T07:35:00Z,4041.0
2019-01-12T07:40:00Z,3369.0
2019-01-12T07:45:00Z,2095.0
2019-01-12T07:50:00Z,1690.0
2019-01-12T07:55:00Z,1252.0
2019-01-12T08:00:00Z,1822.0
2019-01-12T08:05:00Z,1789.0
2019-01-12T08:10:00Z,1214.0
2019-01-12T08:15:00Z,1198.0
2019-01-12T08:20:00Z,1253.0
2019-01-12T08:25:00Z,1532.0
2019-01-12T08:30:00Z,1186.0
2019-01-12T08:35:00Z,1495.0
2019-01-12T08:40:00Z,1354.0
2019-01-12T08:45:00Z,1191.0
2019-01-12T08:50:00Z,1523.0
2019-01-12T08:55:00Z,963.0
2019-01-12T09:00:00Z,1895.0
2019-01-12T09:05:00Z,3657.0
2019-01-12T09:10:00Z,3953.0
2019-01-12T09:15:00Z,1877.0
2019-01-12T09:20:00Z,2399.0
2019-01-12T09:25:00Z,2007.0
2019-01-12T09:30:00Z,1865.0
2019-01-12T09:35:00Z,1589.0
2019-01-12T09:40:00Z,2803.0
2019-01-12T09:45:00Z,2189.0
2019-01-12T09:50:00Z,2106.0
2019-01-12T09:55:00Z,1734.0
2019-01-12T10:00:00Z,2336.0
2019-01-12T10:05:00Z,4740.0
2019-01-12T10:10:00Z,3396.0
2019-01-12T10:15:00Z,3286.0
2019-01-12T10:20:00Z,4070.0
2019-01-12T10:25:00Z,3573.0
2019-01-12T10:30:00Z,4081.0
2019-01-12T10:35:00Z,4972.0
2019-01-12T10:40:00Z,5303.0
2019-01-12T10:45:00Z,4924.0
2019-01-12T10:50:00Z,4518.0
2019-01-12T10:55:00Z,3911.0
2019-01-12T11:00:00Z,4390.0
2019-01-12T11:05:00Z,4076.0
2019-01-12T11:10:00Z,3390.0
2019-01-12T11:15:00Z,3124.0
2019-01-12T11:20:00Z,3252.0
2019-01-12T11:25:00Z,1848.0
2019-01-12T11:30:00Z,2055.0
2019-01-12T11:35:00Z,2268.0
2019-01-12T11:40:00Z,2107.0
2019-01-12T11:45:00Z,1826.0
2019-01-12T11:50:00Z,1813.0
2019-01-12T11:55:00Z,2406.0
2019-01-12T12:00:00Z,2986.0
2019-01-12T12:05:00Z,3280.0
2019-01-12T12:10:00Z,2283.0
2019-01-12T12:15:00Z,1907.0
2019-01-12T12:20:00Z,2283.0
2019-01-12T12:25:00Z,2185.0
2019-01-12T12:30:00Z,1885.0
2019-01-12T12:35:00Z,2614.0
2019-01-12T12:40:00Z,2322.0
2019-01-12T12:45:00Z,2602.0
2019-01-12T12:50:00Z,2018.0
2019-01-12T12:55:00Z,1831.0
2019-01-12T13:00:00Z,2930.0
2019-01-12T13:05:00Z,3867.0
2019-01-12T13:10:00Z,2869.0
2019-01-12T13:15:00Z,3115.0
2019-01-12T13:20:00Z,5089.0
2019-01-12T13:25:00Z,5529.0
2019-01-12T13:30:00Z,3984.0
2019-01-12T13:35:00Z,3080.0
2019-01-12T13:40:00Z,2122.0
2019-01-12T13:45:00Z,2116.0
2019-01-12T13:50:00Z,1762.0
2019-01-12T13:55:00Z,1597.0
2019-01-12T14:00:00Z,2519.0
2019-01-12T14:05:00Z,3278.0
2019-01-12T14:10:00Z,2909.0
2019-01-12T14:15:00Z,2470.0
2019-01-12T14:20:00Z,1786.0
2019-01-12T14:25:00Z,1755.0
2019-01-12T14:30:00Z,2297.0
2019-01-12T14:35:00Z,2357.0
2019-01-12T14:40:00Z,1881.0
2019-01-12T14:45:00Z,1797.0
2019-01-12T14:50:00Z,2796.0
2019-01-12T14:55:00Z,2222.0
2019-01-12T15:00:00Z,3482.0
2019-01-12T15:05:00Z,4219.0
2019-01-12T15:10:00Z,3203.0
2019-01-12T15:15:00Z,3116.0
2019-01-12T15:20:00Z,2520.0
2019-01-12T15:25:00Z,2180.0
2019-01-12T15:30:00Z,1888.0
2019-01-12T15:35:00Z,2263.0
2019-01-12T15:40:00Z,2223.0
2019-01-12T15:45:00Z,2087.0
2019-01-12T15:50:00Z,3535.0
2019-01-12T15:55:00Z,3282.0
2019-01-12T16:00:00Z,2867.0
2019-01-12T16:05:00Z,2897.0
2019-01-12T16:10:00Z,2573.0
2019-01-12T16:15:00Z,3814.0
2019-01-12T16:20:00Z,2622.0
2019-01-12T16:25:00Z,2216.0
2019-01-12T16:30:00Z,2410.0
2019-01-12T16:35:00Z,2648.0
2019-01-12T16:40:00Z,3018.0
2019-01-12T16:45:00Z,2951.0
2019-01-12T16:50:00Z,2306.0
2019-01-12T16:55:00Z,1636.0
2019-01-12T17:00:00Z,2643.0
2019-01-12T17:05:00Z,3513.0
2019-01-12T17:10:00Z,2250.0
2019-01-12T17:15:00Z,2287.0
2019-01-12T17:20:00Z,2079.0
2019-01-12T17:25:00Z,2801.0
2019-01-12T17:30:00Z,3216.0
2019-01-12T17:35:00Z,2027.0
2019-01-12T17:40:00Z,1903.0
2019-01-12T17:45:00Z,2795.0
2019-01-12T17:50:00Z,2222.0
2019-01-12T17:55:00Z,2240.0
2019-01-12T18:00:00Z,2919.0
2019-01-12T18:05:00Z,2403.0
2019-01-12T18:10:00Z,1711.0
2019-01-12T18:15:00Z,1718.0
2019-01-12T18:20:00Z,1737.0
2019-01-12T18:25:00Z,1703.0
2019-01-12T18:30:00Z,1712.0
2019-01-12T18:35:00Z,1811.0
2019-01-12T18:40:00Z,2958.0
2019-01-12T18:45:00Z,33557.0
2019-01-12T18:50:00Z,19096.0
2019-01-12T18:55:00Z,2015.0
2019-01-12T19:00:00Z,1448.0
2019-01-12T19:05:00Z,1898.0
2019-01-12T19:10:00Z,2096.0
2019-01-12T19:15:00Z,2040.0
2019-01-12T19:20:00Z,1691.0
2019-01-12T19:25:00Z,1744.0
2019-01-12T19:30:00Z,1509.0
2019-01-12T19:35:00Z,2101.0
2019-01-12T19:40:00Z,1774.0
2019-01-12T19:45:00Z,1562.0
2019-01-12T19:50:00Z,1476.0
2019-01-12T19:55:00Z,1496.0
2019-01-12T20:00:00Z,1876.0
2019-01-12T20:05:00Z,2585.0
2019-01-12T20:10:00Z,1583.0
2019-01-12T20:15:00Z,2148.0
2019-01-12T20:20:00Z,1689.0
2019-01-12T20:25:00Z,2518.0
2019-01-12T20:30:00Z,2030.0
2019-01-12T20:35:00Z,1920.0
2019-01-12T20:40:00Z,1508.0
2019-01-12T20:45:00Z,1817.0
2019-01-12T20:50:00Z,1509.0
2019-01-12T20:55:00Z,1831.0
2019-01-12T21:00:00Z,1772.0
2019-01-12T21:05:00Z,2180.0
2019-01-12T21:10:00Z,1592.0
2019-01-12T21:15:00Z,1648.0
2019-01-12T21:20:00Z,1529.0
2019-01-12T21:25:00Z,1484.0
2019-01-12T21:30:00Z,1348.0
2019-01-12T21:35:00Z,6049.0
2019-01-12T21:40:00Z,4446.0
2019-01-12T21:45:00Z,1665.0
2019-01-12T21:50:00Z,1473.0
2019-01-12T21:55:00Z,1389.0
2019-01-12T22:00:00Z,2285.0
2019-01-12T22:05:00Z,2987.0
2019-01-12T22:10:00Z,2149.0
2019-01-12T22:15:00Z,1501.0
2019-01-12T22:20:00Z,1887.0
2019-01-12T22:25:00Z,1893.0
2019-01-12T22:30:00Z,1789.0
2019-01-12T22:35:00Z,1762.0
2019-01-12T22:40:00Z,1357.0
2019-01-12T22:45:00Z,1492.0
2019-01-12T22:50:00Z,1797.0
2019-01-12T22:55:00Z,1508.0
2019-01-12T23:00:00Z,1861.0
2019-01-12T23:05:00Z,1818.0
2019-01-12T23:10:00Z,1828.0
2019-01-12T23:15:00Z,1585.0
2019-01-12T23:20:00Z,1756.0
2019-01-12T23:25:00Z,1388.0
2019-01-12T23:30:00Z,1648.0
2019-01-12T23:35:00Z,1515.0
2019-01-12T23:40:00Z,1351.0
2019-01-12T23:45:00Z,1527.0
2019-01-12T23:50:00Z,1635.0
2019-01-12T23:55:00Z,2548.0
2019-01-13T00:00:00Z,2561.0
2019-01-13T00:05:00Z,2020.0
2019-01-13T00:10:00Z,1749.0
2019-01-13T00:15:00Z,1592.0
2019-01-13T00:20:00Z,2030.0
2019-01-13T00:25:00Z,2114.0
2019-01-13T00:30:00Z,2231.0
2019-01-13T00:35:00Z,2017.0
2019-01-13T00:40:00Z,1739.0
2019-01-13T00:45:00Z,1666.0
2019-01-13T00:50:00Z,1817.0
2019-01-13T00:55:00Z,1578.0
2019-01-13T01:00:00Z,2110.0
2019-01-13T01:05:00Z,2286.0
2019-01-13T01:10:00Z,2079.0
2019-01-13T01:15:00Z,1831.0
2019-01-13T01:20:00Z,2479.0
2019-01-13T01:25:00Z,2029.0
2019-01-13T01:30:00Z,2164.0
2019-01-13T01:35:00Z,3048.0
2019-01-13T01:40:00Z,2399.0
2019-01-13T01:45:00Z,2242.0
2019-01-13T01:50:00Z,1479.0
2019-01-13T01:55:00Z,1583.0
2019-01-13T02:00:00Z,1731.0
2019-01-13T02:05:00Z,1494.0
2019-01-13T02:10:00Z,1820.0
2019-01-13T02:15:00Z,1487.0
2019-01-13T02:20:00Z,1972.0
2019-01-13T02:25:00Z,1315.0
2019-01-13T02:30:00Z,1555.0
2019-01-13T02:35:00Z,1264.0
2019-01-13T02:40:00Z,1221.0
2019-01-13T02:45:00Z,1411.0
2019-01-13T02:50:00Z,1360.0
2019-01-13T02:55:00Z,869.0
2019-01-13T03:00:00Z,1162.0
2019-01-13T03:05:00Z,1603.0
2019-01-13T03:10:00Z,1218.0
2019-01-13T03:15:00Z,1079.0
2019-01-13T03:20:00Z,861.0
2019-01-13T03:25:00Z,1401.0
2019-01-13T03:30:00Z,1089.0
2019-01-13T03:35:00Z,1023.0
2019-01-13T03:40:00Z,852.0
2019-01-13T03:45:00Z,887.0
2019-01-13T03:50:00Z,1000.0
2019-01-13T03:55:00Z,848.0
2019-01-13T04:00:00Z,1333.0
2019-01-13T04:05:00Z,1420.0
2019-01-13T04:10:00Z,1023.0
2019-01-13T04:15:00Z,926.0
2019-01-13T04:20:00Z,1170.0
2019-01-13T04:25:00Z,1106.0
2019-01-13T04:30:00Z,1022.0
2019-01-13T04:35:00Z,1326.0
2019-01-13T04:40:00Z,1045.0
2019-01-13T04:45:00Z,870.0
2019-01-13T04:50:00Z,1016.0
2019-01-13T04:55:00Z,1098.0
2019-01-13T05:00:00Z,1881.0
2019-01-13T05:05:00Z,1752.0
2019-01-13T05:10:00Z,1992.0
2019-01-13T05:15:00Z,2212.0
2019-01-13T05:20:00Z,1093.0
2019-01-13T05:25:00Z,945.0
2019-01-13T05:30:00Z,1737.0
2019-01-13T05:35:00Z,1473.0
2019-01-13T05:40:00Z,931.0
2019-01-13T05:45:00Z,1095.0
2019-01-13T05:50:00Z,1241.0
2019-01-13T05:55:00Z,1726.0
2019-01-13T06:00:00Z,1970.0
2019-01-13T06:05:00Z,3338.0
2019-01-13T06:10:00Z,5927.0
2019-01-13T06:15:00Z,1434.0
2019-01-13T06:20:00Z,1184.0
2019-01-13T06:25:00Z,1311.0
2019-01-13T06:30:00Z,1274.0
2019-01-13T06:35:00Z,946.0
2019-01-13T06:40:00Z,943.0
2019-01-13T06:45:00Z,791.0
2019-01-13T06:50:00Z,838.0
2019-01-13T06:55:00Z,995.0
2019-01-13T07:00:00Z,1789.0
2019-01-13T07:05:00Z,3199.0
2019-01-13T07:10:00Z,1997.0
2019-01-13T07:15:00Z,2707.0
2019-01-13T07:20:00Z,2177.0
2019-01-13T07:25:00Z,2682.0
2019-01-13T07:30:00Z,3510.0
2019-01-13T07:35:00Z,2805.0
2019-01-13T07:40:00Z,2077.0
2019-01-13T07:45:00Z,712.0
2019-01-13T07:50:00Z,627.0
2019-01-13T07:55:00Z,549.0
2019-01-13T08:00:00Z,1872.0
2019-01-13T08:05:00Z,1526.0
2019-01-13T08:10:00Z,1082.0
2019-01-13T08:15:00Z,838.0
2019-01-13T08:20:00Z,1060.0
2019-01-13T08:25:00Z,1173.0
2019-01-13T08:30:00Z,689.0
2019-01-13T08:35:00Z,819.0
2019-01-13T08:40:00Z,762.0
2019-01-13T08:45:00Z,817.0
2019-01-13T08:50:00Z,2056.0
2019-01-13T08:55:00Z,1330.0
2019-01-13T09:00:00Z,1712.0
2019-01-13T09:05:00Z,2396.0
2019-01-13T09:10:00Z,2237.0
2019-01-13T09:15:00Z,1845.0
2019-01-13T09:20:00Z,1771.0
2019-01-13T09:25:00Z,1316.0
2019-01-13T09:30:00Z,895.0
2019-01-13T09:35:00Z,831.0
2019-01-13T09:40:00Z,2119.0
2019-01-13T09:45:00Z,1679.0
2019-01-13T09:50:00Z,1848.0
2019-01-13T09:55:00Z,2465.0
2019-01-13T10:00:00Z,2702.0
2019-01-13T10:05:00Z,5629.0
2019-01-13T10:10:00Z,6231.0
2019-01-13T10:15:00Z,6206.0
2019-01-13T10:20:00Z,3653.0
2019-01-13T10:25:00Z,1684.0
2019-01-13T10:30:00Z,1242.0
2019-01-13T10:35:00Z,1696.0
2019-01-13T10:40:00Z,2534.0
2019-01-13T10:45:00Z,3676.0
2019-01-13T10:50:00Z,2625.0
2019-01-13T10:55:00Z,1839.0
2019-01-13T11:00:00Z,3057.0
2019-01-13T11:05:00Z,3330.0
2019-01-13T11:10:00Z,1664.0
2019-01-13T11:15:00Z,1602.0
2019-01-13T11:20:00Z,2109.0
2019-01-13T11:25:00Z,1561.0
2019-01-13T11:30:00Z,1637.0
2019-01-13T11:35:00Z,1814.0
2019-01-13T11:40:00Z,1841.0
2019-01-13T11:45:00Z,1317.0
2019-01-13T11:50:00Z,1316.0
2019-01-13T11:55:00Z,1236.0
2019-01-13T12:00:00Z,1583.0
2019-01-13T12:05:00Z,2478.0
2019-01-13T12:10:00Z,1376.0
2019-01-13T12:15:00Z,1417.0
2019-01-13T12:20:00Z,1220.0
2019-01-13T12:25:00Z,1655.0
2019-01-13T12:30:00Z,1707.0
2019-01-13T12:35:00Z,1632.0
2019-01-13T12:40:00Z,1548.0
2019-01-13T12:45:00Z,1247.0
2019-01-13T12:50:00Z,1227.0
2019-01-13T12:55:00Z,1047.0
2019-01-13T13:00:00Z,1885.0
2019-01-13T13:05:00Z,1936.0
2019-01-13T13:10:00Z,1090.0
2019-01-13T13:15:00Z,1470.0
2019-01-13T13:20:00Z,3340.0
2019-01-13T13:25:00Z,2851.0
2019-01-13T13:30:00Z,2035.0
2019-01-13T13:35:00Z,1453.0
2019-01-13T13:40:00Z,1796.0
2019-01-13T13:45:00Z,1251.0
2019-01-13T13:50:00Z,1110.0
2019-01-13T13:55:00Z,1158.0
2019-01-13T14:00:00Z,1618.0
2019-01-13T14:05:00Z,2071.0
2019-01-13T14:10:00Z,1410.0
2019-01-13T14:15:00Z,1529.0
2019-01-13T14:20:00Z,4885.0
2019-01-13T14:25:00Z,11028.0
2019-01-13T14:30:00Z,1147.0
2019-01-13T14:35:00Z,1140.0
2019-01-13T14:40:00Z,1432.0
2019-01-13T14:45:00Z,1386.0
2019-01-13T14:50:00Z,1424.0
2019-01-13T14:55:00Z,1806.0
2019-01-13T15:00:00Z,1516.0
2019-01-13T15:05:00Z,2366.0
2019-01-13T15:10:00Z,2163.0
2019-01-13T15:15:00Z,1788.0
2019-01-13T15:20:00Z,1741.0
2019-01-13T15:25:00Z,1702.0
2019-01-13T15:30:00Z,1374.0
2019-01-13T15:35:00Z,1232.0
2019-01-13T15:40:00Z,1642.0
2019-01-13T15:45:00Z,1565.0
2019-01-13T15:50:00Z,1383.0
2019-01-13T15:55:00Z,1329.0
2019-01-13T16:00:00Z,2193.0
2019-01-13T16:05:00Z,3544.0
2019-01-13T16:10:00Z,2031.0
2019-01-13T16:15:00Z,1942.0
2019-01-13T16:20:00Z,2265.0
2019-01-13T16:25:00Z,3314.0
2019-01-13T16:30:00Z,1364.0
2019-01-13T16:35:00Z,1648.0
2019-01-13T16:40:00Z,1590.0
2019-01-13T16:45:00Z,1885.0
2019-01-13T16:50:00Z,1479.0
2019-01-13T16:55:00Z,1282.0
2019-01-13T17:00:00Z,1808.0
2019-01-13T17:05:00Z,2577.0
2019-01-13T17:10:00Z,2453.0
2019-01-13T17:15:00Z,1808.0
2019-01-13T17:20:00Z,2063.0
2019-01-13T17:25:00Z,3822.0
2019-01-13T17:30:00Z,1605.0
2019-01-13T17:35:00Z,1810.0
2019-01-13T17:40:00Z,2817.0
2019-01-13T17:45:00Z,1672.0
2019-01-13T17:50:00Z,1685.0
2019-01-13T17:55:00Z,1189.0
2019-01-13T18:00:00Z,2023.0
2019-01-13T18:05:00Z,2469.0
2019-01-13T18:10:00Z,1304.0
2019-01-13T18:15:00Z,1323.0
2019-01-13T18:20:00Z,1439.0
2019-01-13T18:25:00Z,1943.0
2019-01-13T18:30:00Z,1868.0
2019-01-13T18:35:00Z,1662.0
2019-01-13T18:40:00Z,1209.0
2019-01-13T18:45:00Z,3608.0
2019-01-13T18:50:00Z,3446.0
2019-01-13T18:55:00Z,1416.0
2019-01-13T19:00:00Z,2882.0
2019-01-13T19:05:00Z,2311.0
2019-01-13T19:10:00Z,1945.0
2019-01-13T19:15:00Z,1941.0
2019-01-13T19:20:00Z,2848.0
2019-01-13T19:25:00Z,1745.0
2019-01-13T19:30:00Z,2752.0
2019-01-13T19:35:00Z,1546.0
2019-01-13T19:40:00Z,1518.0
2019-01-13T19:45:00Z,1617.0
2019-01-13T19:50:00Z,1682.0
2019-01-13T19:55:00Z,1543.0
2019-01-13T20:00:00Z,1802.0
2019-01-13T20:05:00Z,1910.0
2019-01-13T20:10:00Z,1378.0
2019-01-13T20:15:00Z,1743.0
2019-01-13T20:20:00Z,1258.0
2019-01-13T20:25:00Z,1310.0
2019-01-13T20:30:00Z,1301.0
2019-01-13T20:35:00Z,1575.0
2019-01-13T20:40:00Z,1472.0
2019-01-13T20:45:00Z,1270.0
2019-01-13T20:50:00Z,1599.0
2019-01-13T20:55:00Z,1682.0
2019-01-13T21:00:00Z,1764.0
2019-01-13T21:05:00Z,1871.0
2019-01-13T21:10:00Z,1554.0
2019-01-13T21:15:00Z,1896.0
2019-01-13T21:20:00Z,2051.0
2019-01-13T21:25:00Z,1552.0
2019-01-13T21:30:00Z,1550.0
2019-01-13T21:35:00Z,2225.0
2019-01-13T21:40:00Z,1907.0
2019-01-13T21:45:00Z,1570.0
2019-01-13T21:50:00Z,1344.0
2019-01-13T21:55:00Z,1500.0
2019-01-13T22:00:00Z,1888.0
2019-01-13T22:05:00Z,1566.0
2019-01-13T22:10:00Z,2988.0
2019-01-13T22:15:00Z,2702.0
2019-01-13T22:20:00Z,1529.0
2019-01-13T22:25:00Z,1751.0
2019-01-13T22:30:00Z,3170.0
2019-01-13T22:35:00Z,1807.0
2019-01-13T22:40:00Z,1218.0
2019-01-13T22:45:00Z,1343.0
2019-01-13T22:50:00Z,1234.0
2019-01-13T22:55:00Z,1099.0
2019-01-13T23:00:00Z,1684.0
2019-01-13T23:05:00Z,2068.0
2019-01-13T23:10:00Z,1641.0
2019-01-13T23:15:00Z,1987.0
2019-01-13T23:20:00Z,1868.0
2019-01-13T23:25:00Z,1916.0
2019-01-13T23:30:00Z,1374.0
2019-01-13T23:35:00Z,1364.0
2019-01-13T23:40:00Z,1487.0
2019-01-13T23:45:00Z,1589.0
2019-01-13T23:50:00Z,1483.0
2019-01-13T23:55:00Z,1213.0
2019-01-14T00:00:00Z,2237.0
2019-01-14T00:05:00Z,2130.0
2019-01-14T00:10:00Z,1817.0
2019-01-14T00:15:00Z,1622.0
2019-01-14T00:20:00Z,2094.0
2019-01-14T00:25:00Z,2053.0
2019-01-14T00:30:00Z,1696.0
2019-01-14T00:35:00Z,1984.0
2019-01-14T00:40:00Z,1616.0
2019-01-14T00:45:00Z,1400.0
2019-01-14T00:50:00Z,1381.0
2019-01-14T00:55:00Z,1574.0
2019-01-14T01:00:00Z,2466.0
2019-01-14T01:05:00Z,5466.0
2019-01-14T01:10:00Z,1474.0
2019-01-14T01:15:00Z,1694.0
2019-01-14T01:20:00Z,1536.0
2019-01-14T01:25:00Z,2053.0
2019-01-14T01:30:00Z,1646.0
2019-01-14T01:35:00Z,1722.0
2019-01-14T01:40:00Z,1954.0
2019-01-14T01:45:00Z,1559.0
2019-01-14T01:50:00Z,1729.0
2019-01-14T01:55:00Z,2957.0
2019-01-14T02:00:00Z,1928.0
2019-01-14T02:05:00Z,2058.0
2019-01-14T02:10:00Z,1536.0
2019-01-14T02:15:00Z,1697.0
2019-01-14T02:20:00Z,1776.0
2019-01-14T02:25:00Z,1304.0
2019-01-14T02:30:00Z,1762.0
2019-01-14T02:35:00Z,1847.0
2019-01-14T02:40:00Z,1512.0
2019-01-14T02:45:00Z,1361.0
2019-01-14T02:50:00Z,1214.0
2019-01-14T02:55:00Z,1280.0
2019-01-14T03:00:00Z,1847.0
2019-01-14T03:05:00Z,1576.0
2019-01-14T03:10:00Z,1555.0
2019-01-14T03:15:00Z,1625.0
2019-01-14T03:20:00Z,1457.0
2019-01-14T03:25:00Z,2503.0
2019-01-14T03:30:00Z,11125.0
2019-01-14T03:35:00Z,1412.0
2019-01-14T03:40:00Z,1188.0
2019-01-14T03:45:00Z,1298.0
2019-01-14T03:50:00Z,1347.0
2019-01-14T03:55:00Z,898.0
2019-01-14T04:00:00Z,1654.0
2019-01-14T04:05:00Z,2052.0
2019-01-14T04:10:00Z,1507.0
2019-01-14T04:15:00Z,1315.0
2019-01-14T04:20:00Z,1321.0
2019-01-14T04:25:00Z,1311.0
2019-01-14T04:30:00Z,1593.0
2019-01-14T04:35:00Z,2047.0
2019-01-14T04:40:00Z,1245.0
2019-01-14T04:45:00Z,1428.0
2019-01-14T04:50:00Z,1250.0
2019-01-14T04:55:00Z,1236.0
2019-01-14T05:00:00Z,1917.0
2019-01-14T05:05:00Z,2115.0
2019-01-14T05:10:00Z,1780.0
2019-01-14T05:15:00Z,1850.0
2019-01-14T05:20:00Z,1679.0
2019-01-14T05:25:00Z,1435.0
2019-01-14T05:30:00Z,2004.0
2019-01-14T05:35:00Z,1350.0
2019-01-14T05:40:00Z,1025.0
2019-01-14T05:45:00Z,1139.0
2019-01-14T05:50:00Z,1001.0
2019-01-14T05:55:00Z,1606.0
2019-01-14T06:00:00Z,2786.0
2019-01-14T06:05:00Z,4361.0
2019-01-14T06:10:00Z,7946.0
2019-01-14T06:15:00Z,2995.0
2019-01-14T06:20:00Z,1884.0
2019-01-14T06:25:00Z,1153.0
2019-01-14T06:30:00Z,1015.0
2019-01-14T06:35:00Z,1227.0
2019-01-14T06:40:00Z,1136.0
2019-01-14T06:45:00Z,939.0
2019-01-14T06:50:00Z,1173.0
2019-01-14T06:55:00Z,891.0
2019-01-14T07:00:00Z,1848.0
2019-01-14T07:05:00Z,3414.0
2019-01-14T07:10:00Z,1075.0
2019-01-14T07:15:00Z,1466.0
2019-01-14T07:20:00Z,1744.0
2019-01-14T07:25:00Z,1287.0
2019-01-14T07:30:00Z,1136.0
2019-01-14T07:35:00Z,1078.0
2019-01-14T07:40:00Z,1051.0
2019-01-14T07:45:00Z,1360.0
2019-01-14T07:50:00Z,2395.0
2019-01-14T07:55:00Z,1586.0
2019-01-14T08:00:00Z,2986.0
2019-01-14T08:05:00Z,2402.0
2019-01-14T08:10:00Z,2785.0
2019-01-14T08:15:00Z,4049.0
2019-01-14T08:20:00Z,3911.0
2019-01-14T08:25:00Z,4184.0
2019-01-14T08:30:00Z,3525.0
2019-01-14T08:35:00Z,1771.0
2019-01-14T08:40:00Z,2016.0
2019-01-14T08:45:00Z,1345.0
2019-01-14T08:50:00Z,1914.0
2019-01-14T08:55:00Z,1436.0
2019-01-14T09:00:00Z,3259.0
2019-01-14T09:05:00Z,4520.0
2019-01-14T09:10:00Z,3746.0
2019-01-14T09:15:00Z,6774.0
2019-01-14T09:20:00Z,5887.0
2019-01-14T09:25:00Z,4840.0
2019-01-14T09:30:00Z,3109.0
2019-01-14T09:35:00Z,2765.0
2019-01-14T09:40:00Z,3749.0
2019-01-14T09:45:00Z,3094.0
2019-01-14T09:50:00Z,2966.0
2019-01-14T09:55:00Z,2744.0
2019-01-14T10:00:00Z,4062.0
2019-01-14T10:05:00Z,9492.0
2019-01-14T10:10:00Z,3901.0
2019-01-14T10:15:00Z,3633.0
2019-01-14T10:20:00Z,2832.0
2019-01-14T10:25:00Z,2593.0
2019-01-14T10:30:00Z,2740.0
2019-01-14T10:35:00Z,3560.0
2019-01-14T10:40:00Z,3846.0
2019-01-14T10:45:00Z,4002.0
2019-01-14T10:50:00Z,3634.0
2019-01-14T10:55:00Z,3108.0
2019-01-14T11:00:00Z,5506.0
2019-01-14T11:05:00Z,5954.0
2019-01-14T11:10:00Z,5281.0
2019-01-14T11:15:00Z,4242.0
2019-01-14T11:20:00Z,3567.0
2019-01-14T11:25:00Z,4272.0
2019-01-14T11:30:00Z,4493.0
2019-01-14T11:35:00Z,5084.0
2019-01-14T11:40:00Z,4525.0
2019-01-14T11:45:00Z,5311.0
2019-01-14T11:50:00Z,11660.0
2019-01-14T11:55:00Z,5202.0
2019-01-14T12:00:00Z,6469.0
2019-01-14T12:05:00Z,8295.0
2019-01-14T12:10:00Z,7152.0
2019-01-14T12:15:00Z,6587.0
2019-01-14T12:20:00Z,8154.0
2019-01-14T12:25:00Z,7158.0
2019-01-14T12:30:00Z,6148.0
2019-01-14T12:35:00Z,8762.0
2019-01-14T12:40:00Z,9467.0
2019-01-14T12:45:00Z,9782.0
2019-01-14T12:50:00Z,9747.0
2019-01-14T12:55:00Z,10143.0
2019-01-14T13:00:00Z,12389.0
2019-01-14T13:05:00Z,17424.0
2019-01-14T13:10:00Z,13228.0
2019-01-14T13:15:00Z,11778.0
2019-01-14T13:20:00Z,12395.0
2019-01-14T13:25:00Z,11815.0
2019-01-14T13:30:00Z,13657.0
2019-01-14T13:35:00Z,11365.0
2019-01-14T13:40:00Z,12514.0
2019-01-14T13:45:00Z,13684.0
2019-01-14T13:50:00Z,14829.0
2019-01-14T13:55:00Z,15187.0
2019-01-14T14:00:00Z,15543.0
2019-01-14T14:05:00Z,17174.0
2019-01-14T14:10:00Z,14544.0
2019-01-14T14:15:00Z,14793.0
2019-01-14T14:20:00Z,16161.0
2019-01-14T14:25:00Z,16714.0
2019-01-14T14:30:00Z,21551.0
2019-01-14T14:35:00Z,19345.0
2019-01-14T14:40:00Z,16603.0
2019-01-14T14:45:00Z,19681.0
2019-01-14T14:50:00Z,19871.0
2019-01-14T14:55:00Z,19294.0
2019-01-14T15:00:00Z,18928.0
2019-01-14T15:05:00Z,24708.0
2019-01-14T15:10:00Z,19385.0
2019-01-14T15:15:00Z,18517.0
2019-01-14T15:20:00Z,18855.0
2019-01-14T15:25:00Z,19392.0
2019-01-14T15:30:00Z,17726.0
2019-01-14T15:35:00Z,18121.0
2019-01-14T15:40:00Z,17451.0
2019-01-14T15:45:00Z,19935.0
2019-01-14T15:50:00Z,22284.0
2019-01-14T15:55:00Z,26189.0
2019-01-14T16:00:00Z,22241.0
2019-01-14T16:05:00Z,21817.0
2019-01-14T16:10:00Z,17594.0
2019-01-14T16:15:00Z,23822.0
2019-01-14T16:20:00Z,29957.0
2019-01-14T16:25:00Z,18176.0
2019-01-14T16:30:00Z,17534.0
2019-01-14T16:35:00Z,20615.0
2019-01-14T16:40:00Z,21317.0
2019-01-14T16:45:00Z,22225.0
2019-01-14T16:50:00Z,17713.0
2019-01-14T16:55:00Z,19822.0
2019-01-14T17:00:00Z,24067.0
2019-01-14T17:05:00Z,20450.0
2019-01-14T17:10:00Z,18527.0
2019-01-14T17:15:00Z,22563.0
2019-01-14T17:20:00Z,18164.0
2019-01-14T17:25:00Z,18762.0
2019-01-14T17:30:00Z,17626.0
2019-01-14T17:35:00Z,21110.0
2019-01-14T17:40:00Z,24347.0
2019-01-14T17:45:00Z,19162.0
2019-01-14T17:50:00Z,21074.0
2019-01-14T17:55:00Z,21037.0
2019-01-14T18:00:00Z,21909.0
2019-01-14T18:05:00Z,18369.0
2019-01-14T18:10:00Z,20363.0
2019-01-14T18:15:00Z,19841.0
2019-01-14T18:20:00Z,21886.0
2019-01-14T18:25:00Z,28019.0
2019-01-14T18:30:00Z,46400.0
2019-01-14T18:35:00Z,35785.0
2019-01-14T18:40:00Z,21546.0
2019-01-14T18:45:00Z,21142.0
2019-01-14T18:50:00Z,20374.0
2019-01-14T18:55:00Z,23338.0
2019-01-14T19:00:00Z,20731.0
2019-01-14T19:05:00Z,21425.0
2019-01-14T19:10:00Z,20368.0
2019-01-14T19:15:00Z,17479.0
2019-01-14T19:20:00Z,17580.0
2019-01-14T19:25:00Z,21075.0
2019-01-14T19:30:00Z,23886.0
2019-01-14T19:35:00Z,21295.0
2019-01-14T19:40:00Z,22633.0
2019-01-14T19:45:00Z,20801.0
2019-01-14T19:50:00Z,22429.0
2019-01-14T19:55:00Z,22707.0
2019-01-14T20:00:00Z,22371.0
2019-01-14T20:05:00Z,21050.0
2019-01-14T20:10:00Z,19514.0
2019-01-14T20:15:00Z,18972.0
2019-01-14T20:20:00Z,20682.0
2019-01-14T20:25:00Z,19322.0
2019-01-14T20:30:00Z,20731.0
2019-01-14T20:35:00Z,19989.0
2019-01-14T20:40:00Z,20693.0
2019-01-14T20:45:00Z,20794.0
2019-01-14T20:50:00Z,20276.0
2019-01-14T20:55:00Z,24123.0
2019-01-14T21:00:00Z,21937.0
2019-01-14T21:05:00Z,19489.0
2019-01-14T21:10:00Z,20791.0
2019-01-14T21:15:00Z,17647.0
2019-01-14T21:20:00Z,18947.0
2019-01-14T21:25:00Z,21383.0
2019-01-14T21:30:00Z,24615.0
2019-01-14T21:35:00Z,20979.0
2019-01-14T21:40:00Z,18159.0
2019-01-14T21:45:00Z,14962.0
2019-01-14T21:50:00Z,19463.0
2019-01-14T21:55:00Z,18788.0
2019-01-14T22:00:00Z,18011.0
2019-01-14T22:05:00Z,18368.0
2019-01-14T22:10:00Z,17075.0
2019-01-14T22:15:00Z,15429.0
2019-01-14T22:20:00Z,13938.0
2019-01-14T22:25:00Z,15166.0
2019-01-14T22:30:00Z,15933.0
2019-01-14T22:35:00Z,16830.0
2019-01-14T22:40:00Z,15856.0
2019-01-14T22:45:00Z,16166.0
2019-01-14T22:50:00Z,14863.0
2019-01-14T22:55:00Z,14715.0
2019-01-14T23:00:00Z,15102.0
2019-01-14T23:05:00Z,15423.0
2019-01-14T23:10:00Z,12103.0
2019-01-14T23:15:00Z,11890.0
2019-01-14T23:20:00Z,12122.0
2019-01-14T23:25:00Z,11828.0
2019-01-14T23:30:00Z,12529.0
2019-01-14T23:35:00Z,12228.0
2019-01-14T23:40:00Z,12108.0
2019-01-14T23:45:00Z,10595.0
2019-01-14T23:50:00Z,9646.0
2019-01-14T23:55:00Z,10048.0
